1;supply_node;4812.00;9.58;2165.00;-1.57;0
1;arms_factory;4808.00;9.59;2163.00;-1.57;0
1;arms_factory;4808.00;9.58;2159.00;-1.57;0
1;arms_factory;4802.00;9.59;2162.00;-1.57;0
1;arms_factory;4811.00;9.58;2163.00;-1.57;0
1;arms_factory;4803.00;9.59;2157.00;-1.57;0
1;arms_factory;4798.00;9.59;2164.00;-1.57;0
1;industrial_complex;4789.00;9.59;2160.00;-1.57;0
1;industrial_complex;4793.00;9.58;2165.00;-1.57;0
1;industrial_complex;4800.00;9.58;2171.00;-1.57;0
1;industrial_complex;4813.00;9.57;2160.00;-1.57;0
1;industrial_complex;4810.00;9.58;2159.00;-1.57;0
1;industrial_complex;4801.00;9.58;2169.00;-1.57;0
1;air_base;4813.00;9.59;2167.00;-1.57;0
1;bunker;4804.00;9.59;2166.00;-1.57;0
1;anti_air_building;4798.00;9.58;2160.00;-1.57;0
1;anti_air_building;4811.00;9.57;2159.00;-1.57;0
1;anti_air_building;4811.00;9.57;2156.00;-1.57;0
1;synthetic_refinery;4794.00;9.59;2156.00;-1.57;0
1;nuclear_reactor_spawn;4812.00;9.58;2162.00;-1.57;0
1;rocket_site_spawn;4811.00;9.59;2169.00;-1.57;0
1;radar_station;4814.00;9.59;2168.00;-1.57;0
1;fuel_silo;4799.00;9.59;2166.00;-1.57;0
1;stronghold_network;4798.00;9.58;2161.00;-1.57;0
1;special_project_facility_spawn;4804.00;9.59;2162.00;-1.57;0
4;floating_harbor;2808.00;9.93;437.00;-1.57;0
5;floating_harbor;2946.00;9.69;1682.00;-1.57;0
6;floating_harbor;3580.00;9.84;2291.00;-1.57;0
7;floating_harbor;2506.00;9.71;1039.00;-1.57;0
8;floating_harbor;4321.00;9.85;1596.00;-1.57;0
10;floating_harbor;3107.00;10.18;1299.00;-1.57;0
11;floating_harbor;2506.00;9.89;1545.00;-1.57;0
19;floating_harbor;2939.00;9.91;1474.00;-1.57;0
20;floating_harbor;2553.00;9.51;1817.00;-1.57;0
33;floating_harbor;3525.00;9.58;1333.00;-1.57;0
34;supply_node;4569.00;10.15;2260.00;-1.57;0
34;arms_factory;4587.00;10.02;2244.00;-1.57;0
34;arms_factory;4573.00;10.03;2229.00;-1.57;0
34;arms_factory;4566.00;9.90;2239.00;-1.57;0
34;arms_factory;4568.00;10.01;2247.00;-1.57;0
34;arms_factory;4579.00;10.14;2238.00;-1.57;0
34;arms_factory;4576.00;10.16;2237.00;-1.57;0
34;industrial_complex;4589.00;10.21;2273.00;-1.57;0
34;industrial_complex;4567.00;9.90;2239.00;-1.57;0
34;industrial_complex;4610.00;11.84;2266.00;-1.57;0
34;industrial_complex;4578.00;10.34;2254.00;-1.57;0
34;industrial_complex;4555.00;9.79;2253.00;-1.57;0
34;industrial_complex;4566.00;9.95;2245.00;-1.57;0
34;air_base;4581.00;10.36;2255.00;-1.57;0
34;bunker;4584.00;10.07;2240.00;-1.57;0
34;anti_air_building;4561.00;9.88;2265.00;-1.57;0
34;anti_air_building;4573.00;10.07;2235.00;-1.57;0
34;anti_air_building;4585.00;10.06;2271.00;-1.57;0
34;synthetic_refinery;4569.00;9.88;2266.00;-1.57;0
34;nuclear_reactor_spawn;4582.00;10.77;2259.00;-1.57;0
34;rocket_site_spawn;4593.00;10.76;2257.00;-1.57;0
34;radar_station;4563.00;9.94;2251.00;-1.57;0
34;fuel_silo;4568.00;10.23;2258.00;-1.57;0
34;stronghold_network;4599.00;10.87;2264.00;-1.57;0
34;special_project_facility_spawn;4578.00;10.36;2264.00;-1.57;0
35;floating_harbor;2742.00;9.92;1742.00;-1.57;0
36;floating_harbor;3374.00;9.62;1376.00;-1.57;0
37;floating_harbor;2960.00;9.73;426.00;-1.57;0
42;floating_harbor;3693.00;10.03;1211.00;-1.57;0
46;floating_harbor;3055.00;9.62;1518.00;-1.57;0
47;floating_harbor;3157.00;9.98;1164.00;-1.57;0
53;floating_harbor;4124.00;9.95;2450.00;-1.57;0
54;floating_harbor;4964.00;9.50;2050.00;-1.57;0
55;floating_harbor;3565.00;10.92;2199.00;-1.57;0
58;floating_harbor;3549.00;9.79;1331.00;-1.57;0
62;floating_harbor;2879.00;9.98;2136.00;-1.57;0
63;floating_harbor;3656.00;9.60;2254.00;-1.57;0
65;floating_harbor;2323.00;9.53;1336.00;-1.57;0
71;floating_harbor;4881.00;9.50;2047.00;-1.57;0
72;floating_harbor;3291.00;9.64;1213.00;-1.57;0
73;floating_harbor;3377.00;9.68;1287.00;-1.57;0
78;floating_harbor;4699.00;9.58;2036.00;-1.57;0
79;floating_harbor;3199.00;9.60;2238.00;-1.57;0
83;floating_harbor;3104.00;9.98;875.00;-1.57;0
84;floating_harbor;3022.00;9.60;1419.00;-1.57;0
94;floating_harbor;2887.00;9.74;396.00;-1.57;0
95;floating_harbor;2848.00;9.66;1614.00;-1.57;0
96;floating_harbor;3671.00;9.58;2327.00;-1.57;0
97;floating_harbor;3049.00;9.57;1504.00;-1.57;0
101;floating_harbor;3246.00;9.88;1061.00;-1.57;0
105;floating_harbor;4481.00;9.79;1921.00;-1.57;0
107;floating_harbor;4264.00;10.35;1643.00;-1.57;0
113;floating_harbor;2798.00;11.35;2264.00;-1.57;0
122;floating_harbor;4525.00;9.52;2351.00;-1.57;0
123;floating_harbor;4024.00;9.57;994.00;-1.57;0
125;floating_harbor;3377.00;9.63;2267.00;-1.57;0
128;floating_harbor;4205.00;9.52;1334.00;-1.57;0
132;floating_harbor;3568.00;9.78;2339.00;-1.57;0
138;floating_harbor;3273.00;9.69;1119.00;-1.57;0
140;floating_harbor;4470.00;9.54;2355.00;-1.57;0
142;floating_harbor;2902.00;9.94;2161.00;-1.57;0
144;floating_harbor;3978.00;9.58;1025.00;-1.57;0
146;floating_harbor;2728.00;9.60;652.00;-1.57;0
147;floating_harbor;5066.00;9.50;2171.00;-1.57;0
148;floating_harbor;4935.00;9.50;2301.00;-1.57;0
149;floating_harbor;2868.00;10.18;2187.00;-1.57;0
149;naval_base_spawn;2691.00;9.50;997.00;0.11;2339
41;naval_base_spawn;2665.00;9.50;1030.00;-0.97;2339
148;naval_base_spawn;2630.00;9.50;1033.00;0.21;2339
33;naval_base_spawn;2725.00;9.50;871.00;-0.79;2339
115;naval_base_spawn;2742.00;10.03;757.00;-1.19;2498
122;naval_base_spawn;2762.00;9.50;543.00;-1.47;2550
122;naval_base_spawn;2745.00;9.50;615.00;-1.43;2498
122;naval_base_spawn;2738.00;9.50;633.00;-1.27;2498
122;naval_base_spawn;2757.00;9.50;593.00;-1.57;2498
122;naval_base_spawn;2778.00;9.50;497.00;-0.93;2550
79;naval_base_spawn;3005.00;9.50;487.00;-4.59;2344
79;naval_base_spawn;2872.00;9.50;395.00;0.32;2527
79;naval_base_spawn;2755.00;9.50;583.00;-2.57;2498
79;naval_base_spawn;2838.00;9.53;385.00;0.32;2527
79;naval_base_spawn;2980.00;9.60;450.00;0.51;2422
79;naval_base_spawn;2950.00;9.50;416.00;0.98;2422
79;naval_base_spawn;2807.00;9.68;440.00;-0.79;2550
79;naval_base_spawn;2896.00;9.50;394.00;-0.14;2527
79;naval_base_spawn;2904.00;9.78;396.00;-0.06;2527
79;naval_base_spawn;2954.00;9.73;420.00;0.76;2422
79;naval_base_spawn;2912.00;9.50;395.00;0.20;2527
121;naval_base_spawn;3037.00;9.50;554.00;0.67;2344
121;naval_base_spawn;3047.00;9.50;639.00;-4.66;2344
121;naval_base_spawn;3016.00;9.60;525.00;0.19;2344
121;naval_base_spawn;3054.00;9.55;598.00;1.41;2344
121;naval_base_spawn;3066.00;9.60;657.00;1.03;2344
105;naval_base_spawn;3129.00;9.78;725.00;1.00;2344
105;naval_base_spawn;3074.00;9.55;669.00;0.69;2344
109;naval_base_spawn;3109.00;10.03;833.00;0.98;2355
109;naval_base_spawn;3119.00;9.85;794.00;-4.52;2355
113;naval_base_spawn;3110.00;9.50;857.00;-3.61;2355
107;naval_base_spawn;3131.00;9.50;922.00;1.41;2355
81;naval_base_spawn;3176.00;9.62;1127.00;-3.86;2529
81;naval_base_spawn;3121.00;9.50;1208.00;-1.57;2397
81;naval_base_spawn;3157.00;10.03;1164.00;-4.56;2529
81;naval_base_spawn;3220.00;9.57;1017.00;-4.23;2436
81;naval_base_spawn;3118.00;9.75;1202.00;-4.32;2529
81;naval_base_spawn;3103.00;10.00;1237.00;-4.13;2397
81;naval_base_spawn;3254.00;10.20;1074.00;1.25;2436
81;naval_base_spawn;3258.00;10.38;1086.00;-3.84;2529
81;naval_base_spawn;3144.00;9.50;937.00;1.19;2355
81;naval_base_spawn;3194.00;9.57;1127.00;-3.43;2529
81;naval_base_spawn;3096.00;9.98;1249.00;-4.09;2397
81;naval_base_spawn;3175.00;9.50;976.00;0.50;2355
81;naval_base_spawn;3106.00;9.80;1222.00;-3.79;2397
81;naval_base_spawn;3242.00;9.68;1049.00;1.57;2436
37;naval_base_spawn;3043.00;9.68;1370.00;-3.70;2397
37;naval_base_spawn;3014.00;9.55;1436.00;1.31;2397
37;naval_base_spawn;3054.00;9.65;1341.00;-4.36;2397
37;naval_base_spawn;2939.00;9.93;1474.00;-3.27;2531
37;naval_base_spawn;2964.00;10.28;1465.00;-3.25;2455
37;naval_base_spawn;3085.00;9.95;1259.00;-3.76;2397
37;naval_base_spawn;3026.00;9.57;1407.00;-3.27;2397
37;naval_base_spawn;3021.00;9.60;1420.00;-3.79;2397
36;naval_base_spawn;3027.00;9.50;1422.00;0.12;2397
38;naval_base_spawn;3045.00;9.50;1486.00;-2.91;2455
27;naval_base_spawn;3234.00;9.50;1452.00;0.97;2525
27;naval_base_spawn;3047.00;9.50;1441.00;-0.89;2397
94;naval_base_spawn;3105.00;9.50;1321.00;-0.94;2397
94;naval_base_spawn;3248.00;9.60;1407.00;-4.59;2525
94;naval_base_spawn;3080.00;9.50;1365.00;-1.57;2397
94;naval_base_spawn;3263.00;9.60;1386.00;-3.93;2525
94;naval_base_spawn;3158.00;9.50;1223.00;-0.26;2529
94;naval_base_spawn;3061.00;9.50;1400.00;-1.12;2397
94;naval_base_spawn;3125.00;9.50;1281.00;-0.84;2397
94;naval_base_spawn;3111.00;9.50;1293.00;-0.61;2397
94;naval_base_spawn;3147.00;9.50;1227.00;-2.36;2397
95;naval_base_spawn;3320.00;9.78;1160.00;-3.93;2529
95;naval_base_spawn;3165.00;9.50;1176.00;-0.43;2529
95;naval_base_spawn;3280.00;9.50;1203.00;0.72;2529
95;naval_base_spawn;3245.00;9.62;1188.00;0.53;2529
95;naval_base_spawn;3291.00;9.65;1217.00;0.54;2529
96;naval_base_spawn;3393.00;9.53;1326.00;-4.15;2525
96;naval_base_spawn;3363.00;9.50;1263.00;1.19;2525
96;naval_base_spawn;3395.00;9.70;1313.00;1.11;2525
19;naval_base_spawn;3278.00;9.70;1382.00;-2.36;2525
19;naval_base_spawn;3237.00;9.60;1425.00;1.45;2525
19;naval_base_spawn;3269.00;9.60;1383.00;-3.14;2525
28;naval_base_spawn;3061.00;9.50;1542.00;-1.82;2455
29;naval_base_spawn;2996.00;9.50;1654.00;-1.98;2317
29;naval_base_spawn;2982.00;9.50;1563.00;-0.20;2455
29;naval_base_spawn;2949.00;9.50;1573.00;-1.51;2317
29;naval_base_spawn;2936.00;9.73;1640.00;-2.20;2317
29;naval_base_spawn;3117.00;9.55;1649.00;-3.78;2317
29;naval_base_spawn;3035.00;9.50;1566.00;-1.46;2455
29;naval_base_spawn;3025.00;9.57;1668.00;-3.63;2317
31;naval_base_spawn;2528.00;9.50;1809.00;-2.50;2410
31;naval_base_spawn;2594.00;10.05;1688.00;1.47;2361
31;naval_base_spawn;2600.00;9.62;1694.00;1.34;2361
30;naval_base_spawn;2570.00;10.07;1613.00;-1.57;2361
30;naval_base_spawn;2486.00;9.73;1570.00;-2.51;2481
30;naval_base_spawn;2594.00;9.75;1629.00;-1.57;2361
30;naval_base_spawn;2612.00;9.60;1629.00;-3.14;2361
65;naval_base_spawn;2423.00;9.75;1624.00;-0.74;2481
5;naval_base_spawn;2398.00;9.50;1430.00;-0.91;2414
5;naval_base_spawn;2345.00;9.50;1383.00;-2.09;2414
5;naval_base_spawn;2529.00;9.50;1544.00;-3.17;2361
5;naval_base_spawn;2336.00;9.55;1355.00;-3.20;2414
5;naval_base_spawn;2322.00;9.50;1285.00;-1.27;2345
5;naval_base_spawn;2359.00;9.50;1395.00;-1.74;2414
118;naval_base_spawn;2324.00;9.50;1243.00;-1.22;2345
118;naval_base_spawn;2319.00;9.50;1227.00;-1.47;2345
146;naval_base_spawn;2315.00;9.50;1207.00;-1.78;2345
123;naval_base_spawn;2504.00;9.78;1042.00;-0.07;2524
147;naval_base_spawn;2532.00;9.50;1039.00;0.14;2549
78;naval_base_spawn;2578.00;10.70;1567.00;-2.85;2361
78;naval_base_spawn;2599.00;10.28;1571.00;-2.93;2361
78;naval_base_spawn;2509.00;9.70;1543.00;-2.87;2361
39;naval_base_spawn;2861.00;9.65;1502.00;-3.37;2531
39;naval_base_spawn;2645.00;9.75;1574.00;-2.23;2361
39;naval_base_spawn;2721.00;9.50;1503.00;-3.09;2317
39;naval_base_spawn;2702.00;9.50;1566.00;-4.07;2361
39;naval_base_spawn;2770.00;9.57;1478.00;-4.28;2531
39;naval_base_spawn;2619.00;9.90;1573.00;-2.47;2361
39;naval_base_spawn;2905.00;9.88;1482.00;-3.11;2531
39;naval_base_spawn;2701.00;9.50;1532.00;-4.38;2361
39;naval_base_spawn;2712.00;9.50;1537.00;-1.57;2361
39;naval_base_spawn;2706.00;9.57;1519.00;-1.57;2361
61;naval_base_spawn;3262.00;9.50;1453.00;0.19;2525
61;naval_base_spawn;3420.00;9.50;1367.00;-0.84;2525
83;naval_base_spawn;3511.00;9.50;1344.00;-0.45;2358
22;naval_base_spawn;3683.00;10.00;1146.00;1.48;2453
22;naval_base_spawn;3586.00;9.50;1251.00;-1.17;2358
22;naval_base_spawn;3544.00;9.50;1322.00;-1.11;2358
22;naval_base_spawn;3802.00;9.50;1312.00;0.61;2406
22;naval_base_spawn;3838.00;9.50;1318.00;-3.93;2406
22;naval_base_spawn;3628.00;9.50;1128.00;-1.14;2433
22;naval_base_spawn;3582.00;9.50;1278.00;-1.95;2358
22;naval_base_spawn;3572.00;10.18;1137.00;-1.57;2433
22;naval_base_spawn;3717.00;9.50;1222.00;0.17;2453
22;naval_base_spawn;3842.00;9.50;1323.00;-0.09;2406
22;naval_base_spawn;3775.00;9.50;1279.00;0.89;2406
22;naval_base_spawn;3550.00;9.50;1329.00;-1.02;2358
22;naval_base_spawn;3519.00;9.50;1344.00;-1.34;2358
22;naval_base_spawn;3596.00;9.50;842.00;-1.57;2326
22;naval_base_spawn;3690.00;10.15;1210.00;1.42;2453
86;naval_base_spawn;3862.00;9.50;1294.00;-0.31;2406
86;naval_base_spawn;3939.00;9.50;1204.00;-0.79;2406
73;naval_base_spawn;3983.00;9.50;1159.00;-0.79;2502
73;naval_base_spawn;3987.00;9.65;1063.00;-4.51;2502
73;naval_base_spawn;3951.00;9.50;1088.00;-0.19;2541
73;naval_base_spawn;3976.00;9.50;1172.00;-0.61;2502
73;naval_base_spawn;4007.00;9.50;1151.00;-0.56;2502
72;naval_base_spawn;4021.00;9.50;1125.00;-0.85;2502
99;naval_base_spawn;4056.00;9.50;1112.00;-0.24;2502
99;naval_base_spawn;4100.00;9.65;1180.00;-3.87;2515
99;naval_base_spawn;4064.00;9.82;1238.00;-3.31;2515
99;naval_base_spawn;4026.00;9.50;1120.00;-3.93;2502
99;naval_base_spawn;4075.00;9.50;1299.00;1.14;2515
99;naval_base_spawn;4059.00;9.50;1282.00;1.15;2515
114;naval_base_spawn;4597.00;10.65;293.00;-1.57;2469
114;naval_base_spawn;4243.00;9.80;635.00;-2.11;2504
114;naval_base_spawn;4628.00;10.25;265.00;-1.57;2469
114;naval_base_spawn;4720.00;9.93;539.00;1.36;2468
114;naval_base_spawn;4164.00;9.50;549.00;-1.22;2480
114;naval_base_spawn;4647.00;9.50;288.00;-1.57;2469
114;naval_base_spawn;4628.00;9.95;652.00;-3.88;2519
114;naval_base_spawn;4311.00;9.50;697.00;-1.46;2504
114;naval_base_spawn;4163.00;9.50;591.00;-2.03;2480
114;naval_base_spawn;4683.00;9.80;367.00;1.51;2469
114;naval_base_spawn;4473.00;9.50;724.00;-4.32;2519
114;naval_base_spawn;4226.00;10.32;629.00;-2.36;2480
114;naval_base_spawn;4183.00;9.65;610.00;-2.63;2480
114;naval_base_spawn;4445.00;9.53;429.00;-0.52;2526
114;naval_base_spawn;4202.00;9.50;378.00;-0.83;2379
114;naval_base_spawn;4498.00;9.68;378.00;-1.09;2526
114;naval_base_spawn;4451.00;9.50;426.00;-1.08;2526
114;naval_base_spawn;4290.00;9.50;688.00;-2.10;2504
114;naval_base_spawn;4632.00;10.28;311.00;0.92;2469
114;naval_base_spawn;4539.00;9.68;675.00;-2.56;2519
114;naval_base_spawn;4722.00;9.75;453.00;-4.27;2468
114;naval_base_spawn;4658.00;9.60;633.00;-3.68;2553
114;naval_base_spawn;4266.00;9.50;398.00;-0.06;2379
114;naval_base_spawn;4177.00;9.50;486.00;-1.40;2379
114;naval_base_spawn;4186.00;9.50;448.00;-1.31;2379
114;naval_base_spawn;4360.00;9.50;428.00;0.20;2526
114;naval_base_spawn;4624.00;9.80;674.00;-3.11;2519
114;naval_base_spawn;4724.00;9.82;522.00;1.29;2468
114;naval_base_spawn;4565.00;9.73;318.00;0.13;2469
114;naval_base_spawn;4655.00;9.75;279.00;-3.93;2469
114;naval_base_spawn;4471.00;9.50;394.00;-0.27;2526
114;naval_base_spawn;4398.00;9.50;439.00;0.17;2526
114;naval_base_spawn;4329.00;9.62;421.00;0.61;2526
114;naval_base_spawn;4392.00;9.53;715.00;-3.04;2366
114;naval_base_spawn;4690.00;9.65;589.00;-4.37;2553
114;naval_base_spawn;4497.00;9.62;702.00;-4.27;2519
114;naval_base_spawn;4317.00;9.65;416.00;0.73;2526
114;naval_base_spawn;4308.00;9.50;403.00;0.21;2379
114;naval_base_spawn;4159.00;9.60;529.00;-2.03;2480
114;naval_base_spawn;4176.00;9.50;492.00;-0.79;2379
150;naval_base_spawn;5092.00;9.50;324.00;0.32;2370
150;naval_base_spawn;5042.00;9.50;318.00;-1.15;2370
150;naval_base_spawn;5039.00;9.50;360.00;-1.77;2370
150;naval_base_spawn;5054.00;9.50;368.00;-3.93;2392
150;naval_base_spawn;4946.00;9.50;182.00;-1.37;2442
150;naval_base_spawn;5029.00;9.50;273.00;-3.61;2370
150;naval_base_spawn;4948.00;9.50;213.00;-1.99;2370
150;naval_base_spawn;5010.00;9.50;228.00;0.90;2370
150;naval_base_spawn;4989.00;9.50;205.00;1.05;2370
150;naval_base_spawn;4978.00;9.50;185.00;1.31;2370
150;naval_base_spawn;4999.00;9.50;263.00;-2.16;2370
150;naval_base_spawn;4946.00;9.50;168.00;-3.14;2442
150;naval_base_spawn;4974.00;9.50;231.00;-1.77;2370
101;naval_base_spawn;4541.00;9.50;824.00;-0.38;2519
101;naval_base_spawn;4418.00;9.50;844.00;-3.93;2366
101;naval_base_spawn;4290.00;9.50;973.00;-3.72;2514
101;naval_base_spawn;4455.00;9.50;937.00;-3.99;2506
101;naval_base_spawn;4675.00;9.50;793.00;0.94;2519
101;naval_base_spawn;4481.00;9.50;945.00;-3.14;2506
101;naval_base_spawn;3980.00;9.55;986.00;-1.14;2541
101;naval_base_spawn;4481.00;9.50;886.00;-0.67;2366
101;naval_base_spawn;4563.00;9.50;811.00;1.21;2519
101;naval_base_spawn;4459.00;9.50;869.00;-1.57;2366
101;naval_base_spawn;4034.00;9.50;871.00;0.20;2359
101;naval_base_spawn;4346.00;9.50;837.00;-3.14;2366
101;naval_base_spawn;4167.00;9.68;848.00;-3.93;2504
101;naval_base_spawn;3914.00;9.50;997.00;1.57;2541
101;naval_base_spawn;4245.00;9.50;875.00;-0.24;2504
101;naval_base_spawn;4102.00;9.50;941.00;-1.02;2457
101;naval_base_spawn;4475.00;9.50;907.00;-4.15;2506
101;naval_base_spawn;4339.00;9.50;906.00;-3.93;2366
101;naval_base_spawn;4180.00;9.50;824.00;-3.14;2504
101;naval_base_spawn;4028.00;9.50;970.00;-1.57;2457
101;naval_base_spawn;3955.00;9.50;932.00;-3.14;2541
101;naval_base_spawn;4201.00;9.53;923.00;0.62;2504
101;naval_base_spawn;4045.00;9.50;925.00;-3.14;2457
101;naval_base_spawn;4298.00;9.50;883.00;-3.14;2366
101;naval_base_spawn;4363.00;9.50;959.00;0.00;2514
101;naval_base_spawn;4393.00;9.50;905.00;0.79;2366
101;naval_base_spawn;4167.00;9.80;835.00;1.37;2504
101;naval_base_spawn;4326.00;9.50;817.00;-3.93;2366
101;naval_base_spawn;4408.00;9.50;958.00;-2.82;2514
101;naval_base_spawn;4221.00;9.50;1013.00;-3.95;2538
101;naval_base_spawn;4198.00;9.65;819.00;0.00;2504
101;naval_base_spawn;4274.00;9.50;818.00;-0.46;2504
101;naval_base_spawn;3970.00;9.50;916.00;1.57;2359
101;naval_base_spawn;4594.00;9.53;898.00;1.41;2519
101;naval_base_spawn;4237.00;9.50;967.00;1.48;2538
101;naval_base_spawn;4291.00;9.50;821.00;1.57;2366
101;naval_base_spawn;4302.00;9.50;934.00;-3.14;2366
101;naval_base_spawn;3944.00;9.65;1024.00;-2.47;2541
101;naval_base_spawn;4030.00;9.90;938.00;-3.84;2457
101;naval_base_spawn;4297.00;9.50;786.00;-1.11;2504
101;naval_base_spawn;4173.00;9.50;904.00;0.79;2504
101;naval_base_spawn;4254.00;9.50;807.00;1.57;2504
101;naval_base_spawn;4522.00;9.50;842.00;-1.11;2366
101;naval_base_spawn;4317.00;9.50;824.00;-1.57;2366
101;naval_base_spawn;4210.00;9.65;822.00;-4.39;2504
101;naval_base_spawn;4007.00;9.53;968.00;-3.14;2457
101;naval_base_spawn;3948.00;9.50;947.00;-3.14;2541
101;naval_base_spawn;4207.00;9.50;940.00;0.34;2504
101;naval_base_spawn;4315.00;9.50;929.00;1.57;2366
101;naval_base_spawn;4034.00;9.50;968.00;-3.14;2457
101;naval_base_spawn;4619.00;9.55;875.00;-3.79;2519
101;naval_base_spawn;4060.00;9.50;862.00;-2.36;2359
101;naval_base_spawn;4287.00;9.50;876.00;-3.14;2366
101;naval_base_spawn;4505.00;9.50;876.00;-1.37;2366
101;naval_base_spawn;4488.00;9.53;930.00;-1.57;2506
101;naval_base_spawn;4299.00;9.50;894.00;-3.93;2366
101;naval_base_spawn;4260.00;9.50;818.00;-1.57;2504
101;naval_base_spawn;4369.00;9.50;900.00;-1.57;2366
101;naval_base_spawn;4371.00;9.50;996.00;-1.57;2514
101;naval_base_spawn;4362.00;9.50;951.00;0.79;2366
101;naval_base_spawn;4368.00;9.50;908.00;-1.57;2366
101;naval_base_spawn;4034.00;9.65;944.00;1.57;2457
101;naval_base_spawn;3973.00;9.50;942.00;-1.07;2359
101;naval_base_spawn;4397.00;9.50;926.00;-1.57;2366
101;naval_base_spawn;4364.00;9.50;935.00;-1.57;2366
101;naval_base_spawn;3992.00;9.50;982.00;-3.14;2457
101;naval_base_spawn;3973.00;9.50;911.00;-3.93;2359
101;naval_base_spawn;4035.00;9.60;950.00;-1.57;2457
101;naval_base_spawn;4282.00;9.50;872.00;1.57;2366
101;naval_base_spawn;3933.00;9.50;977.00;-3.93;2541
101;naval_base_spawn;4081.00;9.50;908.00;-1.57;2457
101;naval_base_spawn;4406.00;9.50;826.00;-3.93;2366
101;naval_base_spawn;3982.00;9.50;930.00;-1.37;2359
101;naval_base_spawn;4363.00;9.55;988.00;-3.14;2514
101;naval_base_spawn;4388.00;9.50;958.00;-3.14;2514
101;naval_base_spawn;3964.00;9.50;923.00;-3.14;2359
101;naval_base_spawn;4305.00;9.50;824.00;-3.14;2366
101;naval_base_spawn;4282.00;9.50;790.00;-3.14;2504
101;naval_base_spawn;4086.00;9.50;1020.00;-3.14;2502
101;naval_base_spawn;4295.00;9.50;938.00;1.57;2366
101;naval_base_spawn;4187.00;9.50;847.00;-1.57;2504
80;naval_base_spawn;4128.00;9.50;982.00;-1.34;2457
80;naval_base_spawn;4188.00;9.50;1039.00;-3.19;2437
80;naval_base_spawn;4168.00;9.50;1025.00;-2.98;2437
102;naval_base_spawn;4016.00;9.50;979.00;1.29;2457
102;naval_base_spawn;3992.00;9.50;996.00;-0.63;2457
102;naval_base_spawn;3990.00;9.50;999.00;-0.08;2457
84;naval_base_spawn;4247.00;9.50;1396.00;-4.30;2405
84;naval_base_spawn;4101.00;9.50;1252.00;-4.25;2515
84;naval_base_spawn;4115.00;9.50;1285.00;0.44;2515
84;naval_base_spawn;4188.00;9.50;1325.00;0.61;2405
84;naval_base_spawn;4205.00;9.50;1334.00;0.08;2405
84;naval_base_spawn;4132.00;9.50;1209.00;1.57;2515
142;naval_base_spawn;4255.00;9.50;1331.00;1.57;2405
97;naval_base_spawn;4260.00;9.75;1518.00;-4.64;2398
97;naval_base_spawn;4260.00;9.50;1404.00;-4.66;2405
97;naval_base_spawn;4261.00;9.68;1454.00;-4.60;2398
97;naval_base_spawn;4245.00;9.60;1629.00;1.21;2398
97;naval_base_spawn;4262.00;9.82;1591.00;-2.55;2398
97;naval_base_spawn;4256.00;9.73;1529.00;1.27;2398
20;naval_base_spawn;4415.00;9.50;1521.00;-0.79;2421
20;naval_base_spawn;4536.00;9.50;1643.00;-3.33;2487
20;naval_base_spawn;4567.00;9.50;1835.00;-0.11;2487
20;naval_base_spawn;4544.00;9.50;1694.00;-0.93;2487
20;naval_base_spawn;4397.00;9.50;1512.00;-1.11;2421
20;naval_base_spawn;4377.00;9.50;1541.00;0.98;2421
20;naval_base_spawn;4468.00;9.50;1518.00;0.54;2421
20;naval_base_spawn;4760.00;9.50;1835.00;-3.14;2483
20;naval_base_spawn;4640.00;9.53;1722.00;-1.57;2409
20;naval_base_spawn;4682.00;9.50;1744.00;-1.57;2409
20;naval_base_spawn;4455.00;9.55;1526.00;0.00;2421
20;naval_base_spawn;4581.00;9.50;1670.00;0.00;2487
20;naval_base_spawn;4624.00;9.55;1712.00;-4.12;2409
20;naval_base_spawn;4500.00;9.60;1570.00;0.60;2421
20;naval_base_spawn;4598.00;9.50;1688.00;0.98;2487
20;naval_base_spawn;4568.00;9.70;1732.00;-2.86;2487
20;naval_base_spawn;4612.00;9.55;1709.00;-3.61;2487
20;naval_base_spawn;4710.00;9.50;1766.00;-3.14;2409
20;naval_base_spawn;4659.00;9.50;1732.00;1.57;2409
20;naval_base_spawn;4748.00;9.50;1815.00;-3.93;2483
34;naval_base_spawn;3579.00;9.50;2301.00;-4.48;2496
34;naval_base_spawn;3617.00;9.62;2348.00;-2.51;2496
34;naval_base_spawn;4480.00;9.57;2352.00;-3.35;2416
34;naval_base_spawn;4567.00;9.55;2382.00;-3.14;2416
34;naval_base_spawn;4205.00;9.50;2399.00;-3.40;2331
34;naval_base_spawn;3546.00;11.57;2199.00;-3.85;2496
34;naval_base_spawn;4542.00;9.50;2378.00;-2.66;2416
34;naval_base_spawn;4416.00;9.50;2344.00;-2.97;2331
34;naval_base_spawn;3726.00;9.82;2398.00;-1.37;2496
34;naval_base_spawn;4735.00;9.60;2336.00;-3.19;2479
34;naval_base_spawn;4770.00;9.55;2342.00;-3.48;2364
34;naval_base_spawn;4078.00;9.70;2449.00;-3.54;2449
34;naval_base_spawn;4153.00;10.75;2412.00;-3.84;2331
34;naval_base_spawn;3540.00;9.50;2384.00;-3.62;2496
34;naval_base_spawn;3679.00;9.50;2386.00;-1.71;2496
34;naval_base_spawn;3568.00;9.82;2338.00;-4.05;2496
34;naval_base_spawn;3870.00;9.50;2441.00;-2.82;2350
34;naval_base_spawn;3805.00;9.60;2428.00;-3.05;2350
34;naval_base_spawn;3730.00;9.80;2299.00;-3.23;2496
34;naval_base_spawn;3987.00;9.50;2459.00;-3.08;2449
34;naval_base_spawn;4574.00;9.50;2382.00;-3.32;2416
34;naval_base_spawn;4659.00;9.50;2376.00;-3.96;2479
34;naval_base_spawn;3525.00;9.78;2256.00;-1.75;2324
34;naval_base_spawn;4502.00;9.50;2349.00;-2.82;2416
34;naval_base_spawn;3545.00;10.20;2210.00;0.84;2496
34;naval_base_spawn;4284.00;9.50;2387.00;-2.36;2331
34;naval_base_spawn;3731.00;9.50;2351.00;-1.06;2496
34;naval_base_spawn;3879.00;9.50;2488.00;-1.64;2350
34;naval_base_spawn;4387.00;9.50;2367.00;-3.80;2331
34;naval_base_spawn;3501.00;9.50;2290.00;-1.23;2324
34;naval_base_spawn;3505.00;9.50;2321.00;-1.36;2324
34;naval_base_spawn;3644.00;9.65;2241.00;-3.33;2496
34;naval_base_spawn;3661.00;9.75;2370.00;-2.92;2496
34;naval_base_spawn;3653.00;9.50;2335.00;-1.57;2496
34;naval_base_spawn;4509.00;9.53;2438.00;-2.16;2416
34;naval_base_spawn;3612.00;9.75;2264.00;-1.89;2496
34;naval_base_spawn;4524.00;9.50;2413.00;-4.57;2416
34;naval_base_spawn;3578.00;9.50;2277.00;1.51;2496
34;naval_base_spawn;3733.00;9.50;2336.00;-1.49;2496
34;naval_base_spawn;3580.00;9.50;2281.00;1.57;2496
34;naval_base_spawn;4020.00;9.50;2472.00;0.00;2449
34;naval_base_spawn;3772.00;9.55;2423.00;-3.62;2350
34;naval_base_spawn;4026.00;9.50;2483.00;-4.12;2449
34;naval_base_spawn;4018.00;9.50;2467.00;-3.39;2449
34;naval_base_spawn;4095.00;9.78;2450.00;-3.05;2449
34;naval_base_spawn;3544.00;10.12;2212.00;1.28;2496
34;naval_base_spawn;4618.00;9.50;2422.00;-1.70;2416
34;naval_base_spawn;4554.00;9.50;2402.00;-1.57;2416
34;naval_base_spawn;4451.00;9.50;2347.00;-2.90;2416
34;naval_base_spawn;4569.00;9.50;2400.00;1.57;2416
34;naval_base_spawn;3705.00;9.62;2347.00;-3.68;2496
34;naval_base_spawn;3614.00;9.50;2383.00;-1.57;2496
34;naval_base_spawn;4056.00;9.50;2471.00;-1.57;2449
34;naval_base_spawn;3654.00;9.50;2258.00;-1.68;2496
34;naval_base_spawn;3658.00;9.60;2380.00;-3.93;2496
34;naval_base_spawn;4465.00;9.50;2428.00;-1.57;2416
34;naval_base_spawn;3633.00;9.70;2482.00;-3.93;2496
34;naval_base_spawn;3631.00;9.50;2370.00;-3.14;2496
34;naval_base_spawn;3575.00;10.18;2198.00;-2.94;2496
34;naval_base_spawn;4471.00;9.50;2401.00;-3.14;2416
34;naval_base_spawn;3652.00;9.50;2500.00;-3.14;2496
34;naval_base_spawn;4497.00;9.50;2349.00;-1.57;2416
34;naval_base_spawn;3704.00;9.70;2422.00;-1.57;2496
34;naval_base_spawn;3539.00;10.98;2209.00;-3.93;2496
34;naval_base_spawn;3714.00;9.70;2434.00;-4.43;2350
34;naval_base_spawn;3811.00;10.25;2457.00;-3.14;2350
34;naval_base_spawn;3801.00;9.50;2453.00;-1.57;2350
34;naval_base_spawn;3661.00;9.50;2412.00;1.57;2496
1;naval_base_spawn;72.00;9.50;2158.00;0.42;2352
1;naval_base_spawn;4973.00;9.50;2290.00;-2.74;2364
1;naval_base_spawn;4666.00;9.53;2034.00;0.61;2483
1;naval_base_spawn;5080.00;9.50;2297.00;1.57;2520
1;naval_base_spawn;4546.00;9.78;2002.00;0.32;2409
1;naval_base_spawn;4533.00;9.50;1986.00;0.55;2409
1;naval_base_spawn;5094.00;9.50;2356.00;-1.57;2520
1;naval_base_spawn;84.00;9.50;2225.00;1.57;2352
1;naval_base_spawn;5050.00;9.50;2160.00;-4.33;2329
1;naval_base_spawn;4935.00;9.50;2310.00;-3.93;2364
1;naval_base_spawn;5111.00;9.50;2208.00;1.47;2329
1;naval_base_spawn;4615.00;9.50;2031.00;0.04;2483
1;naval_base_spawn;4740.00;9.53;2026.00;0.24;2483
1;naval_base_spawn;4870.00;9.50;2299.00;-2.44;2364
1;naval_base_spawn;4861.00;9.50;2090.00;-0.06;2483
1;naval_base_spawn;4762.00;9.55;2064.00;0.43;2483
1;naval_base_spawn;4889.00;9.50;2048.00;0.26;2329
1;naval_base_spawn;4827.00;9.50;2072.00;-0.07;2483
1;naval_base_spawn;5096.00;9.50;2168.00;0.72;2329
1;naval_base_spawn;4894.00;9.50;2104.00;-1.57;2483
1;naval_base_spawn;4877.00;9.50;2086.00;-2.11;2483
1;naval_base_spawn;5073.00;9.50;2112.00;0.09;2329
1;naval_base_spawn;4915.00;9.50;2050.00;-0.17;2329
1;naval_base_spawn;4784.00;9.50;2089.00;0.32;2483
1;naval_base_spawn;4835.00;9.53;2274.00;-4.25;2364
1;naval_base_spawn;26.00;9.50;2257.00;-3.01;2404
1;naval_base_spawn;5032.00;9.50;2097.00;0.75;2329
1;naval_base_spawn;1.00;9.50;2276.00;-3.05;2404
1;naval_base_spawn;4947.00;9.50;2285.00;-3.30;2364
1;naval_base_spawn;4973.00;9.50;2061.00;0.23;2329
1;naval_base_spawn;5087.00;9.50;2139.00;1.37;2329
1;naval_base_spawn;5110.00;9.50;2279.00;-3.77;2520
1;naval_base_spawn;5042.00;9.50;2102.00;0.71;2329
1;naval_base_spawn;14.00;9.50;2187.00;-0.57;2352
1;naval_base_spawn;4846.00;9.55;2296.00;-2.72;2364
1;naval_base_spawn;4936.00;9.50;2287.00;-3.77;2364
1;naval_base_spawn;4699.00;9.50;2036.00;-0.34;2483
1;naval_base_spawn;7.00;9.50;2346.00;-4.39;2404
1;naval_base_spawn;4590.00;9.50;2029.00;0.67;2409
1;naval_base_spawn;4473.00;9.90;1923.00;0.45;2409
1;naval_base_spawn;4858.00;9.50;2087.00;0.24;2483
1;naval_base_spawn;5065.00;9.50;2171.00;0.69;2329
151;naval_base_spawn;2315.00;9.57;1171.00;-1.48;2345
152;naval_base_spawn;2425.00;9.50;1037.00;0.42;2524
168;naval_base_spawn;2570.00;9.50;1056.00;0.21;2549
164;naval_base_spawn;2585.00;9.50;1059.00;0.00;2549
124;naval_base_spawn;2691.00;9.78;994.00;-1.43;2339
153;naval_base_spawn;2698.00;9.50;910.00;-2.42;2339
109;naval_base_spawn;3117.00;9.50;833.00;-3.93;2355
63;naval_base_spawn;3340.00;9.50;616.00;-3.93;2384
63;naval_base_spawn;3189.00;9.50;751.00;-3.14;2355
63;naval_base_spawn;3179.00;9.50;655.00;-1.18;2344
63;naval_base_spawn;3209.00;9.50;704.00;-1.95;2344
63;naval_base_spawn;3259.00;9.50;709.00;0.40;2384
63;naval_base_spawn;3179.00;9.50;686.00;-2.03;2344
63;naval_base_spawn;3242.00;9.50;635.00;1.57;2384
63;naval_base_spawn;3198.00;9.50;543.00;1.22;2417
63;naval_base_spawn;3174.00;9.50;559.00;-2.16;2344
63;naval_base_spawn;3170.00;9.70;762.00;-1.57;2355
63;naval_base_spawn;3181.00;9.50;763.00;-3.14;2355
63;naval_base_spawn;3261.00;9.50;687.00;-1.57;2384
63;naval_base_spawn;3167.00;9.78;772.00;-3.93;2355
63;naval_base_spawn;3173.00;10.43;614.00;-2.23;2344
61;naval_base_spawn;3341.00;9.50;1396.00;-3.14;2525
22;naval_base_spawn;3866.00;9.50;1152.00;1.57;2406
22;naval_base_spawn;3862.00;9.50;1128.00;-1.57;2406
22;naval_base_spawn;3882.00;9.50;1063.00;1.57;2541
73;naval_base_spawn;3946.00;9.50;1084.00;-3.14;2541
86;naval_base_spawn;3947.00;9.50;1153.00;0.79;2541
86;naval_base_spawn;3949.00;9.50;1140.00;-1.57;2541
86;naval_base_spawn;3881.00;9.50;1258.00;-3.93;2406
134;naval_base_spawn;4303.00;9.60;1156.00;-1.57;2335
134;naval_base_spawn;4289.00;9.50;1230.00;-3.42;2405
134;naval_base_spawn;4291.00;9.50;1154.00;-1.57;2335
134;naval_base_spawn;4301.00;9.65;1175.00;1.25;2335
134;naval_base_spawn;4237.00;9.50;1115.00;-3.61;2335
134;naval_base_spawn;4306.00;9.55;1081.00;-1.99;2538
134;naval_base_spawn;4267.00;10.62;1170.00;-1.57;2335
134;naval_base_spawn;4295.00;9.50;1165.00;1.57;2335
134;naval_base_spawn;4324.00;9.65;1128.00;0.79;2538
134;naval_base_spawn;4283.00;9.50;1124.00;-3.14;2335
134;naval_base_spawn;4293.00;9.50;1114.00;-2.98;2335
134;naval_base_spawn;4269.00;9.50;1048.00;1.57;2538
134;naval_base_spawn;4331.00;9.62;1138.00;-4.55;2431
134;naval_base_spawn;4282.00;9.50;1192.00;0.00;2335
134;naval_base_spawn;4252.00;9.50;1147.00;-3.14;2335
134;naval_base_spawn;4303.00;9.50;1111.00;0.00;2538
134;naval_base_spawn;4334.00;9.50;1114.00;-3.14;2538
134;naval_base_spawn;4309.00;9.50;1109.00;-3.93;2538
134;naval_base_spawn;4251.00;9.50;1123.00;-1.57;2335
134;naval_base_spawn;4280.00;9.50;1058.00;-1.57;2538
134;naval_base_spawn;4313.00;9.50;1177.00;-1.57;2335
134;naval_base_spawn;4290.00;9.50;1122.00;-3.93;2335
134;naval_base_spawn;4283.00;9.70;1154.00;1.57;2335
134;naval_base_spawn;4256.00;9.50;1148.00;-3.14;2335
134;naval_base_spawn;4350.00;9.50;1024.00;-1.57;2514
134;naval_base_spawn;4251.00;9.50;1036.00;-1.57;2538
134;naval_base_spawn;4339.00;9.50;1111.00;-3.14;2538
134;naval_base_spawn;4281.00;9.50;1168.00;1.57;2335
134;naval_base_spawn;4335.00;9.50;1016.00;-3.93;2514
134;naval_base_spawn;4316.00;9.55;1142.00;-3.93;2335
80;naval_base_spawn;4221.00;9.50;1021.00;1.57;2538
80;naval_base_spawn;4212.00;9.50;1070.00;-3.14;2437
174;naval_base_spawn;4172.00;9.50;1026.00;-3.14;2437
101;naval_base_spawn;4339.00;9.50;920.00;-3.93;2366
101;naval_base_spawn;4198.00;9.50;902.00;1.57;2504
101;naval_base_spawn;4439.00;9.50;870.00;-1.57;2366
101;naval_base_spawn;4261.00;9.50;862.00;-1.57;2504
101;naval_base_spawn;4278.00;9.50;952.00;-1.57;2514
101;naval_base_spawn;4004.00;9.68;872.00;-1.57;2359
114;naval_base_spawn;4835.00;9.50;485.00;-1.57;2468
114;naval_base_spawn;4758.00;9.50;653.00;-1.57;2553
114;naval_base_spawn;4749.00;9.50;650.00;-1.57;2553
114;naval_base_spawn;4722.00;9.50;546.00;0.00;2468
114;naval_base_spawn;4306.00;9.50;699.00;-1.57;2504
114;naval_base_spawn;4838.00;9.55;457.00;-3.14;2468
114;naval_base_spawn;4151.00;9.50;545.00;-3.14;2480
114;naval_base_spawn;4492.00;9.50;359.00;1.57;2526
114;naval_base_spawn;4673.00;9.50;694.00;-3.93;2553
114;naval_base_spawn;4645.00;9.53;714.00;1.57;2519
114;naval_base_spawn;4617.00;9.50;752.00;-1.57;2519
114;naval_base_spawn;4415.00;9.53;778.00;-2.36;2366
114;naval_base_spawn;4727.00;9.70;599.00;-1.57;2553
114;naval_base_spawn;4684.00;9.50;663.00;-3.14;2553
114;naval_base_spawn;4494.00;9.50;731.00;1.57;2519
114;naval_base_spawn;4906.00;9.50;537.00;-1.57;2392
114;naval_base_spawn;4532.00;9.50;695.00;-3.93;2519
114;naval_base_spawn;4160.00;9.50;538.00;-1.57;2480
114;naval_base_spawn;4186.00;9.50;622.00;-3.14;2480
114;naval_base_spawn;4402.00;9.50;771.00;-3.14;2366
114;naval_base_spawn;4487.00;9.50;777.00;-1.57;2519
114;naval_base_spawn;4756.00;9.50;646.00;-1.57;2553
114;naval_base_spawn;4651.00;9.50;245.00;-1.57;2469
114;naval_base_spawn;4837.00;9.50;495.00;-1.57;2468
114;naval_base_spawn;4433.00;9.50;783.00;1.57;2366
114;naval_base_spawn;4640.00;9.80;229.00;1.57;2469
114;naval_base_spawn;4703.00;9.62;607.00;-3.14;2553
166;naval_base_spawn;4725.00;9.85;511.00;-4.25;2468
166;naval_base_spawn;4405.00;9.53;759.00;-3.14;2366
166;naval_base_spawn;4611.00;9.55;321.00;-0.46;2469
166;naval_base_spawn;4512.00;9.50;366.00;-0.79;2526
166;naval_base_spawn;4697.00;9.90;399.00;1.57;2469
166;naval_base_spawn;4192.00;9.50;429.00;-1.57;2379
159;naval_base_spawn;4820.00;9.60;809.00;-3.14;2495
159;naval_base_spawn;4903.00;9.50;622.00;-3.39;2342
159;naval_base_spawn;4921.00;9.50;949.00;-3.93;2401
159;naval_base_spawn;4899.00;9.50;1135.00;1.57;2488
159;naval_base_spawn;5101.00;9.50;695.00;1.57;2342
159;naval_base_spawn;4797.00;9.50;839.00;-3.14;2495
159;naval_base_spawn;4527.00;9.50;1362.00;1.57;2551
159;naval_base_spawn;4917.00;9.50;1271.00;1.57;2316
159;naval_base_spawn;4518.00;9.50;1111.00;-3.14;2424
159;naval_base_spawn;4705.00;9.50;904.00;1.57;2495
159;naval_base_spawn;4679.00;9.50;877.00;-3.86;2495
159;naval_base_spawn;4691.00;9.50;804.00;-3.93;2519
159;naval_base_spawn;5087.00;9.50;681.00;-1.57;2342
159;naval_base_spawn;4741.00;9.50;864.00;-2.82;2495
159;naval_base_spawn;4707.00;9.50;912.00;0.79;2495
159;naval_base_spawn;4945.00;9.50;700.00;-3.14;2342
159;naval_base_spawn;4706.00;9.70;878.00;-3.93;2495
159;naval_base_spawn;4851.00;9.60;790.00;-3.14;2495
159;naval_base_spawn;4842.00;9.50;808.00;0.79;2495
159;naval_base_spawn;4652.00;9.50;868.00;-3.93;2519
159;naval_base_spawn;4958.00;9.50;1046.00;1.57;2488
159;naval_base_spawn;4778.00;9.50;842.00;1.57;2495
159;naval_base_spawn;4508.00;9.50;1094.00;-3.93;2424
159;naval_base_spawn;4791.00;9.50;822.00;-3.93;2495
159;naval_base_spawn;5011.00;9.50;988.00;-3.93;2401
159;naval_base_spawn;4776.00;9.50;833.00;-1.57;2495
159;naval_base_spawn;4947.00;9.50;691.00;-1.57;2342
159;naval_base_spawn;5095.00;9.50;658.00;1.57;2342
159;naval_base_spawn;4938.00;9.50;698.00;1.57;2342
159;naval_base_spawn;4828.00;9.50;771.00;-1.57;2553
159;naval_base_spawn;4931.00;9.50;706.00;-3.14;2342
159;naval_base_spawn;4927.00;9.50;711.00;-3.14;2342
159;naval_base_spawn;4947.00;9.50;678.00;-3.14;2342
159;naval_base_spawn;4928.00;9.50;626.00;-3.93;2342
159;naval_base_spawn;4927.00;9.50;1139.00;-1.57;2488
159;naval_base_spawn;4788.00;9.50;825.00;1.57;2495
159;naval_base_spawn;4636.00;9.62;926.00;1.57;2353
159;naval_base_spawn;4962.00;9.50;649.00;-1.57;2342
159;naval_base_spawn;4693.00;9.50;797.00;-1.57;2519
159;naval_base_spawn;4941.00;9.50;616.00;-3.14;2342
159;naval_base_spawn;4681.00;9.50;916.00;-1.57;2353
159;naval_base_spawn;4581.00;9.62;1179.00;1.57;2424
159;naval_base_spawn;4545.00;9.50;1116.00;1.57;2424
159;naval_base_spawn;4922.00;9.50;778.00;-1.57;2342
159;naval_base_spawn;4723.00;9.50;1093.00;-1.57;2353
159;naval_base_spawn;4914.00;9.50;788.00;1.57;2495
159;naval_base_spawn;4958.00;9.50;662.00;1.57;2342
159;naval_base_spawn;4773.00;9.50;835.00;-1.57;2495
159;naval_base_spawn;4916.00;9.50;1138.00;-1.57;2488
159;naval_base_spawn;4964.00;9.50;1139.00;-3.93;2367
159;naval_base_spawn;4454.00;9.50;1078.00;-3.14;2530
159;naval_base_spawn;4639.00;9.60;874.00;-3.14;2519
159;naval_base_spawn;4780.00;9.50;819.00;-1.57;2495
159;naval_base_spawn;4829.00;9.60;812.00;1.57;2495
159;naval_base_spawn;4942.00;9.50;715.00;-1.57;2342
159;naval_base_spawn;4823.00;9.50;1068.00;1.57;2490
163;naval_base_spawn;485.00;9.50;696.00;1.57;2478
163;naval_base_spawn;376.00;9.50;1274.00;-3.14;2454
163;naval_base_spawn;323.00;9.50;1295.00;1.57;2454
163;naval_base_spawn;314.00;9.50;814.00;-1.57;2501
163;naval_base_spawn;40.00;9.50;222.00;-1.57;2368
163;naval_base_spawn;489.00;9.50;690.00;-3.93;2478
163;naval_base_spawn;385.00;9.50;1249.00;-2.55;2454
163;naval_base_spawn;560.00;9.50;672.00;-3.93;2478
163;naval_base_spawn;400.00;9.50;768.00;-3.93;2478
163;naval_base_spawn;313.00;9.50;1289.00;1.57;2454
163;naval_base_spawn;582.00;9.50;789.00;-1.57;2418
163;naval_base_spawn;117.00;9.50;735.00;-3.93;2512
163;naval_base_spawn;698.00;9.50;577.00;-1.57;2328
163;naval_base_spawn;535.00;9.50;697.00;-1.57;2478
163;naval_base_spawn;88.00;9.50;673.00;-3.14;2512
163;naval_base_spawn;126.00;9.50;790.00;-1.57;2501
163;naval_base_spawn;345.00;9.50;1282.00;1.57;2454
163;naval_base_spawn;459.00;9.50;576.00;1.57;2544
163;naval_base_spawn;69.00;9.50;595.00;-1.57;2512
163;naval_base_spawn;521.00;9.78;687.00;-3.14;2478
163;naval_base_spawn;128.00;9.50;912.00;-3.93;2501
163;naval_base_spawn;135.00;9.50;902.00;-1.57;2501
163;naval_base_spawn;452.00;9.73;713.00;-3.14;2478
163;naval_base_spawn;492.00;9.50;674.00;-3.93;2478
163;naval_base_spawn;456.00;9.50;709.00;1.57;2478
163;naval_base_spawn;135.00;9.50;728.00;1.57;2512
163;naval_base_spawn;478.00;9.50;702.00;-1.57;2478
163;naval_base_spawn;367.00;9.50;1266.00;-3.93;2454
163;naval_base_spawn;432.00;9.50;673.00;-1.57;2478
163;naval_base_spawn;202.00;9.50;787.00;-3.93;2501
163;naval_base_spawn;115.00;9.50;818.00;-1.57;2501
163;naval_base_spawn;161.00;9.50;1207.00;-3.14;2508
163;naval_base_spawn;522.00;9.50;683.00;1.57;2478
163;naval_base_spawn;111.00;9.50;893.00;-3.14;2501
163;naval_base_spawn;500.00;9.50;684.00;-3.14;2478
163;naval_base_spawn;102.00;9.50;739.00;1.57;2512
163;naval_base_spawn;363.00;9.50;1277.00;-3.93;2454
163;naval_base_spawn;119.00;9.50;914.00;1.57;2501
163;naval_base_spawn;525.00;9.50;690.00;-3.93;2478
163;naval_base_spawn;285.00;9.50;926.00;1.57;2503
163;naval_base_spawn;706.00;9.50;559.00;-1.57;2328
163;naval_base_spawn;506.00;9.50;679.00;-1.57;2478
163;naval_base_spawn;574.00;10.03;800.00;1.57;2418
163;naval_base_spawn;484.00;9.50;721.00;-3.93;2478
163;naval_base_spawn;473.00;9.70;701.00;-1.57;2478
163;naval_base_spawn;106.00;9.50;827.00;-3.14;2501
163;naval_base_spawn;1001.00;9.88;580.00;-3.14;2509
163;naval_base_spawn;424.00;9.50;790.00;-1.57;2418
163;naval_base_spawn;557.00;9.50;661.00;1.57;2478
163;naval_base_spawn;471.00;9.50;706.00;-3.93;2478
163;naval_base_spawn;498.00;9.50;694.00;-1.57;2478
163;naval_base_spawn;584.00;9.93;787.00;-3.93;2418
163;naval_base_spawn;49.00;9.50;966.00;1.57;2419
163;naval_base_spawn;490.00;9.78;704.00;-1.57;2478
163;naval_base_spawn;496.00;10.05;699.00;-3.93;2478
163;naval_base_spawn;145.00;9.50;661.00;-3.14;2512
127;naval_base_spawn;921.00;11.23;1492.00;0.62;2338
127;naval_base_spawn;1213.00;9.57;1265.00;-3.95;2377
127;naval_base_spawn;922.00;10.73;1497.00;-0.43;2338
127;naval_base_spawn;1045.00;9.50;1345.00;-1.19;2338
127;naval_base_spawn;1164.00;10.20;1362.00;1.43;2377
127;naval_base_spawn;1060.00;9.50;1287.00;-1.00;2338
127;naval_base_spawn;1316.00;9.50;1301.00;-1.57;2377
127;naval_base_spawn;939.00;9.70;1457.00;1.57;2338
127;naval_base_spawn;1269.00;9.50;1312.00;-1.79;2377
127;naval_base_spawn;1318.00;9.65;1318.00;-3.93;2377
127;naval_base_spawn;1071.00;9.50;1281.00;0.04;2338
127;naval_base_spawn;1308.00;9.60;1287.00;1.50;2377
127;naval_base_spawn;1186.00;9.85;1282.00;-4.66;2377
127;naval_base_spawn;1115.00;9.50;1254.00;0.03;2338
127;naval_base_spawn;1169.00;9.60;1311.00;-4.02;2377
127;naval_base_spawn;916.00;10.00;1434.00;-3.93;2338
127;naval_base_spawn;958.00;10.05;1447.00;-3.14;2338
127;naval_base_spawn;1163.00;9.90;1333.00;-3.99;2377
158;naval_base_spawn;1335.00;9.57;1141.00;0.06;2347
158;naval_base_spawn;1297.00;9.82;1268.00;-3.06;2377
141;naval_base_spawn;1434.00;10.60;1122.00;-4.14;2443
141;naval_base_spawn;1392.00;9.73;1090.00;-1.57;2347
126;naval_base_spawn;1455.00;9.50;1044.00;-1.66;2347
126;naval_base_spawn;1511.00;10.00;1152.00;-3.22;2443
126;naval_base_spawn;1458.00;10.00;1033.00;-1.94;2391
126;naval_base_spawn;1433.00;9.50;996.00;-2.15;2391
135;naval_base_spawn;1542.00;9.50;686.00;0.04;2348
135;naval_base_spawn;1441.00;9.50;816.00;-1.07;2391
93;naval_base_spawn;1253.00;9.50;930.00;-1.57;2347
93;naval_base_spawn;1253.00;9.78;947.00;-3.14;2347
93;naval_base_spawn;1405.00;9.50;945.00;-1.78;2391
93;naval_base_spawn;1267.00;9.62;938.00;-1.57;2347
93;naval_base_spawn;1261.00;9.50;943.00;1.57;2347
93;naval_base_spawn;1283.00;9.75;958.00;-3.93;2347
93;naval_base_spawn;1414.00;9.88;927.00;-3.14;2391
145;naval_base_spawn;1837.00;9.50;944.00;-1.57;2349
145;naval_base_spawn;1998.00;9.50;917.00;-3.87;2536
145;naval_base_spawn;1920.00;9.50;923.00;-2.94;2349
145;naval_base_spawn;2044.00;9.50;820.00;0.07;2546
145;naval_base_spawn;1823.00;9.55;1039.00;-4.44;2349
145;naval_base_spawn;1864.00;10.53;556.00;-4.38;2378
145;naval_base_spawn;2056.00;9.50;847.00;-4.39;2546
145;naval_base_spawn;1862.00;9.50;947.00;-3.33;2349
145;naval_base_spawn;1996.00;9.55;757.00;0.56;2546
145;naval_base_spawn;1998.00;9.80;721.00;-4.55;2546
145;naval_base_spawn;1833.00;9.50;975.00;1.57;2349
145;naval_base_spawn;1801.00;9.80;439.00;0.55;2378
145;naval_base_spawn;1849.00;9.93;500.00;1.57;2378
145;naval_base_spawn;1940.00;9.50;602.00;0.55;2378
145;naval_base_spawn;1906.00;11.15;589.00;0.95;2378
145;naval_base_spawn;2021.00;9.50;896.00;-3.96;2536
145;naval_base_spawn;1817.00;9.85;456.00;-0.24;2378
145;naval_base_spawn;1836.00;9.50;974.00;-3.93;2349
145;naval_base_spawn;1849.00;9.53;973.00;-1.57;2349
145;naval_base_spawn;1839.00;9.50;979.00;1.57;2349
145;naval_base_spawn;2043.00;9.50;890.00;-3.20;2536
145;naval_base_spawn;2007.00;9.57;767.00;-0.07;2546
138;naval_base_spawn;1736.00;9.50;395.00;-0.23;2373
139;naval_base_spawn;1718.00;9.65;174.00;-0.38;2448
139;naval_base_spawn;1739.00;10.30;180.00;1.57;2373
139;naval_base_spawn;1603.00;10.35;144.00;-4.39;2448
139;naval_base_spawn;1589.00;9.98;170.00;1.49;2448
139;naval_base_spawn;1714.00;9.65;400.00;-4.61;2373
139;naval_base_spawn;1635.00;9.73;278.00;1.31;2373
139;naval_base_spawn;2043.00;10.07;133.00;-2.36;2356
139;naval_base_spawn;1643.00;9.50;278.00;-3.14;2373
139;naval_base_spawn;1718.00;10.45;180.00;-3.79;2373
139;naval_base_spawn;1737.00;10.15;364.00;1.04;2373
139;naval_base_spawn;1648.00;9.50;293.00;0.79;2373
139;naval_base_spawn;1602.00;10.12;226.00;1.36;2373
139;naval_base_spawn;1718.00;9.75;426.00;0.46;2373
139;naval_base_spawn;1630.00;9.60;298.00;0.70;2373
139;naval_base_spawn;1714.00;9.73;417.00;1.57;2373
139;naval_base_spawn;1713.00;9.50;329.00;0.68;2373
139;naval_base_spawn;1631.00;9.50;132.00;-3.93;2448
139;naval_base_spawn;1670.00;9.50;321.00;1.57;2373
140;naval_base_spawn;1543.00;9.50;174.00;-1.82;2327
140;naval_base_spawn;1528.00;9.50;282.00;-3.93;2517
140;naval_base_spawn;1541.00;9.50;413.00;-1.46;2499
140;naval_base_spawn;1535.00;9.50;205.00;-0.31;2327
140;naval_base_spawn;1535.00;9.50;373.00;-1.86;2499
140;naval_base_spawn;1540.00;9.50;445.00;-0.37;2499
140;naval_base_spawn;1534.00;9.50;330.00;-1.22;2517
140;naval_base_spawn;1523.00;9.50;198.00;1.57;2327
140;naval_base_spawn;1551.00;9.50;678.00;-0.98;2348
140;naval_base_spawn;1529.00;9.50;198.00;0.46;2327
140;naval_base_spawn;1532.00;9.50;259.00;-3.14;2517
140;naval_base_spawn;1602.00;9.82;125.00;1.57;2327
140;naval_base_spawn;1591.00;10.30;136.00;1.57;2327
140;naval_base_spawn;1540.00;9.50;260.00;-0.79;2517
140;naval_base_spawn;1553.00;9.50;557.00;-1.57;2348
140;naval_base_spawn;1591.00;9.50;131.00;1.57;2327
140;naval_base_spawn;1553.00;9.50;587.00;-1.38;2348
140;naval_base_spawn;1597.00;9.50;132.00;1.57;2327
140;naval_base_spawn;1541.00;9.50;490.00;-1.66;2348
140;naval_base_spawn;1534.00;9.50;170.00;-3.93;2327
140;naval_base_spawn;1545.00;9.50;514.00;-1.27;2348
157;naval_base_spawn;3125.00;9.82;29.00;-2.82;2319
157;naval_base_spawn;2946.00;10.30;28.00;-3.27;2450
157;naval_base_spawn;3579.00;11.23;26.00;-3.14;2375
157;naval_base_spawn;4430.00;10.18;28.00;-1.70;2388
157;naval_base_spawn;1790.00;10.55;1.00;-4.60;2463
157;naval_base_spawn;1285.00;10.10;38.00;-4.51;2393
157;naval_base_spawn;3360.00;10.00;47.00;-4.38;2542
157;naval_base_spawn;1772.00;9.88;91.00;1.57;2463
157;naval_base_spawn;560.00;9.50;32.00;-4.41;2446
157;naval_base_spawn;3543.00;10.62;33.00;-2.77;2542
157;naval_base_spawn;2587.00;9.68;35.00;-1.90;2485
157;naval_base_spawn;1511.00;9.65;44.00;-3.65;2327
157;naval_base_spawn;2988.00;9.78;29.00;-2.16;2372
157;naval_base_spawn;851.00;9.65;37.00;-1.98;2340
157;naval_base_spawn;3924.00;9.65;33.00;-3.14;2447
157;naval_base_spawn;3810.00;9.50;37.00;-2.26;2375
157;naval_base_spawn;4065.00;9.65;40.00;-1.98;2447
157;naval_base_spawn;2402.00;9.55;29.00;-2.39;2528
157;naval_base_spawn;1731.00;9.50;101.00;-3.93;2448
157;naval_base_spawn;1731.00;9.50;84.00;1.57;2463
157;naval_base_spawn;1687.00;9.50;99.00;-1.57;2448
157;naval_base_spawn;1652.00;9.88;87.00;1.57;2448
157;naval_base_spawn;1720.00;9.65;101.00;-3.93;2448
157;naval_base_spawn;1813.00;9.98;3.00;-1.57;2463
157;naval_base_spawn;1578.00;9.98;71.00;-3.93;2327
157;naval_base_spawn;1706.00;9.62;100.00;-1.57;2448
157;naval_base_spawn;1872.00;9.50;109.00;-3.93;2463
157;naval_base_spawn;1668.00;9.50;86.00;-1.57;2448
132;naval_base_spawn;1396.00;9.80;1492.00;1.27;2537
133;naval_base_spawn;1350.00;10.62;1464.00;0.68;2377
133;naval_base_spawn;1386.00;9.57;1366.00;-3.93;2377
133;naval_base_spawn;1413.00;9.60;1383.00;-3.14;2377
133;naval_base_spawn;1277.00;10.15;1463.00;0.41;2377
133;naval_base_spawn;1374.00;9.57;1361.00;-3.14;2377
131;naval_base_spawn;1431.00;9.60;1531.00;0.82;2537
18;naval_base_spawn;1470.00;9.50;1629.00;0.00;2376
18;naval_base_spawn;1464.00;9.62;1621.00;1.00;2376
18;naval_base_spawn;1465.00;9.50;1606.00;1.38;2376
18;naval_base_spawn;1462.00;9.50;1595.00;1.57;2376
18;naval_base_spawn;1474.00;9.50;1570.00;1.47;2376
18;naval_base_spawn;1479.00;9.50;1569.00;1.57;2376
18;naval_base_spawn;1479.00;9.50;1561.00;-3.93;2376
18;naval_base_spawn;1459.00;9.57;1552.00;-4.39;2376
47;naval_base_spawn;1767.00;11.32;1786.00;1.57;2380
47;naval_base_spawn;1644.00;10.00;1764.00;-4.38;2380
47;naval_base_spawn;1574.00;9.50;1732.00;0.61;2458
47;naval_base_spawn;1554.00;9.50;1686.00;1.29;2458
47;naval_base_spawn;1628.00;10.10;1782.00;-4.43;2380
47;naval_base_spawn;1498.00;9.65;1644.00;0.27;2376
47;naval_base_spawn;1546.00;9.50;1670.00;-3.14;2458
47;naval_base_spawn;1660.00;10.18;1770.00;-3.14;2380
47;naval_base_spawn;1642.00;10.03;1742.00;-1.27;2458
47;naval_base_spawn;1689.00;10.25;1755.00;1.57;2380
47;naval_base_spawn;1671.00;9.50;1786.00;-3.14;2380
47;naval_base_spawn;1603.00;9.50;1733.00;-3.93;2458
47;naval_base_spawn;1749.00;9.50;1782.00;-1.57;2380
47;naval_base_spawn;1561.00;9.50;1722.00;1.07;2458
47;naval_base_spawn;1515.00;9.50;1657.00;1.57;2458
47;naval_base_spawn;1781.00;9.50;1834.00;-3.93;2380
47;naval_base_spawn;1711.00;9.50;1812.00;-3.14;2380
55;naval_base_spawn;1710.00;9.90;1858.00;1.57;2380
55;naval_base_spawn;1692.00;9.80;1965.00;-3.06;2474
55;naval_base_spawn;1649.00;10.15;1839.00;-3.14;2380
55;naval_base_spawn;1634.00;10.15;2076.00;-3.93;2474
53;naval_base_spawn;1444.00;9.50;2108.00;-1.85;2513
53;naval_base_spawn;1755.00;12.93;1883.00;-4.64;2380
53;naval_base_spawn;1619.00;9.50;1849.00;0.96;2380
53;naval_base_spawn;1485.00;9.53;2131.00;-3.45;2396
53;naval_base_spawn;1564.00;9.50;2086.00;-3.79;2396
53;naval_base_spawn;1561.00;9.50;1794.00;1.49;2380
53;naval_base_spawn;1621.00;9.50;2048.00;-2.95;2474
53;naval_base_spawn;1545.00;9.73;2090.00;-3.93;2396
53;naval_base_spawn;1431.00;9.50;1908.00;-1.77;2513
53;naval_base_spawn;1438.00;9.50;2083.00;-1.57;2513
53;naval_base_spawn;1459.00;9.50;2014.00;-0.73;2513
53;naval_base_spawn;1450.00;9.50;2085.00;-1.69;2513
53;naval_base_spawn;1521.00;9.78;2122.00;-3.70;2396
53;naval_base_spawn;1464.00;10.05;1973.00;-1.63;2513
53;naval_base_spawn;1595.00;9.68;2024.00;-3.77;2474
53;naval_base_spawn;1437.00;9.50;2039.00;-2.03;2513
53;naval_base_spawn;1463.00;9.50;2006.00;-1.41;2513
53;naval_base_spawn;1454.00;9.60;2059.00;-1.49;2513
53;naval_base_spawn;1443.00;10.00;1953.00;-1.76;2513
53;naval_base_spawn;1502.00;9.50;2139.00;-3.24;2396
53;naval_base_spawn;1568.00;9.53;2042.00;-1.57;2474
56;naval_base_spawn;1453.00;9.68;2371.00;-2.12;2462
56;naval_base_spawn;666.00;9.73;2353.00;-3.31;2411
56;naval_base_spawn;1438.00;9.50;2505.00;-1.41;2462
56;naval_base_spawn;1271.00;9.50;2512.00;-1.41;2462
56;naval_base_spawn;1472.00;10.30;2306.00;-1.03;2325
56;naval_base_spawn;1324.00;9.55;2415.00;-4.07;2462
56;naval_base_spawn;1397.00;9.65;2422.00;-1.43;2462
56;naval_base_spawn;1523.00;9.65;2488.00;1.50;2440
56;naval_base_spawn;914.00;9.50;2356.00;-1.46;2505
56;naval_base_spawn;1412.00;9.85;2442.00;0.75;2462
56;naval_base_spawn;1243.00;9.50;2160.00;0.79;2513
56;naval_base_spawn;878.00;9.60;2305.00;-4.12;2505
56;naval_base_spawn;1566.00;9.50;2146.00;-1.71;2396
56;naval_base_spawn;1075.00;9.50;2333.00;-4.64;2341
56;naval_base_spawn;1333.00;9.50;2289.00;-2.02;2341
56;naval_base_spawn;1196.00;9.50;2279.00;-2.74;2341
56;naval_base_spawn;878.00;9.50;2358.00;-1.65;2505
56;naval_base_spawn;1625.00;9.60;2166.00;1.05;2382
56;naval_base_spawn;1046.00;9.62;2312.00;-2.68;2505
56;naval_base_spawn;1282.00;9.50;2369.00;-1.25;2341
56;naval_base_spawn;1468.00;9.50;2558.00;-2.54;2462
56;naval_base_spawn;1397.00;11.03;2412.00;1.46;2462
56;naval_base_spawn;1613.00;9.57;2126.00;-4.62;2474
56;naval_base_spawn;1378.00;9.50;2503.00;-0.08;2462
56;naval_base_spawn;1187.00;9.50;2294.00;-3.29;2341
56;naval_base_spawn;1312.00;9.78;2505.00;-1.57;2462
56;naval_base_spawn;1428.00;10.35;2325.00;0.79;2325
56;naval_base_spawn;1237.00;9.50;2129.00;0.59;2513
56;naval_base_spawn;1012.00;9.50;2333.00;-2.85;2505
56;naval_base_spawn;979.00;9.50;2319.00;0.12;2505
56;naval_base_spawn;907.00;9.65;2294.00;-3.01;2505
56;naval_base_spawn;1373.00;9.65;2382.00;-2.80;2462
56;naval_base_spawn;1646.00;9.50;2243.00;1.29;2382
56;naval_base_spawn;1502.00;9.50;2259.00;-2.82;2325
56;naval_base_spawn;1641.00;9.50;2186.00;1.51;2382
56;naval_base_spawn;1303.00;9.50;2397.00;-1.14;2341
56;naval_base_spawn;1265.00;9.50;2195.00;1.41;2513
56;naval_base_spawn;1568.00;9.50;2323.00;-3.70;2382
56;naval_base_spawn;1242.00;9.50;2440.00;-4.35;2462
56;naval_base_spawn;1600.00;9.50;2224.00;-4.27;2382
56;naval_base_spawn;946.00;10.05;2297.00;-3.65;2505
56;naval_base_spawn;870.00;9.50;2330.00;-0.20;2505
56;naval_base_spawn;1308.00;9.50;2244.00;0.50;2513
56;naval_base_spawn;1325.00;9.50;2357.00;-3.74;2462
56;naval_base_spawn;1518.00;9.50;2279.00;-2.54;2325
56;naval_base_spawn;1398.00;9.98;2380.00;-1.89;2462
56;naval_base_spawn;1272.00;9.55;2301.00;-3.99;2341
56;naval_base_spawn;1311.00;9.50;2220.00;1.19;2513
56;naval_base_spawn;738.00;9.53;2385.00;-0.87;2411
56;naval_base_spawn;1279.00;9.55;1993.00;-4.01;2513
56;naval_base_spawn;1359.00;9.50;2250.00;0.67;2513
56;naval_base_spawn;752.00;9.50;2338.00;-2.16;2411
56;naval_base_spawn;1285.00;9.50;2308.00;-3.78;2341
56;naval_base_spawn;1529.00;9.50;2189.00;-0.59;2396
56;naval_base_spawn;1289.00;9.62;2419.00;-4.02;2462
56;naval_base_spawn;702.00;9.73;2333.00;-3.19;2411
56;naval_base_spawn;1058.00;9.75;2357.00;-3.77;2341
56;naval_base_spawn;820.00;9.98;2402.00;1.25;2505
56;naval_base_spawn;880.00;9.65;2351.00;-2.55;2505
56;naval_base_spawn;997.00;9.50;2285.00;-2.30;2505
56;naval_base_spawn;1110.00;9.55;2297.00;-3.14;2341
56;naval_base_spawn;991.00;10.50;2277.00;-4.01;2505
56;naval_base_spawn;1580.00;9.50;2188.00;1.47;2474
56;naval_base_spawn;1070.00;9.60;2299.00;-3.69;2341
56;naval_base_spawn;1306.00;9.62;2494.00;1.39;2462
56;naval_base_spawn;1207.00;9.50;2482.00;-1.61;2341
56;naval_base_spawn;596.00;9.75;2337.00;-3.47;2411
56;naval_base_spawn;1214.00;9.50;2090.00;1.01;2513
56;naval_base_spawn;1403.00;9.50;2313.00;0.93;2325
56;naval_base_spawn;1580.00;9.50;2308.00;-4.07;2382
56;naval_base_spawn;1138.00;9.50;2294.00;-3.22;2341
56;naval_base_spawn;1400.00;9.73;2362.00;-4.25;2462
56;naval_base_spawn;903.00;9.50;2435.00;-2.36;2505
56;naval_base_spawn;936.00;10.32;2461.00;-1.74;2438
56;naval_base_spawn;730.00;9.62;2345.00;-3.32;2411
56;naval_base_spawn;1208.00;9.50;2366.00;-0.19;2341
56;naval_base_spawn;1225.00;9.50;2360.00;1.57;2341
56;naval_base_spawn;962.00;9.85;2404.00;-2.96;2505
56;naval_base_spawn;1499.00;9.60;2220.00;-1.57;2513
56;naval_base_spawn;1181.00;9.50;2390.00;-2.36;2341
56;naval_base_spawn;1252.00;9.50;2160.00;0.79;2513
56;naval_base_spawn;1205.00;9.57;2051.00;1.15;2513
56;naval_base_spawn;1172.00;9.50;2343.00;-1.57;2341
56;naval_base_spawn;1240.00;9.50;2384.00;-4.61;2341
56;naval_base_spawn;1316.00;9.50;2205.00;0.00;2513
56;naval_base_spawn;1352.00;9.50;2191.00;1.06;2513
56;naval_base_spawn;1330.00;9.50;2222.00;1.57;2513
56;naval_base_spawn;1264.00;9.50;2171.00;1.45;2513
56;naval_base_spawn;1104.00;9.68;2390.00;-1.57;2341
56;naval_base_spawn;1131.00;9.50;2409.00;-2.53;2341
56;naval_base_spawn;1136.00;9.50;2365.00;1.57;2341
56;naval_base_spawn;1110.00;9.50;2435.00;-1.71;2341
56;naval_base_spawn;853.00;9.82;2493.00;-4.51;2438
56;naval_base_spawn;808.00;9.75;2487.00;-1.37;2438
56;naval_base_spawn;1040.00;9.60;2497.00;-1.85;2341
56;naval_base_spawn;920.00;9.93;2496.00;-1.89;2438
56;naval_base_spawn;1383.00;9.50;2167.00;-3.61;2513
56;naval_base_spawn;1365.00;9.50;2128.00;0.00;2513
56;naval_base_spawn;1214.00;9.50;2421.00;-2.16;2341
56;naval_base_spawn;1161.00;9.70;2483.00;1.57;2341
56;naval_base_spawn;1483.00;9.62;2292.00;-3.93;2325
56;naval_base_spawn;923.00;9.50;2506.00;-1.57;2438
56;naval_base_spawn;1422.00;9.50;2110.00;-3.93;2513
56;naval_base_spawn;1435.00;9.50;2193.00;-3.14;2513
56;naval_base_spawn;1206.00;9.65;2465.00;-1.82;2341
56;naval_base_spawn;835.00;9.50;2468.00;1.57;2438
56;naval_base_spawn;1460.00;9.70;2200.00;-1.57;2513
56;naval_base_spawn;1048.00;9.50;2467.00;1.57;2341
56;naval_base_spawn;1249.00;9.53;2458.00;-1.57;2462
56;naval_base_spawn;1047.00;10.07;2437.00;-3.14;2341
56;naval_base_spawn;1542.00;9.50;2159.00;-3.14;2396
56;naval_base_spawn;1498.00;9.55;2288.00;1.57;2325
56;naval_base_spawn;907.00;9.50;2496.00;-3.14;2438
56;naval_base_spawn;1131.00;9.50;2502.00;-3.14;2341
56;naval_base_spawn;1430.00;9.82;2306.00;-3.93;2325
56;naval_base_spawn;1634.00;9.78;2104.00;-3.14;2474
56;naval_base_spawn;1115.00;9.50;2318.00;-3.93;2341
56;naval_base_spawn;896.00;9.50;2478.00;-3.14;2438
56;naval_base_spawn;1192.00;9.50;2272.00;-3.81;2341
56;naval_base_spawn;1189.00;9.50;2327.00;-3.14;2341
56;naval_base_spawn;1456.00;9.50;2308.00;1.57;2325
56;naval_base_spawn;1087.00;9.50;2474.00;-3.93;2341
56;naval_base_spawn;1583.00;9.82;2074.00;-2.36;2396
56;naval_base_spawn;1629.00;9.50;2107.00;1.57;2474
56;naval_base_spawn;1501.00;9.73;2151.00;-1.57;2396
56;naval_base_spawn;1089.00;9.60;2314.00;1.57;2341
56;naval_base_spawn;1320.00;9.50;2324.00;-3.14;2341
56;naval_base_spawn;1112.00;9.50;2351.00;-1.57;2341
56;naval_base_spawn;1270.00;9.57;2438.00;-3.14;2462
56;naval_base_spawn;993.00;9.50;2413.00;-3.14;2505
56;naval_base_spawn;1414.00;9.70;2418.00;-3.14;2462
56;naval_base_spawn;1433.00;9.88;2312.00;1.57;2325
56;naval_base_spawn;1152.00;9.50;2416.00;-1.57;2341
56;naval_base_spawn;1073.00;9.70;2483.00;-1.57;2341
56;naval_base_spawn;1616.00;9.50;2109.00;1.57;2474
56;naval_base_spawn;1183.00;9.50;2416.00;-3.93;2341
56;naval_base_spawn;1427.00;10.20;2290.00;-3.93;2325
56;naval_base_spawn;1431.00;9.65;2294.00;-3.93;2325
56;naval_base_spawn;906.00;9.80;2485.00;-1.57;2438
58;naval_base_spawn;200.00;9.50;2108.00;-1.95;2352
58;naval_base_spawn;377.00;9.50;2000.00;0.00;2395
58;naval_base_spawn;738.00;9.50;1849.00;-0.79;2548
58;naval_base_spawn;692.00;9.50;1884.00;0.79;2548
58;naval_base_spawn;228.00;9.50;2234.00;-1.07;2404
58;naval_base_spawn;293.00;9.50;2350.00;-3.29;2333
58;naval_base_spawn;804.00;9.50;1829.00;-1.74;2548
58;naval_base_spawn;521.00;9.50;2067.00;-0.46;2346
58;naval_base_spawn;305.00;9.50;1978.00;-0.82;2395
58;naval_base_spawn;629.00;9.80;2050.00;-0.29;2346
58;naval_base_spawn;702.00;9.85;1969.00;-0.62;2548
58;naval_base_spawn;615.00;9.55;2019.00;0.79;2346
58;naval_base_spawn;454.00;9.50;2085.00;0.75;2346
58;naval_base_spawn;763.00;9.82;1855.00;-0.88;2548
58;naval_base_spawn;572.00;9.50;2336.00;-2.80;2411
58;naval_base_spawn;356.00;9.55;2351.00;-2.55;2333
58;naval_base_spawn;693.00;9.75;1962.00;0.00;2548
58;naval_base_spawn;706.00;9.50;1911.00;-1.39;2548
58;naval_base_spawn;171.00;9.50;2225.00;-1.73;2352
58;naval_base_spawn;660.00;10.12;1979.00;-2.77;2346
58;naval_base_spawn;214.00;9.50;2162.00;-0.24;2352
58;naval_base_spawn;673.00;9.50;1972.00;-0.58;2346
58;naval_base_spawn;442.00;10.03;2078.00;1.11;2346
58;naval_base_spawn;172.00;9.50;1913.00;-1.57;2395
58;naval_base_spawn;303.00;9.50;2044.00;-0.79;2395
58;naval_base_spawn;364.00;9.57;2050.00;0.52;2346
58;naval_base_spawn;262.00;9.60;2033.00;0.15;2395
58;naval_base_spawn;644.00;9.50;2006.00;-3.93;2346
58;naval_base_spawn;428.00;9.50;2062.00;-0.64;2346
58;naval_base_spawn;460.00;9.50;2067.00;-1.57;2346
58;naval_base_spawn;513.00;9.82;2324.00;-2.98;2411
58;naval_base_spawn;374.00;9.55;2040.00;0.74;2346
58;naval_base_spawn;665.00;9.50;1984.00;-1.57;2346
58;naval_base_spawn;718.00;9.50;1907.00;-3.14;2548
58;naval_base_spawn;387.00;9.50;2005.00;-4.41;2346
58;naval_base_spawn;423.00;9.65;2343.00;-4.30;2333
58;naval_base_spawn;167.00;9.50;1913.00;-1.57;2395
58;naval_base_spawn;472.00;9.62;2072.00;-3.93;2346
58;naval_base_spawn;132.00;9.50;2130.00;1.11;2352
58;naval_base_spawn;4994.00;9.50;1899.00;-3.14;2329
58;naval_base_spawn;390.00;9.65;2347.00;-4.25;2333
58;naval_base_spawn;311.00;9.50;2347.00;-2.53;2333
58;naval_base_spawn;607.00;9.65;2037.00;-0.67;2346
58;naval_base_spawn;184.00;9.50;2038.00;-3.14;2352
58;naval_base_spawn;714.00;10.03;1959.00;-1.00;2548
58;naval_base_spawn;634.00;9.50;2016.00;-4.25;2346
58;naval_base_spawn;239.00;9.50;2181.00;-0.94;2352
58;naval_base_spawn;238.00;9.50;2137.00;-1.66;2352
58;naval_base_spawn;568.00;9.50;2063.00;-0.84;2346
58;naval_base_spawn;218.00;9.50;2247.00;-0.07;2404
58;naval_base_spawn;386.00;9.70;2028.00;-3.93;2346
58;naval_base_spawn;665.00;9.50;1945.00;0.00;2533
58;naval_base_spawn;236.00;9.50;2329.00;-3.21;2333
58;naval_base_spawn;47.00;9.50;1879.00;-3.14;2494
58;naval_base_spawn;76.00;9.50;1887.00;-1.57;2494
58;naval_base_spawn;217.00;9.50;1947.00;1.57;2395
58;naval_base_spawn;466.00;9.80;2335.00;-3.75;2411
58;naval_base_spawn;650.00;10.00;1986.00;1.57;2346
58;naval_base_spawn;246.00;9.50;2047.00;0.53;2352
58;naval_base_spawn;648.00;9.88;1978.00;-1.57;2346
58;naval_base_spawn;198.00;9.50;2296.00;-2.31;2333
58;naval_base_spawn;206.00;9.50;2052.00;-1.19;2352
58;naval_base_spawn;667.00;9.50;1978.00;-1.57;2346
58;naval_base_spawn;193.00;9.50;2292.00;-3.75;2333
58;naval_base_spawn;685.00;9.50;1952.00;-3.93;2548
58;naval_base_spawn;92.00;9.50;2139.00;-3.93;2352
58;naval_base_spawn;270.00;9.50;1958.00;1.57;2395
58;naval_base_spawn;653.00;9.50;1971.00;-1.57;2346
58;naval_base_spawn;224.00;9.50;2225.00;-2.27;2404
58;naval_base_spawn;496.00;10.40;2082.00;-0.45;2346
58;naval_base_spawn;625.00;9.50;2001.00;1.57;2346
58;naval_base_spawn;83.00;9.50;2053.00;-3.93;2352
58;naval_base_spawn;452.00;9.50;2064.00;-3.93;2346
58;naval_base_spawn;24.00;9.50;1882.00;-3.14;2494
58;naval_base_spawn;94.00;9.50;1886.00;-1.57;2494
58;naval_base_spawn;717.00;9.50;1900.00;-1.57;2548
58;naval_base_spawn;800.00;9.90;1822.00;-1.57;2548
58;naval_base_spawn;701.00;9.50;1929.00;1.57;2548
58;naval_base_spawn;812.00;9.50;1804.00;-1.57;2548
58;naval_base_spawn;196.00;9.50;1929.00;-3.14;2395
58;naval_base_spawn;362.00;9.50;1985.00;-3.14;2395
58;naval_base_spawn;283.00;9.50;1954.00;-1.57;2395
58;naval_base_spawn;455.00;9.57;2075.00;-3.14;2346
58;naval_base_spawn;758.00;9.50;1857.00;-3.14;2548
58;naval_base_spawn;5096.00;9.50;1882.00;-1.57;2329
58;naval_base_spawn;725.00;9.50;1895.00;1.57;2548
58;naval_base_spawn;735.00;9.50;1874.00;-1.57;2548
58;naval_base_spawn;716.00;9.50;1910.00;-3.93;2548
58;naval_base_spawn;682.00;9.75;1955.00;-1.57;2548
58;naval_base_spawn;650.00;9.50;2012.00;1.57;2346
58;naval_base_spawn;35.00;9.50;1879.00;-3.93;2494
58;naval_base_spawn;697.00;9.50;1951.00;1.57;2548
58;naval_base_spawn;655.00;9.50;1967.00;-3.93;2346
58;naval_base_spawn;791.00;10.00;1771.00;1.57;2548
58;naval_base_spawn;806.00;9.50;1815.00;-1.57;2548
58;naval_base_spawn;5054.00;9.50;1883.00;-3.93;2329
58;naval_base_spawn;656.00;9.88;2010.00;1.57;2346
58;naval_base_spawn;129.00;9.50;1898.00;1.57;2395
58;naval_base_spawn;201.00;9.50;1933.00;-3.93;2395
58;naval_base_spawn;695.00;9.50;1949.00;-3.14;2548
58;naval_base_spawn;651.00;9.88;1977.00;-1.57;2346
57;naval_base_spawn;785.00;9.50;1701.00;-1.02;2360
57;naval_base_spawn;880.00;9.50;1528.00;-1.18;2360
57;naval_base_spawn;856.00;9.53;1543.00;-0.73;2360
57;naval_base_spawn;837.00;9.50;1557.00;-1.42;2360
57;naval_base_spawn;851.00;9.50;1535.00;-3.14;2360
43;naval_base_spawn;1242.00;10.20;1461.00;0.83;2377
43;naval_base_spawn;1246.00;9.50;1457.00;-1.57;2377
46;naval_base_spawn;1170.00;9.62;1408.00;-3.93;2377
46;naval_base_spawn;1197.00;9.70;1447.00;0.21;2377
46;naval_base_spawn;1166.00;9.65;1417.00;1.18;2377
172;naval_base_spawn;3685.00;9.50;1109.00;-2.68;2453
172;naval_base_spawn;3712.00;9.70;1071.00;-4.25;2453
172;naval_base_spawn;3704.00;9.50;1053.00;-3.31;2453
171;naval_base_spawn;4246.00;9.50;1373.00;0.08;2405
171;naval_base_spawn;4166.00;9.50;1319.00;-3.93;2515
20;naval_base_spawn;4347.00;9.50;1507.00;-1.57;2398
20;naval_base_spawn;4772.00;9.50;1843.00;1.57;2483
20;naval_base_spawn;4366.00;9.50;1401.00;-1.57;2551
20;naval_base_spawn;4386.00;9.50;1427.00;-3.93;2551
20;naval_base_spawn;4365.00;9.50;1535.00;1.57;2398
20;naval_base_spawn;4387.00;9.50;1533.00;1.57;2421
20;naval_base_spawn;4412.00;9.73;1460.00;-3.93;2421
20;naval_base_spawn;4514.00;9.50;1593.00;-3.14;2421
20;naval_base_spawn;4376.00;9.60;1535.00;-3.14;2421
20;naval_base_spawn;4399.00;9.50;1455.00;-3.14;2421
20;naval_base_spawn;4355.00;9.50;1531.00;-1.57;2398
20;naval_base_spawn;4397.00;10.10;1491.00;-1.57;2421
20;naval_base_spawn;4464.00;9.55;1526.00;-3.14;2421
20;naval_base_spawn;4378.00;9.50;1496.00;-3.14;2421
20;naval_base_spawn;4341.00;9.50;1529.00;1.57;2398
42;naval_base_spawn;4867.00;9.50;1967.00;1.54;2329
42;naval_base_spawn;4799.00;9.50;1876.00;-0.38;2483
42;naval_base_spawn;4929.00;9.50;1931.00;1.57;2329
42;naval_base_spawn;4822.00;9.50;1917.00;1.22;2483
42;naval_base_spawn;4760.00;9.50;1941.00;-1.74;2483
42;naval_base_spawn;4884.00;9.50;2052.00;1.00;2329
42;naval_base_spawn;4814.00;9.50;2017.00;-2.30;2483
42;naval_base_spawn;4912.00;9.50;1936.00;1.57;2329
42;naval_base_spawn;4876.00;9.50;2023.00;-0.79;2329
42;naval_base_spawn;4780.00;9.50;1996.00;-2.84;2483
42;naval_base_spawn;4766.00;9.50;1971.00;-2.48;2483
1;naval_base_spawn;4842.00;9.50;2334.00;-1.57;2364
1;naval_base_spawn;82.00;9.50;2169.00;1.57;2352
1;naval_base_spawn;4825.00;9.50;2335.00;-3.14;2364
1;naval_base_spawn;4833.00;9.50;2290.00;1.57;2364
1;naval_base_spawn;4963.00;9.50;2303.00;1.57;2364
1;naval_base_spawn;5119.00;9.50;2196.00;-1.57;2329
125;naval_base_spawn;1687.00;9.90;1109.00;-3.79;2477
125;naval_base_spawn;1539.00;10.20;1117.00;-2.32;2443
173;naval_base_spawn;1718.00;10.12;1080.00;-3.20;2477
5;naval_base_spawn;2308.00;9.60;1418.00;-3.14;2414
5;naval_base_spawn;2298.00;9.50;1426.00;1.57;2414
5;naval_base_spawn;2360.00;9.50;1437.00;-1.57;2414
5;naval_base_spawn;2314.00;9.65;1422.00;-3.14;2414
5;naval_base_spawn;2354.00;9.50;1429.00;-1.57;2414
5;naval_base_spawn;2328.00;9.50;1413.00;1.57;2414
6;naval_base_spawn;2797.00;9.78;1647.00;-2.76;2386
6;naval_base_spawn;2745.00;9.50;1580.00;-3.93;2317
6;naval_base_spawn;2667.00;9.73;1709.00;0.16;2361
6;naval_base_spawn;2784.00;9.65;1694.00;-3.14;2386
6;naval_base_spawn;2673.00;9.50;1668.00;-3.93;2361
6;naval_base_spawn;2725.00;9.75;1712.00;-4.12;2386
6;naval_base_spawn;2792.00;9.62;1695.00;1.41;2386
6;naval_base_spawn;2776.00;9.80;1606.00;0.32;2317
6;naval_base_spawn;2645.00;9.62;1693.00;-0.06;2361
6;naval_base_spawn;2677.00;9.50;1612.00;0.46;2361
6;naval_base_spawn;2669.00;9.50;1642.00;-2.82;2361
6;naval_base_spawn;2790.00;9.50;1685.00;-3.93;2386
6;naval_base_spawn;2751.00;9.50;1558.00;-3.93;2317
6;naval_base_spawn;2731.00;9.50;1659.00;-1.42;2361
6;naval_base_spawn;2782.00;9.62;1688.00;1.57;2386
6;naval_base_spawn;2759.00;9.50;1725.00;1.57;2386
6;naval_base_spawn;2757.00;9.50;1557.00;1.57;2317
6;naval_base_spawn;2698.00;9.50;1684.00;1.57;2361
6;naval_base_spawn;2755.00;9.50;1720.00;1.57;2386
6;naval_base_spawn;2799.00;9.80;1683.00;-3.93;2386
6;naval_base_spawn;2765.00;9.82;1706.00;-3.14;2386
6;naval_base_spawn;2763.00;9.50;1716.00;-3.93;2386
6;naval_base_spawn;2786.00;9.68;1690.00;-3.93;2386
4;naval_base_spawn;2822.00;9.53;1671.00;-0.14;2386
62;naval_base_spawn;2834.00;9.50;1632.00;-0.46;2317
64;naval_base_spawn;2924.00;9.62;1589.00;-3.14;2317
64;naval_base_spawn;2886.00;10.03;1645.00;0.04;2317
64;naval_base_spawn;2844.00;9.60;1600.00;-3.14;2317
64;naval_base_spawn;2912.00;9.73;1544.00;-2.36;2317
64;naval_base_spawn;2898.00;9.50;1569.00;-3.14;2317
64;naval_base_spawn;2907.00;9.73;1631.00;1.57;2317
64;naval_base_spawn;2923.00;9.68;1619.00;-3.93;2317
64;naval_base_spawn;2931.00;9.50;1589.00;-3.93;2317
64;naval_base_spawn;2909.00;9.73;1578.00;1.57;2317
64;naval_base_spawn;2907.00;9.62;1588.00;1.57;2317
64;naval_base_spawn;2919.00;9.70;1635.00;-1.57;2317
64;naval_base_spawn;2882.00;9.65;1612.00;1.57;2317
64;naval_base_spawn;2898.00;9.50;1612.00;-1.57;2317
64;naval_base_spawn;2830.00;9.55;1626.00;1.57;2317
64;naval_base_spawn;2914.00;9.50;1639.00;-1.57;2317
64;naval_base_spawn;2919.00;9.62;1599.00;-3.93;2317
64;naval_base_spawn;2913.00;9.50;1574.00;-3.93;2317
64;naval_base_spawn;2896.00;9.50;1595.00;-1.57;2317
64;naval_base_spawn;2847.00;9.60;1590.00;1.57;2317
64;naval_base_spawn;2896.00;9.73;1583.00;1.57;2317
64;naval_base_spawn;2912.00;9.50;1569.00;-3.93;2317
64;naval_base_spawn;2877.00;9.62;1562.00;-1.57;2317
64;naval_base_spawn;2904.00;9.60;1592.00;1.57;2317
64;naval_base_spawn;2844.00;9.50;1609.00;-3.93;2317
64;naval_base_spawn;2896.00;9.70;1588.00;-3.93;2317
32;naval_base_spawn;2955.00;9.65;1699.00;-4.55;2317
32;naval_base_spawn;2902.00;10.05;1645.00;1.57;2317
3;naval_base_spawn;2965.00;9.50;1723.00;1.40;2317
11;naval_base_spawn;3091.00;9.50;1767.00;-0.70;2317
12;naval_base_spawn;3104.00;9.50;1710.00;-1.73;2317
2;naval_base_spawn;3049.00;9.50;1737.00;0.24;2317
2;naval_base_spawn;2839.00;9.60;1929.00;-1.24;2493
2;naval_base_spawn;2625.00;9.50;1895.00;-1.92;2410
2;naval_base_spawn;2867.00;10.53;2018.00;-1.57;2369
2;naval_base_spawn;2905.00;9.75;2031.00;-3.43;2369
2;naval_base_spawn;2899.00;9.50;2004.00;-0.93;2369
2;naval_base_spawn;2743.00;9.73;1921.00;-3.14;2493
2;naval_base_spawn;2751.00;9.78;1909.00;-3.14;2493
2;naval_base_spawn;2850.00;9.50;1969.00;-2.47;2369
2;naval_base_spawn;2880.00;9.50;2007.00;-3.93;2369
2;naval_base_spawn;2706.00;9.80;1920.00;-1.57;2493
2;naval_base_spawn;2668.00;9.50;1928.00;-1.57;2410
13;naval_base_spawn;3200.00;9.93;2489.00;-4.51;2472
13;naval_base_spawn;3354.00;9.50;2479.00;1.33;2540
13;naval_base_spawn;3343.00;9.57;2336.00;-4.59;2324
13;naval_base_spawn;3227.00;9.50;2484.00;-2.03;2472
13;naval_base_spawn;3317.00;9.70;2470.00;1.57;2472
13;naval_base_spawn;3321.00;9.50;2494.00;-1.85;2472
13;naval_base_spawn;3555.00;9.55;2421.00;-4.65;2496
13;naval_base_spawn;3472.00;9.62;2275.00;-3.80;2324
13;naval_base_spawn;3188.00;9.53;2259.00;-2.25;2399
13;naval_base_spawn;3374.00;9.50;2458.00;1.57;2540
13;naval_base_spawn;3391.00;9.73;2513.00;-1.57;2540
13;naval_base_spawn;3384.00;9.50;2500.00;-1.57;2540
13;naval_base_spawn;3485.00;9.50;2489.00;-1.57;2540
13;naval_base_spawn;3373.00;9.85;2479.00;-3.93;2540
13;naval_base_spawn;3107.00;9.50;2155.00;-2.63;2399
13;naval_base_spawn;3324.00;9.62;2386.00;-3.02;2452
13;naval_base_spawn;3366.00;9.50;2262.00;-2.08;2452
13;naval_base_spawn;3383.00;9.50;2299.00;-1.57;2324
13;naval_base_spawn;3354.00;9.50;2368.00;-4.33;2324
13;naval_base_spawn;3251.00;10.60;2454.00;-1.57;2472
13;naval_base_spawn;3324.00;9.50;2250.00;-3.14;2452
13;naval_base_spawn;3443.00;9.62;2289.00;-3.04;2324
13;naval_base_spawn;3294.00;9.50;2344.00;-2.03;2452
13;naval_base_spawn;3448.00;9.82;2491.00;-3.93;2540
13;naval_base_spawn;3332.00;9.50;2462.00;-1.57;2472
13;naval_base_spawn;3369.00;9.50;2531.00;-3.14;2540
13;naval_base_spawn;3354.00;9.50;2516.00;1.57;2540
13;naval_base_spawn;3299.00;9.50;2332.00;-1.57;2452
13;naval_base_spawn;3399.00;9.62;2253.00;-2.91;2324
13;naval_base_spawn;3333.00;9.82;2402.00;-2.57;2540
13;naval_base_spawn;3333.00;9.55;2318.00;-1.57;2452
13;naval_base_spawn;3437.00;9.50;2529.00;-1.57;2540
13;naval_base_spawn;3256.00;9.50;2270.00;-3.93;2452
13;naval_base_spawn;3312.00;9.73;2473.00;-3.93;2472
13;naval_base_spawn;3405.00;9.50;2510.00;-1.57;2540
13;naval_base_spawn;3344.00;9.73;2469.00;-2.36;2472
13;naval_base_spawn;3090.00;9.50;2160.00;-2.99;2399
13;naval_base_spawn;3167.00;9.50;2190.00;-2.70;2399
13;naval_base_spawn;3322.00;9.50;2473.00;-3.14;2472
13;naval_base_spawn;3314.00;9.50;2269.00;-3.14;2452
13;naval_base_spawn;3412.00;9.53;2498.00;-1.57;2540
13;naval_base_spawn;3312.00;9.75;2464.00;-1.57;2472
13;naval_base_spawn;3342.00;9.50;2457.00;-1.68;2472
13;naval_base_spawn;3285.00;9.50;2459.00;1.57;2472
13;naval_base_spawn;3338.00;9.50;2504.00;-1.57;2472
13;naval_base_spawn;3255.00;9.75;2502.00;1.57;2472
13;naval_base_spawn;3374.00;9.50;2498.00;-3.93;2540
13;naval_base_spawn;3229.00;9.50;2218.00;-2.72;2452
13;naval_base_spawn;3230.00;9.62;2457.00;-3.93;2472
13;naval_base_spawn;3417.00;9.50;2453.00;-3.14;2540
13;naval_base_spawn;2943.00;9.50;2055.00;-1.99;2369
13;naval_base_spawn;3378.00;9.50;2486.00;1.57;2540
13;naval_base_spawn;3430.00;9.50;2524.00;-1.57;2540
13;naval_base_spawn;3362.00;9.50;2501.00;-3.93;2540
13;naval_base_spawn;3204.00;9.50;2212.00;-2.84;2452
13;naval_base_spawn;3328.00;9.70;2469.00;1.57;2472
13;naval_base_spawn;3389.00;9.50;2262.00;-3.10;2324
13;naval_base_spawn;3225.00;9.50;2453.00;-3.93;2472
13;naval_base_spawn;3486.00;9.50;2274.00;-1.57;2324
13;naval_base_spawn;3276.00;9.50;2466.00;1.57;2472
13;naval_base_spawn;3298.00;9.50;2474.00;-1.57;2472
13;naval_base_spawn;3393.00;9.53;2450.00;-3.14;2540
34;naval_base_spawn;3713.00;9.65;2406.00;-1.57;2496
34;naval_base_spawn;3731.00;9.60;2318.00;1.57;2496
34;naval_base_spawn;3505.00;9.50;2285.00;1.57;2324
34;naval_base_spawn;3727.00;9.65;2304.00;-1.57;2496
34;naval_base_spawn;3658.00;9.57;2387.00;-3.14;2496
98;naval_base_spawn;4549.00;9.75;1888.00;1.46;2487
98;naval_base_spawn;4275.00;9.50;1627.00;-0.14;2398
98;naval_base_spawn;4421.00;9.50;1692.00;0.80;2487
98;naval_base_spawn;4496.00;9.78;1931.00;-1.57;2409
98;naval_base_spawn;4511.00;9.70;1931.00;-3.14;2409
98;naval_base_spawn;4494.00;9.57;1731.00;0.92;2487
98;naval_base_spawn;4260.00;10.48;1640.00;0.71;2398
97;naval_base_spawn;4271.00;9.50;1483.00;-1.57;2398
17;naval_base_spawn;2501.00;9.65;1959.00;-3.61;2410
17;naval_base_spawn;2454.00;9.50;2004.00;-3.14;2460
17;naval_base_spawn;2541.00;9.50;1841.00;-0.43;2410
17;naval_base_spawn;2466.00;9.50;1982.00;-2.16;2460
17;naval_base_spawn;2464.00;9.82;1962.00;-3.93;2460
17;naval_base_spawn;2471.00;9.85;1960.00;-1.29;2460
17;naval_base_spawn;2495.00;9.62;1999.00;-4.36;2522
17;naval_base_spawn;2504.00;9.70;2021.00;1.57;2522
17;naval_base_spawn;2525.00;9.55;2065.00;-1.57;2522
17;naval_base_spawn;2519.00;9.50;1806.00;-3.93;2410
17;naval_base_spawn;2512.00;9.50;2024.00;-3.14;2522
17;naval_base_spawn;2443.00;9.53;1981.00;-3.93;2460
17;naval_base_spawn;2486.00;9.50;1891.00;-3.14;2410
17;naval_base_spawn;2446.00;9.70;1987.00;-1.57;2460
17;naval_base_spawn;2459.00;9.68;1948.00;-3.14;2460
17;naval_base_spawn;2456.00;9.73;1968.00;1.57;2460
17;naval_base_spawn;2486.00;9.65;1915.00;1.57;2460
17;naval_base_spawn;2450.00;9.82;1964.00;-1.57;2460
17;naval_base_spawn;2529.00;9.50;1837.00;-1.57;2410
17;naval_base_spawn;2478.00;9.60;1923.00;-3.14;2460
17;naval_base_spawn;2473.00;9.50;1940.00;1.57;2460
17;naval_base_spawn;2503.00;9.50;2015.00;-3.93;2522
67;naval_base_spawn;2445.00;9.65;1870.00;-0.76;2466
67;naval_base_spawn;2410.00;10.60;1915.00;-1.57;2466
66;naval_base_spawn;2464.00;9.88;1911.00;-4.33;2460
10;naval_base_spawn;2813.00;9.82;1993.00;-4.25;2369
10;naval_base_spawn;2784.00;9.85;1983.00;-4.12;2369
10;naval_base_spawn;2856.00;10.10;2152.00;1.27;2369
10;naval_base_spawn;2806.00;9.65;2021.00;0.98;2369
10;naval_base_spawn;2710.00;9.50;2016.00;-0.91;2493
10;naval_base_spawn;2822.00;9.68;2122.00;0.64;2369
10;naval_base_spawn;2797.00;9.75;2101.00;0.43;2369
10;naval_base_spawn;2784.00;9.50;1964.00;-0.42;2493
10;naval_base_spawn;2724.00;9.50;1981.00;-1.30;2493
9;naval_base_spawn;3121.00;9.50;2241.00;-4.35;2399
9;naval_base_spawn;3065.00;9.62;2271.00;-3.26;2456
9;naval_base_spawn;2884.00;9.50;2043.00;-0.27;2369
9;naval_base_spawn;2842.00;9.57;2054.00;1.57;2369
9;naval_base_spawn;3019.00;9.60;2204.00;-4.58;2399
9;naval_base_spawn;3015.00;9.50;2287.00;-4.05;2456
9;naval_base_spawn;3074.00;9.50;2137.00;-3.39;2399
9;naval_base_spawn;2854.00;10.10;2091.00;-1.41;2369
9;naval_base_spawn;2910.00;9.50;2170.00;-1.95;2369
9;naval_base_spawn;2895.00;9.50;2185.00;-0.37;2369
9;naval_base_spawn;3046.00;9.53;2185.00;-3.98;2399
9;naval_base_spawn;3035.00;9.65;2279.00;-3.49;2456
9;naval_base_spawn;2834.00;10.78;2053.00;-3.14;2369
9;naval_base_spawn;2864.00;9.65;2120.00;-1.93;2369
9;naval_base_spawn;2904.00;9.95;2166.00;1.57;2369
9;naval_base_spawn;2959.00;9.60;2058.00;-0.50;2369
9;naval_base_spawn;2853.00;10.03;2121.00;1.57;2369
9;naval_base_spawn;3059.00;9.50;2165.00;-1.57;2399
9;naval_base_spawn;2830.00;10.90;2049.00;1.57;2369
9;naval_base_spawn;2842.00;9.50;2044.00;-3.93;2369
7;naval_base_spawn;2791.00;9.50;2458.00;0.79;2492
7;naval_base_spawn;2758.00;10.65;2450.00;-1.57;2492
7;naval_base_spawn;2625.00;9.50;2054.00;-1.44;2522
7;naval_base_spawn;2728.00;9.78;2190.00;-2.25;2334
7;naval_base_spawn;2745.00;9.70;2251.00;1.57;2334
7;naval_base_spawn;2815.00;10.32;2422.00;-3.14;2492
7;naval_base_spawn;2762.00;9.82;2239.00;-3.14;2334
7;naval_base_spawn;2764.00;10.82;2255.00;-1.57;2334
7;naval_base_spawn;2630.00;9.50;2018.00;-1.72;2522
7;naval_base_spawn;2858.00;9.50;2300.00;-2.55;2334
7;naval_base_spawn;2735.00;9.50;2464.00;-1.89;2492
7;naval_base_spawn;2841.00;9.50;2286.00;-2.98;2334
7;naval_base_spawn;2794.00;11.65;2253.00;-1.89;2334
7;naval_base_spawn;2669.00;9.50;2120.00;-2.45;2522
7;naval_base_spawn;2693.00;9.93;2435.00;0.22;2492
7;naval_base_spawn;2778.00;9.53;2274.00;-1.57;2334
7;naval_base_spawn;2575.00;9.50;2461.00;-1.74;2491
7;naval_base_spawn;2734.00;9.85;2239.00;1.57;2334
7;naval_base_spawn;2657.00;9.75;2106.00;-2.55;2522
7;naval_base_spawn;2865.00;9.50;2453.00;-3.14;2420
7;naval_base_spawn;2642.00;9.50;2105.00;-1.85;2522
7;naval_base_spawn;2908.00;9.50;2309.00;-3.46;2420
7;naval_base_spawn;2727.00;10.28;2464.00;-4.51;2492
7;naval_base_spawn;2912.00;9.50;2481.00;-3.93;2420
7;naval_base_spawn;2710.00;9.53;2162.00;-3.93;2334
7;naval_base_spawn;2591.00;9.50;2445.00;1.33;2492
7;naval_base_spawn;2730.00;9.70;2178.00;-1.72;2334
7;naval_base_spawn;2456.00;9.50;2297.00;-0.59;2428
7;naval_base_spawn;2799.00;10.43;2282.00;-1.57;2334
7;naval_base_spawn;2738.00;9.50;2245.00;-1.57;2334
7;naval_base_spawn;2691.00;9.50;2019.00;0.98;2493
7;naval_base_spawn;2707.00;9.50;2139.00;-1.57;2334
7;naval_base_spawn;2650.00;9.98;2445.00;-1.57;2492
7;naval_base_spawn;2825.00;9.50;2293.00;1.57;2334
7;naval_base_spawn;2982.00;9.85;2313.00;-3.50;2420
7;naval_base_spawn;2824.00;9.50;2302.00;-1.57;2334
7;naval_base_spawn;2815.00;9.50;2299.00;-3.14;2334
7;naval_base_spawn;2841.00;9.80;2302.00;-3.93;2334
7;naval_base_spawn;2892.00;10.05;2327.00;-3.14;2420
7;naval_base_spawn;2875.00;9.50;2313.00;-4.25;2420
7;naval_base_spawn;2880.00;9.50;2306.00;-3.93;2420
7;naval_base_spawn;2728.00;10.23;2193.00;1.57;2334
7;naval_base_spawn;2842.00;9.78;2452.00;-1.89;2492
7;naval_base_spawn;2624.00;9.50;2038.00;-1.57;2522
7;naval_base_spawn;2678.00;9.50;2128.00;-1.57;2522
7;naval_base_spawn;2622.00;9.60;2051.00;-1.57;2522
7;naval_base_spawn;2891.00;10.10;2317.00;-3.93;2420
7;naval_base_spawn;2783.00;9.50;2268.00;-3.93;2334
7;naval_base_spawn;2663.00;9.50;2124.00;-3.14;2522
7;naval_base_spawn;2833.00;10.45;2302.00;-3.93;2334
7;naval_base_spawn;2694.00;10.07;2033.00;0.54;2493
7;naval_base_spawn;2905.00;10.53;2457.00;-1.57;2420
7;naval_base_spawn;2674.00;9.50;2132.00;-3.14;2522
7;naval_base_spawn;2695.00;9.50;2472.00;-3.93;2492
7;naval_base_spawn;2851.00;9.50;2472.00;-3.93;2420
7;naval_base_spawn;2845.00;9.50;2297.00;-3.14;2334
7;naval_base_spawn;2793.00;9.88;2264.00;-1.57;2334
8;naval_base_spawn;2701.00;9.98;2125.00;-3.14;2334
162;naval_base_spawn;2444.00;9.50;2103.00;-3.14;2460
162;naval_base_spawn;2451.00;9.88;2108.00;-3.93;2460
162;naval_base_spawn;2444.00;9.50;2099.00;-3.93;2460
162;naval_base_spawn;2446.00;9.50;2089.00;-3.93;2460
144;naval_base_spawn;2344.00;9.90;2192.00;-3.39;2428
144;naval_base_spawn;2229.00;9.50;2149.00;-1.71;2332
144;naval_base_spawn;2216.00;9.88;2192.00;-1.89;2332
144;naval_base_spawn;2300.00;9.68;2202.00;-2.57;2428
144;naval_base_spawn;2267.00;9.65;2202.00;-2.86;2428
144;naval_base_spawn;2327.00;9.82;2157.00;0.17;2403
144;naval_base_spawn;2299.00;9.60;2145.00;-0.16;2403
128;naval_base_spawn;1533.00;9.50;2455.00;-1.54;2440
128;naval_base_spawn;1828.00;9.60;2134.00;-2.18;2475
128;naval_base_spawn;2262.00;9.65;2413.00;1.57;2516
128;naval_base_spawn;1814.00;10.40;2244.00;-1.70;2382
128;naval_base_spawn;1998.00;9.50;2192.00;0.96;2332
128;naval_base_spawn;2296.00;10.43;2531.00;-4.04;2489
128;naval_base_spawn;2210.00;10.25;2367.00;1.57;2516
128;naval_base_spawn;1916.00;9.70;2548.00;-1.95;2440
128;naval_base_spawn;2218.00;9.85;2296.00;1.48;2332
128;naval_base_spawn;1952.00;9.60;2122.00;1.46;2332
128;naval_base_spawn;1926.00;10.23;2069.00;0.79;2365
128;naval_base_spawn;1780.00;9.50;2315.00;-1.27;2382
128;naval_base_spawn;1818.00;9.50;2218.00;-2.53;2382
128;naval_base_spawn;1614.00;9.60;2503.00;-1.74;2440
128;naval_base_spawn;1834.00;9.65;2193.00;-1.28;2475
128;naval_base_spawn;1700.00;9.50;2431.00;-0.52;2382
128;naval_base_spawn;2234.00;11.93;2386.00;1.35;2516
128;naval_base_spawn;2159.00;9.60;2533.00;-4.00;2489
128;naval_base_spawn;2098.00;9.50;2259.00;0.46;2332
128;naval_base_spawn;1978.00;9.50;2164.00;0.79;2332
128;naval_base_spawn;2177.00;9.50;2535.00;-4.55;2489
128;naval_base_spawn;1806.00;9.50;2542.00;-3.06;2440
128;naval_base_spawn;1777.00;9.50;2306.00;1.57;2382
128;naval_base_spawn;1746.00;9.50;2389.00;-0.52;2382
128;naval_base_spawn;2170.00;9.53;2309.00;1.23;2332
128;naval_base_spawn;1804.00;9.53;2215.00;-3.14;2382
128;naval_base_spawn;1900.00;9.55;2543.00;-2.80;2440
128;naval_base_spawn;1790.00;9.50;2242.00;1.57;2382
128;naval_base_spawn;1651.00;9.50;2521.00;-3.14;2440
128;naval_base_spawn;1753.00;9.50;2362.00;-0.98;2382
128;naval_base_spawn;1828.00;9.53;2164.00;1.57;2475
128;naval_base_spawn;2189.00;10.03;2350.00;1.38;2516
128;naval_base_spawn;1939.00;9.80;2119.00;1.02;2365
128;naval_base_spawn;1830.00;9.50;2167.00;1.57;2475
128;naval_base_spawn;1902.00;9.50;2076.00;-3.14;2365
128;naval_base_spawn;1975.00;9.50;2148.00;1.47;2332
128;naval_base_spawn;1730.00;9.50;2404.00;1.57;2382
128;naval_base_spawn;1930.00;10.10;2053.00;-3.14;2365
128;naval_base_spawn;1958.00;9.50;2131.00;-1.57;2332
128;naval_base_spawn;1747.00;9.50;2365.00;-3.14;2382
128;naval_base_spawn;1794.00;9.50;2322.00;-1.57;2382
128;naval_base_spawn;1778.00;9.50;2324.00;-3.93;2382
128;naval_base_spawn;2195.00;9.50;2378.00;1.24;2516
128;naval_base_spawn;1824.00;9.50;2251.00;-0.84;2382
128;naval_base_spawn;2270.00;9.50;2460.00;-3.93;2516
128;naval_base_spawn;1788.00;9.50;2333.00;-1.06;2382
128;naval_base_spawn;2042.00;9.53;2212.00;0.73;2332
128;naval_base_spawn;2019.00;9.50;2197.00;-3.93;2332
128;naval_base_spawn;1941.00;9.57;2085.00;1.12;2365
128;naval_base_spawn;1763.00;9.50;2302.00;-2.36;2382
128;naval_base_spawn;1797.00;9.50;2223.00;-1.57;2382
128;naval_base_spawn;1911.00;10.12;2065.00;-3.14;2365
128;naval_base_spawn;2025.00;9.50;2193.00;-1.57;2332
128;naval_base_spawn;1847.00;9.62;2538.00;-3.14;2440
128;naval_base_spawn;2245.00;10.32;2534.00;-1.57;2489
128;naval_base_spawn;1842.00;9.50;2242.00;-1.13;2382
128;naval_base_spawn;1973.00;9.50;2157.00;-3.14;2332
128;naval_base_spawn;1854.00;9.53;2552.00;-1.57;2440
54;naval_base_spawn;1385.00;9.78;1903.00;-4.04;2513
54;naval_base_spawn;1306.00;9.50;1975.00;-4.08;2513
54;naval_base_spawn;1423.00;9.65;1978.00;-3.93;2513
54;naval_base_spawn;1427.00;9.50;1975.00;-1.57;2513
54;naval_base_spawn;1432.00;9.50;1976.00;-1.57;2513
54;naval_base_spawn;1389.00;9.50;1910.00;1.57;2513
54;naval_base_spawn;1639.00;9.53;1814.00;-4.58;2380
54;naval_base_spawn;1415.00;9.50;1977.00;1.57;2513
143;naval_base_spawn;1386.00;9.80;1335.00;-1.87;2377
143;naval_base_spawn;1377.00;10.32;1324.00;-2.36;2377
143;naval_base_spawn;1438.00;9.50;1335.00;-3.14;2318
143;naval_base_spawn;1428.00;9.50;1308.00;-3.14;2318
161;naval_base_spawn;1673.00;9.50;1246.00;1.57;2511
161;naval_base_spawn;1503.00;10.28;1265.00;-1.57;2318
161;naval_base_spawn;1561.00;9.50;1172.00;-3.14;2555
161;naval_base_spawn;1446.00;9.50;1405.00;1.57;2537
161;naval_base_spawn;1455.00;9.78;1396.00;-3.93;2537
161;naval_base_spawn;1570.00;9.50;1170.00;-3.14;2555
161;naval_base_spawn;1582.00;9.50;1167.00;-1.57;2555
161;naval_base_spawn;1444.00;9.95;1379.00;-3.14;2537
161;naval_base_spawn;1453.00;9.50;1260.00;1.57;2318
161;naval_base_spawn;1663.00;9.95;1250.00;-3.14;2511
161;naval_base_spawn;1681.00;9.98;1219.00;-1.57;2511
161;naval_base_spawn;1477.00;9.50;1371.00;-3.93;2318
161;naval_base_spawn;1673.00;9.50;1235.00;1.57;2511
161;naval_base_spawn;1686.00;9.50;1151.00;-1.57;2477
161;naval_base_spawn;1684.00;9.90;1210.00;-3.61;2511
161;naval_base_spawn;1598.00;9.50;1264.00;-1.57;2318
161;naval_base_spawn;1449.00;9.78;1359.00;-3.93;2318
161;naval_base_spawn;1675.00;9.70;1165.00;1.57;2477
161;naval_base_spawn;1514.00;9.73;1314.00;-3.93;2318
161;naval_base_spawn;1679.00;9.55;1143.00;-1.57;2477
161;naval_base_spawn;1503.00;9.70;1338.00;-3.14;2318
161;naval_base_spawn;1489.00;9.73;1347.00;-1.57;2318
161;naval_base_spawn;1446.00;9.50;1412.00;-3.14;2537
161;naval_base_spawn;1657.00;10.45;1262.00;1.57;2511
161;naval_base_spawn;1534.00;9.50;1324.00;1.57;2318
161;naval_base_spawn;1529.00;9.50;1326.00;-3.93;2318
161;naval_base_spawn;1498.00;9.50;1340.00;-3.14;2318
161;naval_base_spawn;1515.00;10.15;1276.00;-3.14;2318
161;naval_base_spawn;1395.00;9.50;1284.00;-1.57;2318
161;naval_base_spawn;1638.00;9.55;1148.00;-1.57;2555
161;naval_base_spawn;1680.00;9.50;1183.00;1.57;2477
161;naval_base_spawn;1470.00;9.73;1382.00;-3.14;2537
161;naval_base_spawn;1634.00;9.50;1259.00;-2.36;2555
161;naval_base_spawn;1416.00;9.80;1224.00;-3.14;2443
161;naval_base_spawn;1706.00;9.88;1183.00;-1.57;2477
161;naval_base_spawn;1686.00;9.50;1192.00;-3.93;2477
161;naval_base_spawn;1452.00;9.85;1379.00;-1.57;2537
156;naval_base_spawn;2674.00;9.93;1010.00;-3.93;2339
156;naval_base_spawn;2645.00;9.80;962.00;-3.93;2339
167;naval_base_spawn;2476.00;9.73;704.00;-3.93;2390
165;naval_base_spawn;2223.00;9.53;1217.00;-1.57;2345
165;naval_base_spawn;2186.00;9.50;1231.00;-1.57;2465
165;naval_base_spawn;2199.00;9.50;1197.00;-3.93;2345
165;naval_base_spawn;2208.00;9.50;1203.00;-3.93;2345
15;naval_base_spawn;2498.00;9.50;1781.00;-1.71;2410
35;naval_base_spawn;2720.00;9.50;1931.00;-3.93;2493
35;naval_base_spawn;2699.00;10.40;1985.00;-3.46;2493
35;naval_base_spawn;2712.00;10.03;1927.00;-3.93;2493
35;naval_base_spawn;2728.00;9.82;1931.00;-1.57;2493
35;naval_base_spawn;2765.00;9.50;1932.00;1.57;2493
35;naval_base_spawn;2719.00;9.95;1929.00;1.57;2493
35;naval_base_spawn;2696.00;9.93;1929.00;-3.14;2493
35;naval_base_spawn;2701.00;9.88;1950.00;1.57;2493
71;naval_base_spawn;3026.00;9.68;1545.00;-4.25;2455
70;naval_base_spawn;2949.00;9.73;1562.00;-1.57;2317
70;naval_base_spawn;2935.00;9.50;1550.00;-3.93;2317
70;naval_base_spawn;2924.00;9.50;1568.00;1.57;2317
65;naval_base_spawn;2141.00;9.50;1605.00;1.57;2357
65;naval_base_spawn;2147.00;9.50;1603.00;1.57;2357
65;naval_base_spawn;2165.00;9.50;1607.00;1.57;2357
65;naval_base_spawn;2184.00;9.50;1592.00;-1.57;2357
65;naval_base_spawn;2308.00;9.50;1499.00;-3.93;2414
65;naval_base_spawn;2155.00;9.50;1604.00;-3.14;2357
160;naval_base_spawn;3618.00;9.50;338.00;1.57;2432
160;naval_base_spawn;3636.00;9.50;321.00;-3.14;2432
155;naval_base_spawn;3369.00;9.50;635.00;1.57;2384
177;naval_base_spawn;4024.00;9.50;973.00;-1.57;2457
150;naval_base_spawn;4922.00;9.50;92.00;-3.93;2444
150;naval_base_spawn;4819.00;9.50;67.00;-1.57;2444
154;naval_base_spawn;3346.00;9.50;872.00;-1.57;2430
154;naval_base_spawn;3207.00;9.50;801.00;-3.14;2355
175;naval_base_spawn;2370.00;9.50;1078.00;-1.57;2459
176;naval_base_spawn;1663.00;9.50;1516.00;-3.93;2458
107;air_base;3103.00;10.43;984.00;2.53;0
81;air_base;3172.00;10.30;1040.00;1.18;0
106;air_base;3039.00;10.60;1003.00;1.72;0
108;air_base;2970.00;10.12;910.00;4.84;0
89;air_base;2972.00;10.05;925.00;3.39;0
109;air_base;3015.00;19.20;879.00;3.40;0
37;air_base;2941.00;10.23;1167.00;1.10;0
39;air_base;2879.00;12.28;1451.00;2.08;0
21;air_base;2700.00;9.70;1289.00;2.01;0
116;air_base;2669.00;10.40;1243.00;1.95;0
76;air_base;2814.00;9.70;1190.00;4.55;0
149;air_base;2606.00;9.75;1118.00;5.94;0
33;air_base;2814.00;12.07;963.00;2.19;0
124;air_base;2695.00;14.20;955.00;3.42;0
1;supply_node;4784.00;9.60;2113.00;1.01;0
1;supply_node;5090.00;9.50;2227.00;2.68;0
1;supply_node;4889.00;9.50;2184.00;3.20;0
1;supply_node;4962.00;9.50;2082.00;1.76;0
1;supply_node;4698.00;10.60;2052.00;0.24;0
1;supply_node;5062.00;9.50;2123.00;2.77;0
1;supply_node;4353.00;11.90;1920.00;3.61;0
1;supply_node;4812.00;9.60;2210.00;0.34;0
1;supply_node;4450.00;13.62;1972.00;2.83;0
1;supply_node;4973.00;9.50;2196.00;5.95;0
1;supply_node;4916.00;9.50;2105.00;3.59;0
1;supply_node;5022.00;9.50;2145.00;1.13;0
1;supply_node;4849.00;9.50;2225.00;1.70;0
1;supply_node;5038.00;9.50;2205.00;1.38;0
1;supply_node;4936.00;9.50;2302.00;6.13;0
1;supply_node;4596.00;11.88;2048.00;3.29;0
1;supply_node;4895.00;9.70;2285.00;1.79;0
1;supply_node;4872.00;9.50;2215.00;4.78;0
1;supply_node;4912.00;9.50;2204.00;1.70;0
1;supply_node;4916.00;9.53;2251.00;4.64;0
1;supply_node;4931.00;9.50;2229.00;5.11;0
1;supply_node;4929.00;9.50;2278.00;5.49;0
1;supply_node;4760.00;9.82;2095.00;6.23;0
1;supply_node;4765.00;9.62;2173.00;1.72;0
1;supply_node;5009.00;9.50;2172.00;3.70;0
1;supply_node;4697.00;9.90;2139.00;4.88;0
1;supply_node;4653.00;10.65;2082.00;1.63;0
1;supply_node;4883.00;9.68;2246.00;5.06;0
1;supply_node;4818.00;9.50;2135.00;1.29;0
1;supply_node;4849.00;9.50;2187.00;5.81;0
1;supply_node;4824.00;9.50;2093.00;3.57;0
1;supply_node;4893.00;9.50;2144.00;1.85;0
1;supply_node;4987.00;9.50;2272.00;5.71;0
1;supply_node;4871.00;9.50;2116.00;1.96;0
1;supply_node;5053.00;9.50;2157.00;3.75;0
1;supply_node;4953.00;9.50;2138.00;2.63;0
1;supply_node;4894.00;9.50;2219.00;4.28;0
1;supply_node;4621.00;11.73;2053.00;3.37;0
1;supply_node;5086.00;9.50;2181.00;4.24;0
1;supply_node;4724.00;10.15;2038.00;5.62;0
1;supply_node;4601.00;11.38;2088.00;1.21;0
1;supply_node;4714.00;10.15;2185.00;4.48;0
1;supply_node;4734.00;10.30;2071.00;1.55;0
1;supply_node;4771.00;9.60;2206.00;4.22;0
1;supply_node;4752.00;10.12;2072.00;1.43;0
1;supply_node;4923.00;9.50;2171.00;5.92;0
1;supply_node;5041.00;9.50;2294.00;0.05;0
1;supply_node;4820.00;9.80;2281.00;1.59;0
1;supply_node;4885.00;9.50;2090.00;2.00;0
1;supply_node;5084.00;9.50;2126.00;0.32;0
1;supply_node;4778.00;9.60;2138.00;1.38;0
1;supply_node;4963.00;9.50;2170.00;4.43;0
1;supply_node;5093.00;9.50;2206.00;5.57;0
1;supply_node;4928.00;9.50;2197.00;0.06;0
1;supply_node;4543.00;10.32;2052.00;5.80;0
1;supply_node;4651.00;10.62;2043.00;1.43;0
1;supply_node;4998.00;9.50;2102.00;1.00;0
1;supply_node;5088.00;9.50;2261.00;4.90;0
1;supply_node;4828.00;9.60;2155.00;3.83;0
1;supply_node;4847.00;9.50;2124.00;6.28;0
1;supply_node;4860.00;10.25;2270.00;4.26;0
1;supply_node;4586.00;10.88;2033.00;5.01;0
1;supply_node;4723.00;10.20;2066.00;0.75;0
1;supply_node;4743.00;9.95;2101.00;3.70;0
1;supply_node;4775.00;9.60;2088.00;5.46;0
1;supply_node;5036.00;9.50;2257.00;5.54;0
1;supply_node;4920.00;9.50;2072.00;3.14;0
1;supply_node;4949.00;9.50;2260.00;0.80;0
1;supply_node;5023.00;9.50;2124.00;2.90;0
1;supply_node;4799.00;9.60;2149.00;1.25;0
1;supply_node;4969.00;9.50;2221.00;4.17;0
1;supply_node;4498.00;11.55;1989.00;3.55;0
1;supply_node;4696.00;10.30;2096.00;1.14;0
1;supply_node;4889.00;9.50;2065.00;3.69;0
1;supply_node;4820.00;9.50;2243.00;5.76;0
1;supply_node;4826.00;9.53;2174.00;3.24;0
1;supply_node;22.00;9.50;2201.00;5.94;0
1;supply_node;62.00;9.50;2191.00;4.14;0
1;supply_node;92.00;9.50;2208.00;0.13;0
1;supply_node;34.00;9.50;2237.00;6.25;0
1;supply_node;11.00;9.50;2236.00;3.70;0
1;supply_node;5102.00;9.50;2349.00;0.64;0
1;supply_node;5.00;9.50;2351.00;2.44;0
1;supply_node;4835.00;9.50;2290.00;3.50;0
1;supply_node;84.00;9.50;2170.00;2.77;0
1;supply_node;4839.00;9.50;2334.00;5.67;0
1;supply_node;4825.00;9.50;2335.00;4.23;0
1;supply_node;4961.00;9.50;2303.00;4.77;0
1;supply_node;5118.00;9.50;2198.00;3.97;0
1;bunker;4931.00;9.50;2204.00;4.36;0
1;bunker;4882.00;9.50;2162.00;1.91;0
1;bunker;4902.00;10.12;2261.00;4.71;0
1;bunker;93.00;9.50;2214.00;4.96;0
1;bunker;5001.00;9.50;2164.00;4.86;0
1;bunker;4888.00;9.50;2223.00;1.95;0
1;bunker;4720.00;10.25;2037.00;4.58;0
1;bunker;5049.00;9.50;2294.00;5.11;0
1;bunker;4689.00;10.10;2041.00;4.61;0
1;bunker;4980.00;9.50;2144.00;3.88;0
1;bunker;4622.00;11.40;2049.00;0.43;0
1;bunker;4401.00;12.55;1925.00;5.30;0
1;bunker;4708.00;10.18;2189.00;2.23;0
1;bunker;4677.00;9.90;2152.00;3.08;0
1;bunker;4911.00;9.50;2195.00;0.48;0
1;bunker;5092.00;9.50;2351.00;5.38;0
1;bunker;17.00;9.50;2198.00;2.66;0
1;bunker;4454.00;12.68;1944.00;6.06;0
1;bunker;5013.00;9.50;2099.00;1.00;0
1;bunker;4982.00;9.50;2189.00;0.25;0
1;bunker;5070.00;9.50;2253.00;3.06;0
1;bunker;4709.00;10.10;2108.00;2.60;0
1;bunker;4521.00;10.20;2031.00;0.45;0
1;bunker;4909.00;9.50;2128.00;5.77;0
1;bunker;4823.00;9.50;2100.00;2.14;0
1;bunker;4801.00;9.60;2198.00;0.57;0
1;bunker;5032.00;9.50;2135.00;0.59;0
1;bunker;4863.00;10.23;2278.00;5.48;0
1;bunker;4860.00;9.50;2161.00;3.83;0
1;bunker;4627.00;16.27;2094.00;3.05;0
1;bunker;4945.00;9.50;2243.00;0.85;0
1;bunker;4655.00;10.60;2068.00;3.84;0
1;bunker;4750.00;9.90;2102.00;4.14;0
1;bunker;4592.00;11.80;2052.00;3.46;0
1;bunker;4961.00;9.50;2230.00;1.84;0
1;bunker;4516.00;10.90;2002.00;0.93;0
1;bunker;4858.00;9.50;2111.00;4.88;0
1;bunker;4761.00;9.60;2162.00;6.07;0
1;bunker;4972.00;9.50;2102.00;4.14;0
1;bunker;5030.00;9.50;2254.00;4.76;0
1;bunker;4841.00;9.53;2109.00;2.99;0
1;bunker;4768.00;9.68;2137.00;4.48;0
1;bunker;4982.00;9.50;2167.00;5.92;0
1;bunker;4892.00;9.73;2241.00;4.01;0
1;bunker;2.00;9.50;2360.00;5.82;0
1;bunker;4894.00;9.50;2171.00;4.04;0
1;bunker;4900.00;9.50;2057.00;2.98;0
1;bunker;4748.00;9.90;2094.00;3.47;0
1;bunker;5002.00;9.50;2150.00;1.10;0
1;bunker;4844.00;9.50;2238.00;3.81;0
1;bunker;4789.00;9.60;2212.00;4.59;0
1;bunker;4646.00;12.12;2057.00;0.09;0
1;bunker;5077.00;9.50;2228.00;5.67;0
1;bunker;4813.00;9.50;2245.00;4.04;0
1;bunker;4815.00;9.50;2124.00;1.43;0
1;bunker;4928.00;9.50;2267.00;3.68;0
1;bunker;5103.00;9.50;2199.00;3.91;0
1;bunker;4806.00;9.50;2145.00;2.11;0
1;bunker;4990.00;9.50;2246.00;6.13;0
1;bunker;4740.00;10.18;2072.00;2.35;0
1;bunker;25.00;9.50;2231.00;1.08;0
1;bunker;4869.00;9.50;2227.00;5.10;0
1;bunker;5074.00;9.50;2134.00;2.07;0
1;bunker;4927.00;9.50;2180.00;0.50;0
1;bunker;5101.00;9.50;2182.00;0.36;0
1;bunker;4930.00;9.50;2069.00;5.20;0
1;bunker;5070.00;9.50;2195.00;6.24;0
1;bunker;5066.00;9.50;2128.00;1.68;0
1;bunker;4753.00;9.98;2085.00;1.01;0
1;bunker;22.00;9.50;2250.00;1.44;0
1;bunker;58.00;9.50;2169.00;4.18;0
1;bunker;4795.00;9.60;2114.00;3.69;0
1;bunker;4945.00;9.50;2303.00;1.06;0
1;bunker;4573.00;10.70;2032.00;2.31;0
1;bunker;4850.00;9.50;2157.00;0.54;0
1;bunker;4841.00;9.60;2279.00;4.03;0
1;bunker;4871.00;9.70;2293.00;2.32;0
1;bunker;4928.00;9.50;2233.00;3.96;0
1;bunker;4835.00;9.50;2163.00;2.86;0
1;bunker;4777.00;9.62;2099.00;4.43;0
1;bunker;5042.00;9.50;2165.00;5.94;0
1;bunker;4721.00;10.30;2065.00;5.73;0
1;bunker;4881.00;9.50;2091.00;1.49;0
1;bunker;4838.00;9.50;2336.00;3.28;0
1;bunker;4963.00;9.50;2303.00;3.40;0
1;bunker;4823.00;9.50;2337.00;0.47;0
1;bunker;4834.00;9.65;2293.00;1.82;0
1;bunker;5119.00;9.50;2197.00;3.00;0
1;bunker;85.00;9.50;2171.00;5.79;0
1;coastal_bunker;71.00;9.50;2229.00;0.42;0
1;coastal_bunker;45.00;9.50;2247.00;1.39;0
1;coastal_bunker;4860.00;9.50;2299.00;-2.44;0
1;coastal_bunker;4813.00;9.50;2092.00;-0.07;0
1;coastal_bunker;4738.00;9.50;2025.00;0.24;0
1;coastal_bunker;5093.00;9.50;2355.00;-1.57;0
1;coastal_bunker;3.00;9.50;2195.00;-0.57;0
1;coastal_bunker;4699.00;9.50;2037.00;-0.34;0
1;coastal_bunker;1.00;9.50;2276.00;-3.05;0
1;coastal_bunker;5094.00;9.50;2124.00;1.37;0
1;coastal_bunker;4911.00;9.50;2056.00;-0.17;0
1;coastal_bunker;5102.00;9.50;2176.00;0.72;0
1;coastal_bunker;5112.00;9.50;2277.00;-3.77;0
1;coastal_bunker;4965.00;9.50;2274.00;-2.74;0
1;coastal_bunker;4940.00;9.50;2309.00;-3.93;0
1;coastal_bunker;111.00;9.50;2205.00;1.57;0
1;coastal_bunker;5066.00;9.50;2161.00;-4.33;0
1;coastal_bunker;4484.00;9.85;1942.00;0.55;0
1;coastal_bunker;5016.00;9.50;2090.00;0.75;0
1;coastal_bunker;4833.00;9.57;2281.00;-4.25;0
1;coastal_bunker;4959.00;9.50;2060.00;0.23;0
1;coastal_bunker;4893.00;9.50;2050.00;0.26;0
1;coastal_bunker;5109.00;9.50;2202.00;1.47;0
1;coastal_bunker;84.00;9.50;2169.00;1.57;0
1;coastal_bunker;5033.00;9.50;2307.00;-3.23;0
1;coastal_bunker;4881.00;9.50;2113.00;-0.06;0
1;coastal_bunker;4660.00;9.50;2027.00;0.61;0
1;coastal_bunker;4778.00;9.50;2086.00;0.32;0
1;coastal_bunker;4877.00;9.50;2077.00;-2.11;0
1;coastal_bunker;5067.00;9.50;2115.00;0.09;0
1;coastal_bunker;4570.00;9.50;2023.00;0.67;0
1;coastal_bunker;4764.00;9.50;2069.00;0.43;0
1;coastal_bunker;4944.00;9.50;2286.00;-3.77;0
1;coastal_bunker;4894.00;9.50;2103.00;-1.57;0
1;coastal_bunker;4566.00;9.50;2020.00;0.32;0
1;coastal_bunker;4840.00;9.50;2295.00;1.57;0
1;coastal_bunker;4468.00;9.95;1928.00;0.45;0
1;coastal_bunker;4954.00;9.50;2274.00;-3.30;0
1;coastal_bunker;4620.00;9.50;2029.00;0.04;0
1;coastal_bunker;11.00;9.50;2347.00;-4.39;0
1;coastal_bunker;5044.00;9.50;2103.00;0.71;0
1;coastal_bunker;4963.00;9.50;2303.00;1.57;0
1;coastal_bunker;4846.00;9.55;2296.00;-2.72;0
1;coastal_bunker;5118.00;9.50;2197.00;-1.57;0
1;coastal_bunker;4842.00;9.50;2334.00;-1.57;0
1;coastal_bunker;5066.00;9.50;2171.00;0.69;0
1;coastal_bunker;4825.00;9.50;2335.00;-3.14;0
1;coastal_bunker;4858.00;9.50;2087.00;0.24;0
1;dockyard;5087.00;9.50;2163.00;0.72;0
1;naval_supply_hub;4906.00;9.50;2058.00;-0.17;0
1;naval_supply_hub;4836.00;9.50;2282.00;1.57;0
1;naval_supply_hub;5071.00;9.50;2113.00;0.09;0
1;naval_supply_hub;5089.00;9.50;2131.00;1.37;0
1;naval_supply_hub;4864.00;9.50;2090.00;-0.06;0
1;naval_supply_hub;34.00;9.50;2245.00;-3.01;0
1;naval_supply_hub;78.00;9.50;2163.00;0.42;0
1;naval_supply_hub;4873.00;9.50;2074.00;-2.01;0
1;naval_supply_hub;4968.00;9.50;2275.00;-2.74;0
1;naval_supply_hub;5024.00;9.50;2307.00;-3.23;0
1;naval_supply_hub;5082.00;9.50;2163.00;0.72;0
1;naval_supply_hub;4514.00;9.73;1969.00;0.55;0
1;naval_supply_hub;4894.00;9.50;2106.00;-1.57;0
1;naval_supply_hub;4939.00;9.50;2300.00;-3.93;0
1;naval_supply_hub;1.00;9.50;2276.00;-3.05;0
1;naval_supply_hub;4839.00;9.50;2285.00;-4.25;0
1;naval_supply_hub;4470.00;9.98;1924.00;0.45;0
1;naval_supply_hub;5031.00;9.50;2096.00;0.75;0
1;naval_supply_hub;83.00;9.50;2225.00;1.57;0
1;naval_supply_hub;4823.00;9.50;2072.00;-0.07;0
1;naval_supply_hub;19.00;9.50;2189.00;-0.57;0
1;naval_supply_hub;5113.00;9.50;2208.00;1.47;0
1;naval_supply_hub;4744.00;9.55;2031.00;0.24;0
1;naval_supply_hub;5052.00;9.50;2164.00;-4.33;0
1;naval_supply_hub;4954.00;9.50;2274.00;-3.30;0
1;naval_supply_hub;5113.00;9.50;2360.00;-1.57;0
1;naval_supply_hub;4880.00;9.50;2100.00;-2.11;0
1;naval_supply_hub;4657.00;9.50;2029.00;0.61;0
1;naval_supply_hub;4868.00;9.50;2299.00;-2.44;0
1;naval_supply_hub;5041.00;9.50;2101.00;0.71;0
1;naval_supply_hub;10.00;9.50;2345.00;-4.39;0
1;naval_supply_hub;4605.00;9.50;2029.00;0.67;0
1;naval_supply_hub;4779.00;9.50;2086.00;0.32;0
1;naval_supply_hub;4699.00;9.50;2035.00;-0.34;0
1;naval_supply_hub;4825.00;9.50;2336.00;-3.14;0
1;naval_supply_hub;87.00;9.50;2170.00;1.57;0
1;naval_supply_hub;4617.00;9.50;2031.00;0.04;0
1;naval_supply_hub;4941.00;9.50;2063.00;0.23;0
1;naval_supply_hub;5109.00;9.50;2280.00;-3.77;0
1;naval_supply_hub;4563.00;9.73;2016.00;0.32;0
1;naval_supply_hub;4837.00;9.50;2336.00;-1.57;0
1;naval_supply_hub;4960.00;9.50;2302.00;1.57;0
1;naval_supply_hub;5118.00;9.50;2200.00;-1.57;0
1;naval_supply_hub;4764.00;9.53;2070.00;0.43;0
1;naval_supply_hub;4943.00;9.50;2287.00;-3.77;0
1;naval_supply_hub;4847.00;9.50;2297.00;-2.72;0
1;naval_supply_hub;4852.00;9.50;2085.00;0.24;0
1;naval_supply_hub;5066.00;9.50;2171.00;0.69;0
1;naval_headquarters;4704.00;9.50;2030.00;0.24;0
1;naval_headquarters;4512.00;9.50;1967.00;0.55;0
1;naval_headquarters;4962.00;9.50;2302.00;1.57;0
1;naval_headquarters;106.00;9.50;2213.00;1.57;0
1;naval_headquarters;5053.00;9.50;2108.00;0.09;0
1;naval_headquarters;7.00;9.50;2269.00;-3.05;0
1;naval_headquarters;72.00;9.50;2158.00;0.42;0
1;naval_headquarters;5086.00;9.50;2351.00;-1.57;0
1;naval_headquarters;4851.00;9.50;2083.00;-0.07;0
1;naval_headquarters;4670.00;9.50;2040.00;0.61;0
1;naval_headquarters;4619.00;9.50;2031.00;0.04;0
1;naval_headquarters;4565.00;9.62;2020.00;0.32;0
1;naval_headquarters;6.00;9.50;2194.00;-0.57;0
1;naval_headquarters;5066.00;9.50;2162.00;-4.33;0
1;naval_headquarters;23.00;9.50;2260.00;-3.01;0
1;naval_headquarters;4912.00;9.50;2046.00;-0.17;0
1;naval_headquarters;4603.00;9.50;2029.00;0.67;0
1;naval_headquarters;4955.00;9.50;2063.00;0.23;0
1;naval_headquarters;5112.00;9.50;2186.00;0.72;0
1;naval_headquarters;4964.00;9.50;2301.00;-2.74;0
1;naval_headquarters;4849.00;9.50;2297.00;-2.72;0
1;naval_headquarters;4790.00;9.50;2090.00;0.32;0
1;naval_headquarters;4933.00;9.50;2298.00;-3.93;0
1;naval_headquarters;5013.00;9.50;2307.00;-3.23;0
1;naval_headquarters;3.00;9.50;2343.00;-4.39;0
1;naval_headquarters;4818.00;9.53;2301.00;-4.25;0
1;naval_headquarters;4837.00;9.60;2284.00;1.57;0
1;naval_headquarters;4952.00;9.50;2276.00;-3.30;0
1;naval_headquarters;5094.00;9.50;2289.00;-3.77;0
1;naval_headquarters;5029.00;9.50;2094.00;0.75;0
1;naval_headquarters;4886.00;9.50;2112.00;-0.06;0
1;naval_headquarters;5086.00;9.50;2131.00;1.37;0
1;naval_headquarters;4919.00;9.50;2297.00;-2.44;0
1;naval_headquarters;4936.00;9.50;2287.00;-3.77;0
1;naval_headquarters;4876.00;9.50;2085.00;-2.11;0
1;naval_headquarters;5112.00;9.50;2203.00;1.47;0
1;naval_headquarters;4902.00;9.50;2055.00;0.26;0
1;naval_headquarters;4693.00;9.50;2036.00;-0.34;0
1;naval_headquarters;4856.00;9.50;2088.00;0.24;0
1;naval_headquarters;4894.00;9.50;2103.00;-1.57;0
1;naval_headquarters;85.00;9.50;2170.00;1.57;0
1;naval_headquarters;4763.00;9.55;2068.00;0.43;0
1;naval_headquarters;5043.00;9.50;2102.00;0.71;0
1;naval_headquarters;4468.00;10.00;1926.00;0.45;0
1;naval_headquarters;5065.00;9.50;2171.00;0.69;0
1;naval_headquarters;5118.00;9.50;2199.00;-1.57;0
1;naval_headquarters;4826.00;9.50;2337.00;-3.14;0
1;naval_headquarters;4838.00;9.50;2335.00;-1.57;0
1;special_project_facility_spawn;4790.00;9.60;2151.00;4.12;0
1;special_project_facility_spawn;5010.00;9.50;2100.00;1.12;0
1;special_project_facility_spawn;4855.00;9.50;2174.00;1.36;0
1;special_project_facility_spawn;4943.00;9.50;2281.00;4.20;0
1;special_project_facility_spawn;4890.00;9.50;2056.00;6.12;0
1;special_project_facility_spawn;26.00;9.50;2203.00;3.48;0
1;special_project_facility_spawn;4976.00;9.50;2267.00;2.01;0
1;special_project_facility_spawn;4970.00;9.50;2113.00;4.87;0
1;special_project_facility_spawn;4818.00;9.50;2091.00;3.38;0
1;special_project_facility_spawn;4929.00;9.50;2110.00;2.56;0
1;special_project_facility_spawn;4724.00;10.00;2109.00;0.48;0
1;special_project_facility_spawn;4591.00;11.78;2052.00;5.56;0
1;special_project_facility_spawn;4952.00;9.50;2157.00;1.27;0
1;special_project_facility_spawn;4871.00;9.50;2138.00;5.86;0
1;special_project_facility_spawn;5022.00;9.50;2255.00;6.23;0
1;special_project_facility_spawn;4727.00;9.80;2155.00;3.92;0
1;special_project_facility_spawn;5032.00;9.50;2145.00;0.78;0
1;special_project_facility_spawn;4897.00;9.50;2154.00;0.12;0
1;special_project_facility_spawn;4549.00;10.03;2008.00;3.23;0
1;special_project_facility_spawn;5103.00;9.50;2226.00;1.49;0
1;special_project_facility_spawn;4749.00;9.90;2104.00;3.02;0
1;special_project_facility_spawn;4931.00;9.50;2239.00;5.38;0
1;special_project_facility_spawn;5052.00;9.50;2219.00;6.19;0
1;special_project_facility_spawn;56.00;9.50;2203.00;2.49;0
1;special_project_facility_spawn;4661.00;10.68;2051.00;1.04;0
1;special_project_facility_spawn;5074.00;9.50;2284.00;2.95;0
1;special_project_facility_spawn;4447.00;14.25;1910.00;3.99;0
1;special_project_facility_spawn;4913.00;9.50;2172.00;0.21;0
1;special_project_facility_spawn;4726.00;10.05;2040.00;2.08;0
1;special_project_facility_spawn;4873.00;9.80;2288.00;0.79;0
1;special_project_facility_spawn;4670.00;10.20;2076.00;0.97;0
1;special_project_facility_spawn;4943.00;9.50;2254.00;0.26;0
1;special_project_facility_spawn;4441.00;23.68;2002.00;0.79;0
1;special_project_facility_spawn;5095.00;9.50;2203.00;2.01;0
1;special_project_facility_spawn;5069.00;9.50;2130.00;0.23;0
1;special_project_facility_spawn;4875.00;9.60;2294.00;0.27;0
1;special_project_facility_spawn;5113.00;9.50;2353.00;5.76;0
1;special_project_facility_spawn;4764.00;9.70;2153.00;5.90;0
1;special_project_facility_spawn;5096.00;9.50;2181.00;4.05;0
1;special_project_facility_spawn;4989.00;9.50;2179.00;3.98;0
1;special_project_facility_spawn;4838.00;9.50;2336.00;6.25;0
1;special_project_facility_spawn;4806.00;9.60;2206.00;0.59;0
1;special_project_facility_spawn;4988.00;9.50;2209.00;0.62;0
1;special_project_facility_spawn;4785.00;9.60;2199.00;5.23;0
1;special_project_facility_spawn;4847.00;9.50;2130.00;3.07;0
1;special_project_facility_spawn;4745.00;10.18;2076.00;0.18;0
1;special_project_facility_spawn;5081.00;9.50;2116.00;4.34;0
1;special_project_facility_spawn;4824.00;9.60;2167.00;1.94;0
1;special_project_facility_spawn;4875.00;9.50;2194.00;5.63;0
1;special_project_facility_spawn;4825.00;9.75;2275.00;0.08;0
1;special_project_facility_spawn;17.00;9.50;2215.00;4.53;0
1;special_project_facility_spawn;4821.00;9.50;2138.00;4.21;0
1;special_project_facility_spawn;4853.00;9.50;2221.00;2.39;0
1;special_project_facility_spawn;4948.00;9.50;2306.00;1.38;0
1;special_project_facility_spawn;4692.00;10.57;2179.00;5.82;0
1;special_project_facility_spawn;4524.00;11.00;1989.00;1.34;0
1;special_project_facility_spawn;4890.00;9.50;2222.00;3.61;0
1;special_project_facility_spawn;4905.00;10.00;2258.00;5.43;0
1;special_project_facility_spawn;4876.00;9.50;2227.00;4.92;0
1;special_project_facility_spawn;4937.00;9.50;2069.00;2.28;0
1;special_project_facility_spawn;4784.00;9.60;2127.00;5.46;0
1;special_project_facility_spawn;4825.00;9.53;2158.00;2.25;0
1;special_project_facility_spawn;5054.00;9.50;2155.00;0.78;0
1;special_project_facility_spawn;4614.00;17.83;2064.00;4.57;0
1;special_project_facility_spawn;4929.00;9.50;2204.00;5.44;0
1;special_project_facility_spawn;4593.00;10.57;2097.00;1.58;0
1;special_project_facility_spawn;5044.00;9.50;2130.00;2.57;0
1;special_project_facility_spawn;4800.00;9.60;2107.00;3.52;0
1;special_project_facility_spawn;4695.00;10.60;2052.00;4.83;0
1;special_project_facility_spawn;4741.00;10.20;2071.00;2.75;0
1;special_project_facility_spawn;4954.00;9.50;2178.00;3.00;0
1;special_project_facility_spawn;20.00;9.50;2259.00;2.07;0
1;special_project_facility_spawn;4887.00;9.50;2099.00;2.77;0
1;special_project_facility_spawn;4913.00;9.50;2197.00;2.99;0
1;special_project_facility_spawn;4806.00;9.50;2231.00;3.61;0
1;special_project_facility_spawn;4999.00;9.50;2220.00;2.24;0
1;special_project_facility_spawn;5056.00;9.50;2293.00;0.19;0
1;special_project_facility_spawn;4899.00;10.00;2243.00;0.00;0
1;special_project_facility_spawn;4577.00;11.20;2035.00;3.00;0
1;special_project_facility_spawn;2.00;9.50;2357.00;1.20;0
1;special_project_facility_spawn;91.00;9.50;2199.00;4.81;0
1;special_project_facility_spawn;4724.00;10.30;2071.00;2.38;0
1;special_project_facility_spawn;4778.00;9.60;2095.00;5.49;0
1;special_project_facility_spawn;4755.00;9.90;2092.00;4.00;0
1;special_project_facility_spawn;4825.00;9.50;2337.00;3.73;0
1;special_project_facility_spawn;4837.00;9.68;2295.00;1.41;0
1;special_project_facility_spawn;4962.00;9.50;2302.00;5.36;0
1;special_project_facility_spawn;85.00;9.50;2171.00;1.10;0
1;special_project_facility_spawn;5119.00;9.50;2199.00;0.37;0
1;floating_harbor;5004.00;9.50;1978.00;-2.72;55
1;floating_harbor;4689.67;9.50;2028.40;-3.48;80
1;floating_harbor;5063.63;9.50;2105.03;-3.05;93
1;floating_harbor;4660.00;9.50;1788.00;-2.21;107
1;floating_harbor;4763.00;9.50;1902.00;-3.71;121
1;floating_harbor;5070.45;9.50;2165.60;-2.45;149
1;floating_harbor;4911.00;9.50;2323.00;0.92;150
1;floating_harbor;4879.48;9.50;2303.34;0.70;170
1;floating_harbor;4941.12;9.50;2294.66;-0.63;213
1;floating_harbor;4763.00;9.50;1902.00;-3.47;313
1;floating_harbor;4911.00;9.50;2323.00;1.23;320
1;floating_harbor;4869.56;9.50;2093.01;-3.20;338
1;floating_harbor;5069.50;9.50;2163.60;-1.19;342
1;floating_harbor;4622.29;9.50;2022.01;-3.10;353
1;floating_harbor;5097.61;9.50;2167.73;-2.42;357
1;floating_harbor;4727.70;9.50;2023.21;-2.90;358
1;floating_harbor;4759.90;9.50;2054.63;-2.71;405
1;floating_harbor;5042.63;9.50;2311.97;-0.09;421
1;floating_harbor;4911.00;9.50;2323.00;-1.14;425
1;floating_harbor;4874.00;9.50;2096.60;1.03;454
1;floating_harbor;5095.86;9.50;2123.63;-1.77;463
1;floating_harbor;5004.00;9.50;1978.00;-3.59;490
1;floating_harbor;4559.21;9.50;2003.36;-2.82;521
1;floating_harbor;4662.01;9.50;2027.27;-2.53;540
1;floating_harbor;5016.78;9.50;2081.88;-2.39;555
1;floating_harbor;5108.12;9.50;2288.66;-0.63;556
1;floating_harbor;4857.65;9.50;2080.20;-2.90;562
1;floating_harbor;4845.16;9.50;2303.40;0.42;582
1;floating_harbor;4594.37;9.50;2022.53;-2.47;598
1;floating_harbor;4779.21;9.50;2075.36;-2.82;646
1;floating_harbor;4915.78;9.50;2048.11;-3.32;662
1;floating_harbor;4953.09;9.50;2285.91;-0.16;665
1;floating_harbor;5046.58;9.50;2096.70;-2.43;667
1;floating_harbor;4515.64;9.50;1960.02;-2.59;689
1;floating_harbor;4894.80;9.50;2043.24;-2.88;709
1;floating_harbor;11.24;9.50;2184.09;-3.71;1459
1;floating_harbor;105.00;9.50;2060.00;-2.84;1460
1;floating_harbor;105.00;9.50;2060.00;-3.09;1461
1;floating_harbor;31.07;9.50;2258.94;0.13;1462
1;floating_harbor;7.35;9.50;2274.97;0.09;1463
1;floating_harbor;5033.00;9.50;2458.00;0.55;1561
1;floating_harbor;14.64;9.50;2354.21;-1.25;1613
1;floating_harbor;4911.00;9.50;2323.00;-1.16;1719
1;floating_harbor;92.00;9.50;2170.00;-1.57;1960
1;floating_harbor;4911.00;9.50;2323.00;-1.72;2124
1;floating_harbor;4825.00;9.50;2343.00;0.00;2125
1;floating_harbor;4911.00;9.50;2323.00;1.20;2254
1;floating_harbor;5004.00;9.50;1978.00;-3.62;2312
2;arms_factory;2731.00;10.75;1813.00;1.00;0
2;arms_factory;2686.00;10.90;1814.00;0.12;0
2;arms_factory;2638.00;14.35;1844.00;4.59;0
2;arms_factory;2856.00;10.00;1856.00;3.45;0
2;arms_factory;2807.00;10.28;1826.00;3.88;0
2;arms_factory;2734.00;11.70;1781.00;1.95;0
2;industrial_complex;2861.00;10.35;1942.00;1.20;0
2;industrial_complex;2630.00;11.15;1869.00;2.48;0
2;industrial_complex;2682.00;11.88;1883.00;2.90;0
2;industrial_complex;2921.00;10.20;1999.00;3.49;0
2;industrial_complex;2706.00;9.88;1914.00;0.17;0
2;industrial_complex;2689.00;10.78;1831.00;1.39;0
2;air_base;2876.00;9.60;1822.00;0.19;0
2;supply_node;2727.00;12.40;1773.00;3.29;0
2;supply_node;2847.00;9.50;1934.00;1.79;0
2;supply_node;2920.00;10.20;1996.00;4.78;0
2;supply_node;2991.00;10.78;1938.00;1.70;0
2;supply_node;2905.00;10.00;1871.00;4.64;0
2;supply_node;2866.00;10.60;1908.00;5.11;0
2;supply_node;2642.00;15.62;1788.00;5.49;0
2;supply_node;2691.00;10.60;1862.00;6.23;0
2;supply_node;2773.00;10.12;1821.00;1.72;0
2;supply_node;2896.00;11.12;2012.00;3.70;0
2;supply_node;2862.00;11.40;1973.00;4.88;0
2;supply_node;2664.00;11.00;1780.00;1.63;0
2;supply_node;2870.00;11.20;2005.00;5.06;0
2;supply_node;2870.00;10.57;2017.00;1.29;0
2;supply_node;2741.00;9.78;1918.00;5.81;0
2;supply_node;2751.00;9.75;1907.00;3.57;0
2;supply_node;2707.00;9.53;1919.00;1.85;0
2;supply_node;2669.00;9.57;1928.00;5.71;0
2;bunker;2950.00;10.23;1965.00;1.61;0
2;bunker;2898.00;10.15;1905.00;0.46;0
2;bunker;2675.00;11.23;1896.00;4.77;0
2;bunker;2729.00;12.35;1774.00;3.42;0
2;bunker;2810.00;10.18;1829.00;3.81;0
2;bunker;2872.00;11.30;1918.00;2.42;0
2;bunker;2913.00;10.35;2012.00;2.05;0
2;bunker;2867.00;10.38;1935.00;5.94;0
2;bunker;2650.00;15.18;1814.00;3.43;0
2;bunker;2678.00;10.70;1797.00;5.49;0
2;bunker;2873.00;11.00;2008.00;1.52;0
2;bunker;2860.00;11.20;1964.00;3.13;0
2;bunker;2904.00;10.68;2009.00;5.70;0
2;bunker;2749.00;9.50;1906.00;2.88;0
2;bunker;2872.00;10.40;2020.00;4.11;0
2;bunker;2741.00;9.78;1920.00;0.72;0
2;bunker;2668.00;9.50;1927.00;5.33;0
2;bunker;2708.00;9.85;1919.00;1.90;0
2;coastal_bunker;2913.00;9.50;2034.00;-3.43;0
2;coastal_bunker;2709.00;9.88;1909.00;-3.82;0
2;coastal_bunker;2793.00;9.50;1923.00;-1.24;0
2;coastal_bunker;3048.00;10.07;1734.00;0.24;0
2;coastal_bunker;2867.00;9.50;2016.00;-1.57;0
2;coastal_bunker;2884.00;9.50;2016.00;-0.93;0
2;coastal_bunker;2861.00;10.23;1988.00;-2.47;0
2;coastal_bunker;2740.00;9.50;1921.00;-3.14;0
2;coastal_bunker;2862.00;9.50;2003.00;-3.93;0
2;coastal_bunker;2751.00;9.75;1907.00;-3.14;0
2;coastal_bunker;2669.00;9.50;1930.00;-1.57;0
2;coastal_bunker;2710.00;9.80;1919.00;-1.57;0
2;stronghold_network;2894.00;10.32;2024.00;1.47;0
2;dockyard;2849.00;9.50;1961.00;-2.47;0
2;anti_air_building;2922.00;10.25;1986.00;6.27;0
2;anti_air_building;2959.00;10.00;2011.00;4.58;0
2;anti_air_building;3036.00;10.05;1952.00;5.10;0
2;synthetic_refinery;2782.00;11.65;1785.00;1.19;0
2;fuel_silo;3003.00;9.90;1973.00;1.14;0
2;radar_station;2822.00;10.78;1879.00;4.17;0
2;naval_supply_hub;3052.00;10.18;1731.00;0.24;0
2;naval_supply_hub;2689.00;9.50;1901.00;-1.92;0
2;naval_supply_hub;2791.00;9.50;1922.00;-1.24;0
2;naval_supply_hub;2669.00;9.50;1931.00;-1.57;0
2;naval_supply_hub;2950.00;9.53;2037.00;-3.43;0
2;naval_supply_hub;2885.00;9.50;2023.00;-0.93;0
2;naval_supply_hub;2880.00;10.20;2008.00;-3.93;0
2;naval_supply_hub;2869.00;9.50;2014.00;-1.57;0
2;naval_supply_hub;2855.00;9.50;1979.00;-2.47;0
2;naval_supply_hub;2741.00;9.50;1916.00;-3.14;0
2;naval_supply_hub;2749.00;9.78;1911.00;-3.14;0
2;naval_supply_hub;2710.00;9.50;1918.00;-1.57;0
2;naval_headquarters;2677.00;10.30;1917.00;-1.92;0
2;naval_headquarters;2829.00;9.50;1919.00;-1.24;0
2;naval_headquarters;3035.00;10.48;1744.00;0.24;0
2;naval_headquarters;2869.00;9.50;2014.00;-1.57;0
2;naval_headquarters;2892.00;9.50;2027.00;-0.93;0
2;naval_headquarters;2853.00;9.53;1973.00;-2.47;0
2;naval_headquarters;2870.00;10.48;2010.00;-3.93;0
2;naval_headquarters;2739.00;9.50;1918.00;-3.14;0
2;naval_headquarters;2942.00;9.57;2029.00;-3.43;0
2;naval_headquarters;2706.00;9.50;1919.00;-1.57;0
2;naval_headquarters;2751.00;9.78;1908.00;-3.14;0
2;naval_headquarters;2669.00;9.57;1928.00;-1.57;0
2;nuclear_reactor_spawn;3036.00;9.98;1970.00;4.58;0
2;special_project_facility_spawn;2931.00;10.73;1902.00;5.11;0
2;special_project_facility_spawn;2792.00;9.90;1874.00;4.61;0
2;special_project_facility_spawn;2747.00;10.10;1829.00;3.88;0
2;special_project_facility_spawn;2919.00;10.32;1958.00;0.43;0
2;special_project_facility_spawn;2886.00;10.15;1897.00;5.30;0
2;special_project_facility_spawn;2668.00;9.50;1925.00;2.23;0
2;special_project_facility_spawn;2888.00;11.93;1956.00;3.08;0
2;special_project_facility_spawn;2978.00;9.70;1975.00;0.48;0
2;special_project_facility_spawn;2732.00;11.43;1788.00;5.38;0
2;special_project_facility_spawn;2628.00;15.18;1781.00;2.66;0
2;special_project_facility_spawn;2865.00;11.78;1970.00;6.06;0
2;special_project_facility_spawn;2888.00;10.50;2013.00;1.00;0
2;special_project_facility_spawn;2679.00;10.88;1805.00;0.25;0
2;special_project_facility_spawn;2873.00;10.65;2009.00;3.06;0
2;special_project_facility_spawn;2870.00;10.57;2017.00;2.60;0
2;special_project_facility_spawn;2749.00;9.78;1911.00;0.45;0
2;special_project_facility_spawn;2740.00;9.75;1918.00;5.77;0
2;special_project_facility_spawn;2708.00;9.85;1919.00;2.14;0
2;rocket_site_spawn;2770.00;9.88;1854.00;0.57;0
2;floating_harbor;2849.00;9.50;2049.00;0.00;112
2;floating_harbor;2932.99;9.50;2039.71;-0.29;179
2;floating_harbor;2964.35;9.50;2047.80;0.24;180
2;floating_harbor;2559.00;9.50;1888.00;1.49;457
2;floating_harbor;2886.40;9.50;2004.80;-4.07;604
2;floating_harbor;2853.63;9.50;1983.47;0.67;614
2;floating_harbor;2849.00;9.50;2049.00;0.47;1630
2;floating_harbor;2849.00;9.50;2049.00;0.58;1738
2;floating_harbor;2741.00;9.50;1926.00;0.00;1782
2;floating_harbor;2751.00;9.50;1915.00;0.00;1845
2;floating_harbor;2735.00;10.07;1955.00;-0.66;1976
2;floating_harbor;2559.00;9.50;1888.00;-4.36;2150
3;arms_factory;2992.00;10.05;1759.00;4.59;0
3;arms_factory;2866.00;10.12;1740.00;3.45;0
3;arms_factory;2936.00;11.35;1740.00;3.88;0
3;arms_factory;2936.00;10.78;1762.00;1.95;0
3;arms_factory;2891.00;10.48;1723.00;1.20;0
3;arms_factory;2929.00;11.12;1755.00;2.48;0
3;industrial_complex;2965.00;9.65;1725.00;2.90;0
3;industrial_complex;2993.00;10.80;1774.00;3.49;0
3;industrial_complex;2944.00;10.00;1799.00;0.17;0
3;industrial_complex;2914.00;11.43;1729.00;1.39;0
3;industrial_complex;2944.00;10.40;1726.00;0.19;0
3;industrial_complex;2924.00;9.80;1791.00;3.42;0
3;air_base;2919.00;11.12;1738.00;4.50;0
3;supply_node;2926.00;10.70;1748.00;4.78;0
3;bunker;2898.00;10.62;1742.00;5.90;0
3;coastal_bunker;3003.00;10.05;1763.00;1.40;0
3;stronghold_network;2863.00;10.10;1734.00;3.65;0
3;dockyard;2996.00;10.03;1759.00;1.40;0
3;anti_air_building;2945.00;10.10;1793.00;4.32;0
3;anti_air_building;2910.00;10.05;1777.00;5.36;0
3;anti_air_building;2881.00;10.28;1756.00;3.15;0
3;synthetic_refinery;2870.00;10.40;1750.00;2.12;0
3;fuel_silo;2955.00;10.68;1744.00;1.18;0
3;radar_station;2923.00;10.82;1754.00;5.06;0
3;naval_supply_hub;2957.00;9.50;1706.00;1.40;0
3;naval_headquarters;2986.00;10.03;1754.00;1.40;0
3;nuclear_reactor_spawn;2904.00;10.48;1703.00;5.51;0
3;special_project_facility_spawn;2924.00;9.80;1791.00;6.17;0
3;rocket_site_spawn;2902.00;11.28;1720.00;5.78;0
3;floating_harbor;2983.89;9.50;1737.78;-1.75;452
4;arms_factory;2821.00;10.80;1685.00;3.88;0
4;arms_factory;2819.00;10.10;1679.00;1.95;0
4;arms_factory;2816.00;10.23;1682.00;1.20;0
4;arms_factory;2824.00;10.45;1680.00;2.48;0
4;arms_factory;2830.00;11.23;1683.00;2.90;0
4;arms_factory;2824.00;11.20;1692.00;3.49;0
4;industrial_complex;2830.00;11.00;1690.00;0.17;0
4;industrial_complex;2823.00;11.03;1695.00;1.39;0
4;industrial_complex;2826.00;11.20;1692.00;0.19;0
4;industrial_complex;2825.00;11.12;1695.00;3.42;0
4;industrial_complex;2825.00;11.23;1690.00;4.50;0
4;industrial_complex;2831.00;10.93;1688.00;3.70;0
4;air_base;2829.00;10.65;1681.00;5.90;0
4;supply_node;2824.00;11.03;1685.00;4.64;0
4;bunker;2824.00;11.12;1693.00;3.65;0
4;coastal_bunker;2799.00;9.55;1688.00;-0.14;0
4;stronghold_network;2825.00;11.12;1688.00;4.32;0
4;dockyard;2821.00;9.50;1671.00;-0.14;0
4;anti_air_building;2831.00;10.98;1690.00;3.15;0
4;anti_air_building;2823.00;10.98;1685.00;2.12;0
4;anti_air_building;2820.00;10.60;1684.00;1.18;0
4;synthetic_refinery;2827.00;11.28;1691.00;1.08;0
4;fuel_silo;2816.00;10.23;1682.00;0.96;0
4;radar_station;2818.00;10.45;1684.00;5.81;0
4;naval_supply_hub;2799.00;9.88;1687.00;-0.14;0
4;naval_headquarters;2823.00;9.50;1669.00;-0.14;0
4;nuclear_reactor_spawn;2824.00;10.10;1678.00;5.78;0
4;special_project_facility_spawn;2830.00;11.23;1683.00;1.61;0
4;rocket_site_spawn;2828.00;10.43;1680.00;0.46;0
5;arms_factory;2426.00;9.50;1447.00;1.20;0
5;arms_factory;2503.00;11.32;1537.00;2.48;0
5;arms_factory;2383.00;9.75;1340.00;2.90;0
5;arms_factory;2553.00;11.23;1539.00;3.49;0
5;arms_factory;2348.00;9.98;1334.00;0.17;0
5;arms_factory;2569.00;10.90;1535.00;1.39;0
5;industrial_complex;2498.00;10.35;1498.00;0.19;0
5;industrial_complex;2366.00;10.75;1365.00;3.42;0
5;industrial_complex;2424.00;9.60;1469.00;4.50;0
5;industrial_complex;2417.00;9.60;1301.00;3.70;0
5;industrial_complex;2439.00;9.60;1462.00;5.90;0
5;industrial_complex;2370.00;9.60;1314.00;0.26;0
5;air_base;2417.00;11.38;1396.00;3.65;0
5;supply_node;2536.00;10.82;1520.00;5.49;0
5;supply_node;2401.00;11.98;1392.00;6.23;0
5;supply_node;2329.00;9.60;1332.00;1.72;0
5;supply_node;2434.00;9.62;1470.00;3.70;0
5;supply_node;2359.00;11.32;1368.00;4.88;0
5;supply_node;2381.00;9.60;1317.00;1.63;0
5;supply_node;2473.00;9.90;1477.00;5.06;0
5;supply_node;2316.00;9.93;1420.00;1.29;0
5;supply_node;2329.00;9.60;1415.00;5.81;0
5;supply_node;2352.00;9.50;1423.00;3.57;0
5;supply_node;2357.00;9.50;1434.00;1.85;0
5;supply_node;2297.00;9.50;1428.00;5.71;0
5;supply_node;2306.00;9.50;1417.00;1.96;0
5;bunker;2369.00;9.70;1304.00;0.46;0
5;bunker;2372.00;10.98;1401.00;4.77;0
5;bunker;2481.00;10.10;1532.00;3.42;0
5;bunker;2547.00;10.82;1547.00;3.81;0
5;bunker;2485.00;9.88;1473.00;2.42;0
5;bunker;2360.00;10.85;1361.00;2.05;0
5;bunker;2324.00;9.50;1334.00;5.94;0
5;bunker;2315.00;9.65;1418.00;3.43;0
5;bunker;2306.00;9.50;1417.00;5.49;0
5;bunker;2329.00;9.57;1417.00;1.52;0
5;bunker;2353.00;9.50;1425.00;3.13;0
5;bunker;2298.00;9.82;1429.00;5.70;0
5;bunker;2357.00;9.50;1434.00;2.88;0
5;coastal_bunker;2335.00;9.50;1354.00;-3.20;0
5;coastal_bunker;2364.00;9.57;1406.00;-0.91;0
5;coastal_bunker;2332.00;9.53;1417.00;1.57;0
5;coastal_bunker;2535.00;9.75;1549.00;-3.17;0
5;coastal_bunker;2315.00;9.50;1417.00;-3.14;0
5;coastal_bunker;2351.00;9.50;1420.00;-1.57;0
5;coastal_bunker;2311.00;9.50;1308.00;-1.27;0
5;coastal_bunker;2299.00;9.50;1427.00;1.57;0
5;coastal_bunker;2361.00;9.50;1401.00;-1.74;0
5;coastal_bunker;2341.00;9.50;1362.00;-2.09;0
5;coastal_bunker;2355.00;9.50;1432.00;-1.57;0
5;coastal_bunker;2305.00;9.50;1419.00;-3.14;0
5;stronghold_network;2416.00;11.35;1389.00;5.77;0
5;dockyard;2546.00;9.78;1554.00;-3.17;0
5;anti_air_building;2493.00;10.15;1538.00;2.82;0
5;anti_air_building;2384.00;9.98;1344.00;1.58;0
5;anti_air_building;2416.00;9.80;1419.00;1.47;0
5;synthetic_refinery;2474.00;9.95;1542.00;5.43;0
5;fuel_silo;2420.00;9.68;1320.00;6.27;0
5;radar_station;2440.00;9.82;1420.00;3.14;0
5;naval_supply_hub;2491.00;9.75;1542.00;-3.52;0
5;naval_supply_hub;2535.00;9.50;1550.00;-3.17;0
5;naval_supply_hub;2355.00;9.50;1431.00;-1.57;0
5;naval_supply_hub;2319.00;9.50;1423.00;-3.14;0
5;naval_supply_hub;2351.00;9.50;1420.00;-1.57;0
5;naval_supply_hub;2345.00;9.50;1382.00;-2.09;0
5;naval_supply_hub;2313.00;9.50;1315.00;-0.93;0
5;naval_supply_hub;2333.00;9.50;1415.00;1.57;0
5;naval_supply_hub;2308.00;9.50;1298.00;-1.27;0
5;naval_supply_hub;2361.00;9.50;1400.00;-1.74;0
5;naval_supply_hub;2307.00;9.50;1417.00;-3.14;0
5;naval_supply_hub;2297.00;9.50;1427.00;1.57;0
5;naval_headquarters;2548.00;9.73;1553.00;-3.17;0
5;naval_headquarters;2330.00;9.50;1349.00;-3.20;0
5;naval_headquarters;2359.00;9.50;1395.00;-1.74;0
5;naval_headquarters;2420.00;9.50;1493.00;-3.52;0
5;naval_headquarters;2314.00;9.50;1295.00;-1.27;0
5;naval_headquarters;2316.00;9.70;1418.00;-3.14;0
5;naval_headquarters;2357.00;9.50;1435.00;-1.57;0
5;naval_headquarters;2348.00;9.68;1386.00;-2.09;0
5;naval_headquarters;2327.00;9.50;1413.00;1.57;0
5;naval_headquarters;2354.00;9.50;1423.00;-1.57;0
5;naval_headquarters;2305.00;9.50;1419.00;-3.14;0
5;naval_headquarters;2298.00;9.78;1430.00;1.57;0
5;nuclear_reactor_spawn;2418.00;10.40;1405.00;4.71;0
5;special_project_facility_spawn;2482.00;10.55;1493.00;4.96;0
5;special_project_facility_spawn;2428.00;9.70;1482.00;4.86;0
5;special_project_facility_spawn;2416.00;10.43;1355.00;1.95;0
5;special_project_facility_spawn;2410.00;10.35;1402.00;4.58;0
5;special_project_facility_spawn;2533.00;11.55;1507.00;5.11;0
5;special_project_facility_spawn;2336.00;9.75;1350.00;4.61;0
5;special_project_facility_spawn;2344.00;10.07;1370.00;3.88;0
5;special_project_facility_spawn;2314.00;9.68;1421.00;0.43;0
5;special_project_facility_spawn;2306.00;9.50;1416.00;5.30;0
5;special_project_facility_spawn;2329.00;9.60;1414.00;2.23;0
5;special_project_facility_spawn;2352.00;9.50;1421.00;3.08;0
5;special_project_facility_spawn;2298.00;9.82;1429.00;0.48;0
5;special_project_facility_spawn;2357.00;9.50;1434.00;5.38;0
5;rocket_site_spawn;2551.00;11.35;1514.00;2.66;0
5;floating_harbor;2537.23;9.50;1557.00;-0.03;12
5;floating_harbor;2353.10;9.50;1400.18;1.40;52
5;floating_harbor;2311.40;9.50;1318.80;-4.07;66
5;floating_harbor;2391.49;9.50;1436.68;-4.05;251
5;floating_harbor;2338.92;9.50;1379.47;1.05;268
5;floating_harbor;2306.31;9.50;1293.93;-4.41;301
5;floating_harbor;2316.00;9.50;1428.00;0.00;1775
5;floating_harbor;2337.00;9.50;1415.00;-1.57;1790
5;floating_harbor;2304.00;9.50;1465.00;0.85;1832
5;floating_harbor;2304.00;9.50;1465.00;1.04;1935
5;floating_harbor;2305.00;9.50;1428.00;-1.57;1988
6;arms_factory;2668.00;11.05;1720.00;2.90;0
6;arms_factory;2703.00;10.20;1757.00;3.49;0
6;arms_factory;2787.00;11.65;1709.00;0.17;0
6;arms_factory;2715.00;10.90;1703.00;1.39;0
6;arms_factory;2763.00;9.70;1717.00;0.19;0
6;arms_factory;2785.00;9.98;1639.00;3.42;0
6;industrial_complex;2707.00;10.20;1752.00;4.50;0
6;industrial_complex;2766.00;9.65;1712.00;3.70;0
6;industrial_complex;2705.00;10.10;1745.00;5.90;0
6;industrial_complex;2769.00;10.10;1597.00;0.26;0
6;industrial_complex;2752.00;9.95;1671.00;3.65;0
6;industrial_complex;2741.00;10.90;1667.00;3.37;0
6;air_base;2756.00;10.20;1659.00;4.32;0
6;supply_node;2784.00;10.25;1649.00;1.72;0
6;supply_node;2728.00;11.70;1694.00;3.70;0
6;supply_node;2727.00;9.80;1725.00;4.88;0
6;supply_node;2733.00;11.50;1672.00;1.63;0
6;supply_node;2769.00;10.00;1637.00;5.06;0
6;supply_node;2631.00;14.12;1709.00;1.29;0
6;supply_node;2657.00;10.50;1730.00;5.81;0
6;supply_node;2751.00;10.43;1586.00;3.57;0
6;supply_node;2679.00;9.78;1628.00;1.85;0
6;supply_node;2676.00;9.73;1645.00;5.71;0
6;supply_node;2679.00;9.73;1671.00;1.96;0
6;supply_node;2787.00;9.50;1689.00;3.75;0
6;supply_node;2763.00;9.50;1716.00;2.63;0
6;supply_node;2755.00;9.50;1555.00;4.28;0
6;supply_node;2695.00;9.50;1683.00;3.37;0
6;supply_node;2789.00;9.50;1685.00;4.24;0
6;supply_node;2779.00;9.88;1688.00;5.62;0
6;supply_node;2786.00;9.50;1693.00;1.21;0
6;supply_node;2757.00;9.50;1727.00;4.48;0
6;supply_node;2797.00;9.50;1682.00;1.55;0
6;supply_node;2754.00;9.50;1722.00;4.22;0
6;supply_node;2765.00;9.50;1704.00;1.43;0
6;supply_node;2751.00;9.50;1558.00;5.92;0
6;bunker;2667.00;10.45;1733.00;2.88;0
6;bunker;2638.00;12.25;1712.00;4.11;0
6;bunker;2761.00;9.75;1583.00;0.72;0
6;bunker;2714.00;10.28;1743.00;5.33;0
6;bunker;2807.00;9.82;1635.00;1.90;0
6;bunker;2769.00;9.65;1633.00;2.69;0
6;bunker;2676.00;9.82;1642.00;2.58;0
6;bunker;2732.00;11.40;1676.00;0.66;0
6;bunker;2680.00;9.65;1664.00;4.36;0
6;bunker;2682.00;9.90;1640.00;2.76;0
6;bunker;2716.00;10.85;1699.00;4.75;0
6;bunker;2779.00;9.88;1688.00;2.65;0
6;bunker;2766.00;9.82;1705.00;5.84;0
6;bunker;2754.00;9.50;1724.00;5.77;0
6;bunker;2761.00;9.65;1719.00;5.98;0
6;bunker;2788.00;9.98;1694.00;2.82;0
6;bunker;2698.00;9.50;1684.00;1.58;0
6;bunker;2798.00;9.50;1682.00;1.47;0
6;bunker;2759.00;10.45;1727.00;5.43;0
6;bunker;2756.00;9.50;1556.00;6.27;0
6;bunker;2751.00;9.50;1558.00;4.58;0
6;bunker;2787.00;10.03;1690.00;5.10;0
6;bunker;2788.00;9.98;1686.00;1.19;0
6;coastal_bunker;2739.00;10.15;1598.00;-3.93;0
6;coastal_bunker;2759.00;9.50;1725.00;1.57;0
6;coastal_bunker;2804.00;9.50;1637.00;0.92;0
6;coastal_bunker;2739.00;9.50;1656.00;0.32;0
6;coastal_bunker;2749.00;9.70;1724.00;1.41;0
6;coastal_bunker;2650.00;9.50;1698.00;0.16;0
6;coastal_bunker;2674.00;9.50;1678.00;-3.93;0
6;coastal_bunker;2638.00;9.50;1689.00;-0.06;0
6;coastal_bunker;2697.00;9.50;1683.00;1.57;0
6;coastal_bunker;2756.00;9.57;1720.00;1.57;0
6;coastal_bunker;2674.00;9.50;1648.00;-2.82;0
6;coastal_bunker;2724.00;9.80;1713.00;-4.12;0
6;coastal_bunker;2708.00;9.50;1677.00;-1.42;0
6;coastal_bunker;2766.00;10.05;1714.00;-3.93;0
6;coastal_bunker;2672.00;9.50;1616.00;0.46;0
6;coastal_bunker;2765.00;9.50;1704.00;-3.14;0
6;coastal_bunker;2785.00;9.50;1693.00;-3.14;0
6;coastal_bunker;2788.00;10.03;1690.00;-3.93;0
6;coastal_bunker;2790.00;9.50;1685.00;-3.93;0
6;coastal_bunker;2778.00;9.50;1687.00;1.57;0
6;coastal_bunker;2752.00;9.50;1559.00;-3.93;0
6;coastal_bunker;2799.00;9.50;1682.00;-3.93;0
6;coastal_bunker;2755.00;9.50;1557.00;1.57;0
6;stronghold_network;2738.00;10.20;1697.00;4.96;0
6;dockyard;2744.00;9.80;1694.00;-4.12;0
6;anti_air_building;2715.00;10.25;1732.00;1.95;0
6;anti_air_building;2677.00;9.88;1638.00;4.58;0
6;anti_air_building;2760.00;11.28;1733.00;5.11;0
6;synthetic_refinery;2747.00;10.15;1662.00;4.61;0
6;fuel_silo;2788.00;10.60;1699.00;3.88;0
6;radar_station;2726.00;9.50;1663.00;3.59;0
6;naval_supply_hub;2652.00;9.85;1701.00;0.16;0
6;naval_supply_hub;2757.00;10.35;1729.00;1.57;0
6;naval_supply_hub;2688.00;9.50;1638.00;0.46;0
6;naval_supply_hub;2751.00;9.50;1558.00;-3.93;0
6;naval_supply_hub;2747.00;9.50;1723.00;1.41;0
6;naval_supply_hub;2755.00;9.50;1575.00;-3.93;0
6;naval_supply_hub;2731.00;9.60;1660.00;-1.42;0
6;naval_supply_hub;2778.00;9.50;1593.00;0.32;0
6;naval_supply_hub;2762.00;9.50;1717.00;-3.93;0
6;naval_supply_hub;2795.00;9.50;1640.00;0.92;0
6;naval_supply_hub;2748.00;9.68;1683.00;-4.12;0
6;naval_supply_hub;2668.00;9.50;1643.00;-2.82;0
6;naval_supply_hub;2697.00;9.50;1683.00;1.57;0
6;naval_supply_hub;2634.00;9.60;1691.00;-0.06;0
6;naval_supply_hub;2767.00;9.50;1703.00;-3.14;0
6;naval_supply_hub;2675.00;9.50;1672.00;-3.93;0
6;naval_supply_hub;2792.00;9.50;1685.00;-3.93;0
6;naval_supply_hub;2787.00;9.95;1694.00;-3.14;0
6;naval_supply_hub;2755.00;9.50;1554.00;1.57;0
6;naval_supply_hub;2782.00;9.93;1689.00;1.57;0
6;naval_supply_hub;2799.00;9.50;1682.00;-3.93;0
6;naval_supply_hub;2786.00;10.00;1691.00;-3.93;0
6;naval_supply_hub;2756.00;9.50;1719.00;1.57;0
6;naval_headquarters;2671.00;9.50;1633.00;0.46;0
6;naval_headquarters;2617.00;9.50;1695.00;-0.06;0
6;naval_headquarters;2764.00;9.60;1581.00;-3.93;0
6;naval_headquarters;2677.00;9.50;1664.00;-3.93;0
6;naval_headquarters;2761.00;9.65;1719.00;-3.93;0
6;naval_headquarters;2770.00;10.23;1709.00;1.41;0
6;naval_headquarters;2787.00;9.50;1634.00;0.92;0
6;naval_headquarters;2778.00;9.50;1689.00;1.57;0
6;naval_headquarters;2789.00;10.00;1694.00;-3.14;0
6;naval_headquarters;2735.00;9.55;1658.00;-1.42;0
6;naval_headquarters;2697.00;9.50;1685.00;1.57;0
6;naval_headquarters;2759.00;9.50;1725.00;1.57;0
6;naval_headquarters;2785.00;9.90;1605.00;0.32;0
6;naval_headquarters;2764.00;9.50;1706.00;-3.14;0
6;naval_headquarters;2732.00;9.88;1706.00;-4.12;0
6;naval_headquarters;2685.00;9.57;1653.00;-2.82;0
6;naval_headquarters;2757.00;9.50;1555.00;1.57;0
6;naval_headquarters;2655.00;9.82;1703.00;0.16;0
6;naval_headquarters;2752.00;9.50;1558.00;-3.93;0
6;naval_headquarters;2756.00;9.57;1720.00;1.57;0
6;naval_headquarters;2792.00;9.93;1686.00;-3.93;0
6;naval_headquarters;2800.00;9.80;1683.00;-3.93;0
6;naval_headquarters;2784.00;9.50;1691.00;-3.93;0
6;nuclear_reactor_spawn;2643.00;12.00;1704.00;2.11;0
6;special_project_facility_spawn;2673.00;9.93;1716.00;6.13;0
6;special_project_facility_spawn;2768.00;10.43;1657.00;2.35;0
6;special_project_facility_spawn;2757.00;13.25;1740.00;1.08;0
6;special_project_facility_spawn;2750.00;10.23;1668.00;5.10;0
6;special_project_facility_spawn;2723.00;11.70;1692.00;2.07;0
6;special_project_facility_spawn;2629.00;11.48;1696.00;0.50;0
6;special_project_facility_spawn;2767.00;10.10;1650.00;0.36;0
6;special_project_facility_spawn;2678.00;9.70;1672.00;5.20;0
6;special_project_facility_spawn;2740.00;10.18;1587.00;6.24;0
6;special_project_facility_spawn;2680.00;10.03;1643.00;1.68;0
6;special_project_facility_spawn;2685.00;9.80;1645.00;1.01;0
6;special_project_facility_spawn;2797.00;9.50;1682.00;1.44;0
6;special_project_facility_spawn;2750.00;9.50;1559.00;4.18;0
6;special_project_facility_spawn;2698.00;9.50;1682.00;3.69;0
6;special_project_facility_spawn;2783.00;9.50;1694.00;1.06;0
6;special_project_facility_spawn;2755.00;9.65;1722.00;2.31;0
6;special_project_facility_spawn;2764.00;10.07;1717.00;0.54;0
6;special_project_facility_spawn;2759.00;9.50;1725.00;4.03;0
6;special_project_facility_spawn;2764.00;9.50;1705.00;2.32;0
6;special_project_facility_spawn;2787.00;10.03;1690.00;3.96;0
6;special_project_facility_spawn;2779.00;9.88;1688.00;2.86;0
6;special_project_facility_spawn;2788.00;9.98;1686.00;4.43;0
6;special_project_facility_spawn;2756.00;9.50;1555.00;5.94;0
6;rocket_site_spawn;2748.00;10.20;1663.00;5.73;0
6;floating_harbor;2771.00;9.50;1689.00;0.29;60
6;floating_harbor;2742.82;9.50;1703.88;-0.98;181
6;floating_harbor;2771.00;9.50;1689.00;-2.68;186
6;floating_harbor;2713.08;9.50;1668.94;-4.56;340
6;floating_harbor;2776.21;9.50;1615.36;-2.82;388
6;floating_harbor;2629.56;9.50;1686.01;-3.20;446
6;floating_harbor;2662.11;9.50;1698.09;-2.98;576
6;floating_harbor;2908.00;9.50;1624.00;-1.34;1555
6;floating_harbor;2636.00;9.50;1621.00;-4.60;1559
6;floating_harbor;2672.79;9.50;1654.64;0.32;1560
6;floating_harbor;2636.00;9.50;1621.00;-3.85;1603
6;floating_harbor;2771.00;9.50;1689.00;-4.65;1918
6;floating_harbor;2771.00;9.50;1689.00;-2.89;1938
6;floating_harbor;2763.00;9.50;1555.00;-1.57;1989
6;floating_harbor;2703.00;9.50;1683.00;-1.57;1991
6;floating_harbor;2794.95;9.50;1690.95;-0.79;1992
6;floating_harbor;2787.00;9.50;1688.00;-1.57;2074
6;floating_harbor;2771.00;9.50;1689.00;-4.39;2075
6;floating_harbor;2771.00;9.50;1689.00;-2.81;2076
6;floating_harbor;2771.00;9.50;1689.00;1.35;2193
6;floating_harbor;2771.00;9.50;1689.00;-2.69;2194
6;floating_harbor;2771.00;9.50;1689.00;-2.78;2242
7;arms_factory;2836.00;11.12;2290.00;0.17;0
7;arms_factory;2900.00;12.57;2268.00;1.39;0
7;arms_factory;2681.00;10.65;2025.00;0.19;0
7;arms_factory;2826.00;14.12;2258.00;3.42;0
7;arms_factory;2600.00;9.60;2459.00;4.50;0
7;arms_factory;2791.00;11.07;2461.00;3.70;0
7;industrial_complex;2869.00;12.73;2271.00;5.90;0
7;industrial_complex;2933.00;10.57;2307.00;0.26;0
7;industrial_complex;2632.00;9.73;2442.00;3.65;0
7;industrial_complex;2719.00;10.43;2141.00;3.37;0
7;industrial_complex;2649.00;9.85;2028.00;4.32;0
7;industrial_complex;2669.00;10.05;2101.00;5.36;0
7;air_base;2711.00;10.68;2079.00;3.15;0
7;supply_node;2873.00;12.32;2281.00;4.88;0
7;supply_node;2971.00;9.50;2297.00;1.63;0
7;supply_node;2703.00;10.75;2083.00;5.06;0
7;supply_node;2797.00;10.62;2254.00;1.29;0
7;supply_node;2918.00;10.98;2302.00;5.81;0
7;supply_node;2736.00;10.70;2167.00;3.57;0
7;supply_node;2739.00;10.23;2188.00;1.85;0
7;supply_node;2663.00;10.03;2104.00;5.71;0
7;supply_node;2718.00;10.32;2140.00;1.96;0
7;supply_node;2828.00;11.60;2274.00;3.75;0
7;supply_node;2682.00;10.32;2023.00;2.63;0
7;supply_node;2649.00;9.70;2018.00;4.28;0
7;supply_node;2668.00;10.28;2084.00;3.37;0
7;supply_node;2640.00;9.70;2085.00;4.24;0
7;supply_node;2670.00;11.40;2032.00;5.62;0
7;supply_node;2761.00;11.88;2211.00;1.21;0
7;supply_node;2646.00;9.73;2056.00;4.48;0
7;supply_node;2684.00;10.88;2055.00;1.55;0
7;supply_node;2719.00;11.05;2455.00;4.22;0
7;supply_node;2631.00;9.70;2458.00;1.43;0
7;supply_node;2686.00;10.75;2440.00;5.92;0
7;supply_node;2649.00;10.57;2436.00;0.05;0
7;supply_node;2739.00;9.50;2468.00;1.59;0
7;supply_node;2802.00;11.98;2467.00;2.00;0
7;supply_node;2768.00;11.43;2440.00;0.32;0
7;supply_node;2769.00;11.55;2259.00;1.38;0
7;supply_node;2798.00;12.15;2279.00;4.43;0
7;supply_node;2577.00;9.50;2450.00;5.57;0
7;supply_node;2912.00;10.25;2482.00;0.06;0
7;supply_node;2873.00;10.30;2315.00;5.80;0
7;supply_node;2824.00;10.70;2296.00;1.43;0
7;supply_node;2874.00;9.50;2455.00;1.00;0
7;supply_node;2880.00;10.45;2310.00;4.90;0
7;supply_node;2456.00;9.60;2294.00;3.83;0
7;supply_node;2774.00;11.23;2273.00;6.28;0
7;supply_node;2674.00;9.78;2128.00;4.26;0
7;supply_node;2746.00;10.25;2248.00;5.01;0
7;supply_node;2888.00;10.07;2315.00;0.75;0
7;supply_node;2842.00;9.78;2452.00;3.70;0
7;supply_node;2692.00;10.20;2473.00;5.46;0
7;supply_node;2625.00;9.50;2038.00;5.54;0
7;supply_node;2842.00;10.40;2301.00;3.14;0
7;supply_node;2816.00;10.35;2422.00;0.80;0
7;supply_node;2831.00;9.50;2302.00;2.90;0
7;supply_node;2727.00;10.15;2193.00;1.25;0
7;supply_node;2707.00;9.50;2162.00;4.17;0
7;supply_node;2734.00;9.50;2241.00;3.55;0
7;supply_node;2892.00;9.53;2325.00;1.14;0
7;supply_node;2903.00;9.60;2456.00;3.69;0
7;supply_node;2664.00;9.50;2124.00;5.76;0
7;supply_node;2672.00;9.50;2132.00;3.24;0
7;supply_node;2817.00;9.93;2299.00;5.94;0
7;supply_node;2739.00;10.15;2245.00;4.14;0
7;supply_node;2847.00;9.50;2297.00;0.13;0
7;supply_node;2622.00;9.50;2050.00;6.25;0
7;supply_node;2791.00;10.50;2264.00;3.70;0
7;supply_node;2852.00;9.50;2471.00;0.64;0
7;supply_node;2783.00;9.50;2268.00;2.44;0
7;supply_node;2823.00;9.75;2303.00;3.50;0
7;bunker;2609.00;9.60;2455.00;5.67;0
7;bunker;2937.00;11.85;2302.00;3.91;0
7;bunker;2685.00;10.48;2075.00;1.66;0
7;bunker;2717.00;10.32;2468.00;6.26;0
7;bunker;2885.00;13.15;2270.00;1.54;0
7;bunker;2846.00;11.78;2279.00;4.36;0
7;bunker;2708.00;9.53;2162.00;1.91;0
7;bunker;2656.00;9.95;2012.00;4.71;0
7;bunker;2681.00;10.53;2081.00;4.96;0
7;bunker;2975.00;10.45;2309.00;4.86;0
7;bunker;2688.00;12.43;2035.00;1.95;0
7;bunker;2654.00;10.05;2048.00;4.58;0
7;bunker;2680.00;10.93;2040.00;5.11;0
7;bunker;2807.00;11.65;2467.00;4.61;0
7;bunker;2813.00;13.38;2271.00;3.88;0
7;bunker;2794.00;10.60;2440.00;0.43;0
7;bunker;2703.00;11.35;2451.00;5.30;0
7;bunker;2640.00;9.65;2097.00;2.23;0
7;bunker;2668.00;9.88;2427.00;3.08;0
7;bunker;2717.00;9.95;2155.00;0.48;0
7;bunker;2682.00;10.62;2435.00;5.38;0
7;bunker;2815.00;9.90;2423.00;2.66;0
7;bunker;2743.00;11.35;2165.00;6.06;0
7;bunker;2623.00;9.50;2048.00;1.00;0
7;bunker;2669.00;10.23;2070.00;0.25;0
7;bunker;2753.00;12.00;2208.00;3.06;0
7;bunker;2656.00;9.75;2104.00;2.60;0
7;bunker;2738.00;10.62;2183.00;0.45;0
7;bunker;2802.00;11.88;2282.00;5.77;0
7;bunker;2767.00;11.18;2260.00;2.14;0
7;bunker;2875.00;10.28;2315.00;0.57;0
7;bunker;2577.00;9.50;2450.00;0.59;0
7;bunker;2864.00;10.30;2454.00;5.48;0
7;bunker;2626.00;9.55;2040.00;3.83;0
7;bunker;2888.00;10.15;2317.00;3.05;0
7;bunker;2902.00;9.60;2456.00;0.85;0
7;bunker;2691.00;10.18;2473.00;3.84;0
7;bunker;2675.00;9.50;2134.00;4.14;0
7;bunker;2819.00;9.88;2301.00;3.46;0
7;bunker;2905.00;10.28;2482.00;1.84;0
7;bunker;2730.00;9.50;2193.00;0.93;0
7;bunker;2821.00;10.73;2297.00;4.88;0
7;bunker;2854.00;10.10;2472.00;6.07;0
7;bunker;2739.00;9.70;2246.00;4.14;0
7;bunker;2879.00;10.20;2308.00;4.76;0
7;bunker;2777.00;11.15;2276.00;2.99;0
7;bunker;2734.00;9.50;2241.00;4.48;0
7;bunker;2673.00;9.78;2128.00;5.92;0
7;bunker;2790.00;9.78;2263.00;4.01;0
7;bunker;2844.00;10.55;2302.00;5.82;0
7;bunker;2459.00;9.70;2297.00;4.04;0
7;bunker;2893.00;10.05;2326.00;2.98;0
7;bunker;2824.00;10.25;2303.00;3.47;0
7;bunker;2746.00;10.32;2249.00;1.10;0
7;bunker;2665.00;9.50;2124.00;3.81;0
7;bunker;2847.00;10.30;2298.00;4.59;0
7;bunker;2841.00;10.28;2453.00;0.09;0
7;bunker;2833.00;10.43;2301.00;5.67;0
7;bunker;2784.00;10.70;2269.00;4.04;0
7;coastal_bunker;2772.00;10.30;2228.00;-3.14;0
7;coastal_bunker;2971.00;9.95;2317.00;-3.50;0
7;coastal_bunker;2928.00;9.95;2315.00;-3.46;0
7;coastal_bunker;2739.00;9.78;2199.00;-2.25;0
7;coastal_bunker;2675.00;9.50;2124.00;-2.45;0
7;coastal_bunker;2704.00;9.55;2133.00;-1.57;0
7;coastal_bunker;2628.00;9.60;2091.00;-1.85;0
7;coastal_bunker;2638.00;9.50;2451.00;-4.25;0
7;coastal_bunker;2764.00;12.70;2476.00;-1.89;0
7;coastal_bunker;2829.00;10.68;2286.00;-2.98;0
7;coastal_bunker;2671.00;9.82;2128.00;-1.57;0
7;coastal_bunker;2687.00;9.88;2021.00;0.98;0
7;coastal_bunker;2744.00;10.32;2436.00;-1.57;0
7;coastal_bunker;2853.00;9.50;2304.00;-2.55;0
7;coastal_bunker;2634.00;9.57;2018.00;-1.72;0
7;coastal_bunker;2641.00;9.50;2430.00;-1.57;0
7;coastal_bunker;2811.00;10.70;2283.00;-1.89;0
7;coastal_bunker;2634.00;9.60;2047.00;-1.44;0
7;coastal_bunker;2766.00;10.20;2255.00;-1.57;0
7;coastal_bunker;2793.00;11.48;2265.00;-1.57;0
7;coastal_bunker;2846.00;10.32;2298.00;-3.14;0
7;coastal_bunker;2459.00;9.62;2299.00;-3.93;0
7;coastal_bunker;2795.00;10.90;2276.00;-1.57;0
7;coastal_bunker;2824.00;10.62;2297.00;1.57;0
7;coastal_bunker;2772.00;12.60;2476.00;0.79;0
7;coastal_bunker;2694.00;9.53;2463.00;-4.51;0
7;coastal_bunker;2704.00;10.07;2442.00;0.22;0
7;coastal_bunker;2873.00;9.75;2456.00;-3.14;0
7;coastal_bunker;2569.00;9.50;2455.00;-2.03;0
7;coastal_bunker;2879.00;10.18;2317.00;-4.25;0
7;coastal_bunker;2819.00;9.50;2300.00;-3.14;0
7;coastal_bunker;2784.00;10.70;2269.00;-3.93;0
7;coastal_bunker;2733.00;9.60;2172.00;-1.72;0
7;coastal_bunker;2894.00;9.53;2325.00;-3.14;0
7;coastal_bunker;2739.00;10.15;2245.00;-1.57;0
7;coastal_bunker;2834.00;10.43;2301.00;-3.93;0
7;coastal_bunker;2903.00;10.50;2457.00;-1.57;0
7;coastal_bunker;2693.00;9.50;2472.00;-3.93;0
7;coastal_bunker;2841.00;9.80;2302.00;-3.93;0
7;coastal_bunker;2917.00;9.50;2482.00;-3.93;0
7;coastal_bunker;2695.00;10.03;2035.00;0.54;0
7;coastal_bunker;2728.00;9.50;2192.00;1.57;0
7;coastal_bunker;2878.00;9.60;2312.00;-3.93;0
7;coastal_bunker;2821.00;9.93;2424.00;-3.14;0
7;coastal_bunker;2844.00;9.50;2451.00;1.57;0
7;coastal_bunker;2824.00;10.25;2303.00;-1.57;0
7;coastal_bunker;2887.00;9.53;2316.00;-3.93;0
7;coastal_bunker;2650.00;9.50;2110.00;-2.55;0
7;coastal_bunker;2672.00;9.50;2132.00;-3.14;0
7;coastal_bunker;2750.00;9.70;2250.00;1.57;0
7;coastal_bunker;2622.00;9.50;2049.00;-1.57;0
7;coastal_bunker;2664.00;9.50;2124.00;-3.14;0
7;coastal_bunker;2777.00;10.95;2277.00;-1.57;0
7;coastal_bunker;2853.00;10.10;2473.00;-3.93;0
7;coastal_bunker;2735.00;9.82;2240.00;1.57;0
7;coastal_bunker;2627.00;9.50;2038.00;-1.57;0
7;coastal_bunker;2708.00;9.82;2164.00;-3.93;0
7;stronghold_network;2693.00;10.35;2076.00;4.00;0
7;dockyard;2877.00;9.65;2317.00;-4.25;0
7;anti_air_building;2746.00;11.25;2166.00;3.42;0
7;anti_air_building;2813.00;9.93;2422.00;5.39;0
7;anti_air_building;2881.00;10.45;2295.00;2.90;0
7;synthetic_refinery;2716.00;10.80;2089.00;4.45;0
7;fuel_silo;2686.00;11.03;2110.00;5.73;0
7;radar_station;2733.00;9.50;2239.00;4.63;0
7;naval_supply_hub;2630.00;9.50;2033.00;-1.72;0
7;naval_supply_hub;2909.00;10.10;2316.00;-3.46;0
7;naval_supply_hub;2721.00;9.55;2167.00;-1.72;0
7;naval_supply_hub;2735.00;9.50;2244.00;1.57;0
7;naval_supply_hub;2732.00;10.10;2192.00;-2.25;0
7;naval_supply_hub;2638.00;9.50;2101.00;-1.85;0
7;naval_supply_hub;2799.00;11.38;2254.00;-1.89;0
7;naval_supply_hub;2787.00;9.50;2458.00;0.79;0
7;naval_supply_hub;2570.00;9.50;2455.00;-2.03;0
7;naval_supply_hub;2879.00;9.65;2319.00;-4.25;0
7;naval_supply_hub;2634.00;9.60;2047.00;-1.44;0
7;naval_supply_hub;2794.00;11.03;2274.00;-1.57;0
7;naval_supply_hub;2840.00;10.38;2282.00;-2.98;0
7;naval_supply_hub;2683.00;10.00;2470.00;-4.25;0
7;naval_supply_hub;2834.00;10.43;2302.00;-3.93;0
7;naval_supply_hub;2753.00;10.38;2468.00;-1.89;0
7;naval_supply_hub;2675.00;9.80;2130.00;-1.57;0
7;naval_supply_hub;2671.00;9.75;2446.00;0.22;0
7;naval_supply_hub;2981.00;9.50;2302.00;0.98;0
7;naval_supply_hub;2887.00;9.50;2453.00;-3.14;0
7;naval_supply_hub;2704.00;9.85;2038.00;0.02;0
7;naval_supply_hub;2755.00;9.80;2218.00;-3.14;0
7;naval_supply_hub;2757.00;9.50;2435.00;-1.57;0
7;naval_supply_hub;2452.00;9.50;2290.00;-0.59;0
7;naval_supply_hub;2625.00;9.50;2436.00;-1.57;0
7;naval_supply_hub;2862.00;9.62;2306.00;-2.55;0
7;naval_supply_hub;2781.00;9.55;2259.00;-1.57;0
7;naval_supply_hub;2749.00;10.30;2455.00;-4.51;0
7;naval_supply_hub;2751.00;10.12;2251.00;1.57;0
7;naval_supply_hub;2770.00;9.50;2267.00;-1.57;0
7;naval_supply_hub;2661.00;9.50;2109.00;-2.55;0
7;naval_supply_hub;2705.00;9.85;2139.00;-1.57;0
7;naval_supply_hub;2668.00;9.50;2132.00;-3.14;0
7;naval_supply_hub;2840.00;9.82;2453.00;-1.89;0
7;naval_supply_hub;2845.00;9.50;2297.00;-3.14;0
7;naval_supply_hub;2679.00;9.50;2011.00;0.98;0
7;naval_supply_hub;2792.00;11.43;2265.00;-1.57;0
7;naval_supply_hub;2843.00;9.50;2300.00;-3.93;0
7;naval_supply_hub;2695.00;10.18;2474.00;-3.93;0
7;naval_supply_hub;2852.00;10.03;2472.00;-3.93;0
7;naval_supply_hub;2708.00;9.50;2161.00;-3.93;0
7;naval_supply_hub;2876.00;9.68;2310.00;-3.93;0
7;naval_supply_hub;2628.00;9.50;2038.00;-1.57;0
7;naval_supply_hub;2782.00;9.50;2270.00;-3.93;0
7;naval_supply_hub;2902.00;10.50;2457.00;-1.57;0
7;naval_supply_hub;2696.00;10.32;2030.00;0.54;0
7;naval_supply_hub;2729.00;10.25;2195.00;1.57;0
7;naval_supply_hub;2911.00;9.78;2485.00;-3.93;0
7;naval_supply_hub;2622.00;9.60;2051.00;-1.57;0
7;naval_supply_hub;2831.00;9.50;2295.00;1.57;0
7;naval_supply_hub;2820.00;9.50;2300.00;-3.14;0
7;naval_supply_hub;2739.00;9.50;2243.00;-1.57;0
7;naval_supply_hub;2890.00;10.20;2317.00;-3.93;0
7;naval_supply_hub;2820.00;9.93;2424.00;-3.14;0
7;naval_supply_hub;2894.00;9.53;2325.00;-3.14;0
7;naval_supply_hub;2823.00;9.50;2302.00;-1.57;0
7;naval_supply_hub;2665.00;9.50;2124.00;-3.14;0
7;naval_headquarters;2745.00;9.50;2468.00;-1.89;0
7;naval_headquarters;2816.00;10.45;2473.00;0.79;0
7;naval_headquarters;2600.00;9.50;2467.00;-1.74;0
7;naval_headquarters;2795.00;11.95;2257.00;-1.89;0
7;naval_headquarters;2641.00;9.50;2070.00;-1.85;0
7;naval_headquarters;2743.00;10.40;2449.00;-1.57;0
7;naval_headquarters;2693.00;9.50;2434.00;0.22;0
7;naval_headquarters;2727.00;10.15;2193.00;1.57;0
7;naval_headquarters;2830.00;10.75;2282.00;-2.98;0
7;naval_headquarters;2740.00;9.73;2244.00;-1.57;0
7;naval_headquarters;2892.00;10.05;2327.00;-3.14;0
7;naval_headquarters;2856.00;10.30;2296.00;-2.55;0
7;naval_headquarters;2625.00;9.50;2033.00;-1.72;0
7;naval_headquarters;2770.00;10.40;2228.00;-3.14;0
7;naval_headquarters;2698.00;10.10;2464.00;-4.51;0
7;naval_headquarters;2959.00;9.50;2303.00;0.98;0
7;naval_headquarters;2662.00;9.50;2424.00;-1.57;0
7;naval_headquarters;2634.00;9.50;2039.00;-1.44;0
7;naval_headquarters;2945.00;10.07;2319.00;-3.46;0
7;naval_headquarters;2733.00;9.78;2193.00;-2.25;0
7;naval_headquarters;2776.00;11.25;2268.00;-1.57;0
7;naval_headquarters;2651.00;9.50;2109.00;-2.55;0
7;naval_headquarters;2790.00;9.78;2263.00;-1.57;0
7;naval_headquarters;2709.00;9.95;2132.00;-2.81;0
7;naval_headquarters;2771.00;10.18;2268.00;-1.57;0
7;naval_headquarters;2817.00;10.35;2423.00;-3.14;0
7;naval_headquarters;2889.00;9.50;2453.00;-3.14;0
7;naval_headquarters;2709.00;9.50;2136.00;-1.57;0
7;naval_headquarters;2842.00;10.25;2454.00;1.57;0
7;naval_headquarters;2624.00;9.50;2038.00;-1.57;0
7;naval_headquarters;2905.00;10.53;2457.00;-1.57;0
7;naval_headquarters;2696.00;10.05;2025.00;0.98;0
7;naval_headquarters;2789.00;9.50;2272.00;-1.57;0
7;naval_headquarters;2730.00;9.60;2171.00;-1.72;0
7;naval_headquarters;2587.00;9.50;2449.00;1.33;0
7;naval_headquarters;2852.00;9.73;2473.00;-3.93;0
7;naval_headquarters;2746.00;10.25;2250.00;1.57;0
7;naval_headquarters;2877.00;10.25;2311.00;-3.93;0
7;naval_headquarters;2907.00;10.20;2483.00;-3.93;0
7;naval_headquarters;2883.00;9.53;2320.00;-4.25;0
7;naval_headquarters;2622.00;9.50;2049.00;-1.57;0
7;naval_headquarters;2887.00;9.50;2314.00;-3.93;0
7;naval_headquarters;2674.00;9.50;2127.00;-1.57;0
7;naval_headquarters;2695.00;10.00;2036.00;0.54;0
7;naval_headquarters;2833.00;9.50;2300.00;-3.93;0
7;naval_headquarters;2696.00;9.55;2473.00;-3.93;0
7;naval_headquarters;2823.00;9.50;2302.00;-1.57;0
7;naval_headquarters;2457.00;9.62;2298.00;-3.93;0
7;naval_headquarters;2735.00;9.50;2243.00;1.57;0
7;naval_headquarters;2815.00;9.50;2299.00;-3.14;0
7;naval_headquarters;2841.00;9.80;2302.00;-3.93;0
7;naval_headquarters;2830.00;10.62;2297.00;1.57;0
7;naval_headquarters;2848.00;9.50;2297.00;-3.14;0
7;naval_headquarters;2708.00;9.85;2163.00;-3.93;0
7;naval_headquarters;2663.00;9.80;2125.00;-3.14;0
7;naval_headquarters;2782.00;9.50;2269.00;-3.93;0
7;naval_headquarters;2669.00;9.50;2132.00;-3.14;0
7;nuclear_reactor_spawn;2862.00;10.73;2289.00;6.11;0
7;special_project_facility_spawn;2667.00;10.20;2070.00;4.12;0
7;special_project_facility_spawn;2702.00;10.35;2443.00;1.12;0
7;special_project_facility_spawn;2740.00;10.68;2184.00;1.36;0
7;special_project_facility_spawn;2838.00;10.78;2278.00;4.20;0
7;special_project_facility_spawn;2976.00;10.05;2303.00;6.12;0
7;special_project_facility_spawn;2629.00;9.65;2081.00;3.48;0
7;special_project_facility_spawn;2906.00;11.30;2294.00;2.01;0
7;special_project_facility_spawn;2801.00;12.70;2251.00;4.87;0
7;special_project_facility_spawn;2657.00;9.95;2454.00;3.38;0
7;special_project_facility_spawn;2643.00;9.90;2432.00;2.56;0
7;special_project_facility_spawn;2662.00;10.18;2050.00;0.48;0
7;special_project_facility_spawn;2725.00;9.50;2191.00;5.56;0
7;special_project_facility_spawn;2680.00;12.07;2031.00;1.27;0
7;special_project_facility_spawn;2653.00;10.03;2008.00;5.86;0
7;special_project_facility_spawn;2662.00;10.07;2101.00;6.23;0
7;special_project_facility_spawn;2674.00;9.50;2132.00;3.92;0
7;special_project_facility_spawn;2720.00;11.10;2117.00;0.78;0
7;special_project_facility_spawn;2700.00;9.95;2043.00;0.12;0
7;special_project_facility_spawn;2724.00;10.32;2468.00;3.23;0
7;special_project_facility_spawn;2889.00;13.48;2273.00;1.49;0
7;special_project_facility_spawn;2813.00;11.32;2465.00;3.02;0
7;special_project_facility_spawn;2815.00;10.32;2422.00;5.38;0
7;special_project_facility_spawn;2736.00;11.03;2164.00;6.19;0
7;special_project_facility_spawn;2734.00;10.53;2457.00;2.49;0
7;special_project_facility_spawn;2778.00;11.23;2225.00;1.04;0
7;special_project_facility_spawn;2670.00;10.55;2088.00;2.95;0
7;special_project_facility_spawn;2667.00;11.20;2027.00;3.99;0
7;special_project_facility_spawn;2581.00;9.50;2449.00;0.21;0
7;special_project_facility_spawn;2774.00;10.88;2444.00;2.08;0
7;special_project_facility_spawn;2879.00;10.32;2309.00;0.79;0
7;special_project_facility_spawn;2768.00;11.60;2260.00;0.97;0
7;special_project_facility_spawn;2460.00;9.68;2297.00;0.26;0
7;special_project_facility_spawn;2784.00;10.70;2269.00;0.79;0
7;special_project_facility_spawn;2911.00;10.25;2482.00;2.01;0
7;special_project_facility_spawn;2890.00;10.25;2316.00;0.23;0
7;special_project_facility_spawn;2789.00;9.50;2263.00;0.27;0
7;special_project_facility_spawn;2733.00;9.50;2238.00;5.76;0
7;special_project_facility_spawn;2678.00;9.85;2129.00;5.90;0
7;special_project_facility_spawn;2796.00;11.10;2276.00;4.05;0
7;special_project_facility_spawn;2892.00;10.05;2327.00;3.98;0
7;special_project_facility_spawn;2744.00;10.20;2248.00;6.25;0
7;special_project_facility_spawn;2707.00;9.50;2162.00;0.59;0
7;special_project_facility_spawn;2876.00;10.25;2315.00;0.62;0
7;special_project_facility_spawn;2847.00;10.30;2298.00;5.23;0
7;special_project_facility_spawn;2693.00;10.20;2473.00;3.07;0
7;special_project_facility_spawn;2663.00;9.80;2125.00;0.18;0
7;special_project_facility_spawn;2738.00;9.50;2245.00;4.34;0
7;special_project_facility_spawn;2903.00;10.50;2457.00;1.94;0
7;special_project_facility_spawn;2820.00;9.50;2300.00;5.63;0
7;special_project_facility_spawn;2822.00;10.68;2297.00;0.08;0
7;special_project_facility_spawn;2864.00;10.30;2454.00;4.53;0
7;special_project_facility_spawn;2623.00;9.50;2048.00;4.21;0
7;special_project_facility_spawn;2822.00;9.50;2304.00;2.39;0
7;special_project_facility_spawn;2778.00;11.07;2277.00;1.38;0
7;special_project_facility_spawn;2844.00;10.55;2303.00;5.82;0
7;special_project_facility_spawn;2626.00;9.57;2039.00;1.34;0
7;special_project_facility_spawn;2841.00;10.28;2453.00;3.61;0
7;special_project_facility_spawn;2854.00;10.10;2472.00;5.43;0
7;special_project_facility_spawn;2833.00;10.43;2301.00;4.92;0
7;rocket_site_spawn;2767.00;10.98;2445.00;2.28;0
7;floating_harbor;2729.00;9.50;2275.00;-4.53;24
7;floating_harbor;3052.00;9.50;2323.00;-1.25;51
7;floating_harbor;2668.52;9.50;2124.38;0.69;95
7;floating_harbor;2729.00;9.50;2275.00;1.28;115
7;floating_harbor;2925.21;9.50;2323.64;-0.32;178
7;floating_harbor;2716.08;9.50;2170.06;1.42;227
7;floating_harbor;2728.53;9.50;2196.37;0.90;280
7;floating_harbor;2577.00;9.50;2056.00;-4.13;284
7;floating_harbor;2729.00;9.50;2275.00;-0.20;308
7;floating_harbor;2824.85;9.50;2292.90;0.17;354
7;floating_harbor;2693.82;9.50;2015.12;-2.16;445
7;floating_harbor;2629.08;9.50;2021.06;1.42;451
7;floating_harbor;2626.27;9.50;2088.92;1.29;487
7;floating_harbor;2761.00;9.50;2232.00;0.00;594
7;floating_harbor;2624.06;9.50;2053.07;-4.58;599
7;floating_harbor;2699.60;9.50;2029.00;-2.60;679
7;floating_harbor;2713.00;9.50;2462.00;1.07;1475
7;floating_harbor;2653.26;9.50;2469.13;-1.11;1476
7;floating_harbor;2689.52;9.50;2424.17;-2.92;1477
7;floating_harbor;2713.00;9.50;2462.00;-1.21;1478
7;floating_harbor;2713.00;9.50;2462.00;-4.42;1533
7;floating_harbor;2812.95;9.50;2456.05;-2.36;1534
7;floating_harbor;2713.00;9.50;2462.00;1.18;1551
7;floating_harbor;2761.00;9.50;2259.00;1.57;1589
7;floating_harbor;2790.00;9.50;2279.00;1.57;1642
7;floating_harbor;2530.00;9.50;2367.00;-3.61;1683
7;floating_harbor;2917.95;9.50;2487.95;-0.79;1698
7;floating_harbor;2921.00;9.50;2421.00;-0.40;1703
7;floating_harbor;2729.00;9.50;2275.00;-4.50;1708
7;floating_harbor;2874.00;9.50;2462.00;0.00;1728
7;floating_harbor;2885.95;9.50;2315.95;-0.79;1733
7;floating_harbor;2450.12;9.50;2285.18;-3.73;1746
7;floating_harbor;2729.00;9.50;2275.00;1.53;1780
7;floating_harbor;2577.00;9.50;2056.00;-4.07;1802
7;floating_harbor;2729.00;9.50;2275.00;0.59;1811
7;floating_harbor;2893.95;9.50;2320.95;-0.79;1827
7;floating_harbor;2832.36;9.50;2455.21;1.25;1834
7;floating_harbor;2697.95;9.50;2478.95;-0.79;1865
7;floating_harbor;2577.00;9.50;2056.00;1.21;1877
7;floating_harbor;2847.95;9.50;2306.95;-0.79;1900
7;floating_harbor;2816.00;9.50;2430.00;0.00;1940
7;floating_harbor;2836.95;9.50;2307.95;-0.79;1961
7;floating_harbor;2729.00;9.50;2275.00;-0.01;1998
7;floating_harbor;2712.95;9.50;2167.95;-0.79;2086
7;floating_harbor;2742.00;9.50;2241.00;-1.57;2087
7;floating_harbor;2892.00;9.50;2333.00;0.00;2088
7;floating_harbor;2921.00;9.50;2421.00;-2.67;2127
7;floating_harbor;2664.00;9.50;2132.00;0.00;2156
7;floating_harbor;2672.00;9.50;2140.00;0.00;2157
7;floating_harbor;2817.00;9.50;2307.00;0.00;2159
7;floating_harbor;2729.00;9.50;2275.00;0.32;2202
7;floating_harbor;2847.00;9.50;2305.00;0.00;2204
7;floating_harbor;2577.00;9.50;2056.00;1.44;2249
7;floating_harbor;2729.00;9.50;2275.00;1.40;2251
7;floating_harbor;2857.95;9.50;2476.95;-0.79;2259
7;floating_harbor;2788.95;9.50;2273.95;-0.79;2313
8;arms_factory;2696.00;10.07;2125.00;0.19;0
8;arms_factory;2696.00;10.07;2125.00;3.42;0
8;arms_factory;2700.00;10.40;2123.00;4.50;0
8;arms_factory;2698.00;10.10;2125.00;3.70;0
8;arms_factory;2697.00;10.30;2124.00;5.90;0
8;arms_factory;2698.00;10.10;2125.00;0.26;0
8;industrial_complex;2698.00;10.32;2124.00;3.65;0
8;industrial_complex;2698.00;10.32;2124.00;3.37;0
8;industrial_complex;2698.00;10.32;2124.00;4.32;0
8;industrial_complex;2699.00;10.68;2122.00;5.36;0
8;industrial_complex;2696.00;10.07;2125.00;3.15;0
8;industrial_complex;2699.00;10.68;2122.00;2.12;0
8;air_base;2697.00;10.30;2124.00;1.18;0
8;supply_node;2698.00;10.50;2123.00;5.06;0
8;bunker;2699.00;10.25;2124.00;0.96;0
8;coastal_bunker;2694.00;9.57;2124.00;-3.14;0
8;stronghold_network;2700.00;10.20;2124.00;5.51;0
8;dockyard;2697.00;9.98;2126.00;-3.14;0
8;anti_air_building;2700.00;10.40;2123.00;5.78;0
8;anti_air_building;2698.00;10.10;2125.00;1.61;0
8;anti_air_building;2699.00;10.45;2123.00;0.46;0
8;synthetic_refinery;2699.00;10.68;2122.00;4.77;0
8;fuel_silo;2699.00;10.68;2122.00;3.42;0
8;radar_station;2699.00;10.45;2123.00;3.37;0
8;naval_supply_hub;2701.00;9.98;2125.00;-3.14;0
8;naval_headquarters;2694.00;9.57;2124.00;-3.14;0
8;nuclear_reactor_spawn;2699.00;10.25;2124.00;5.94;0
8;special_project_facility_spawn;2697.00;10.30;2124.00;3.43;0
8;rocket_site_spawn;2699.00;10.68;2122.00;5.49;0
9;arms_factory;3064.00;9.60;2103.00;4.50;0
9;arms_factory;2973.00;10.53;2224.00;3.70;0
9;arms_factory;2906.00;12.68;2232.00;5.90;0
9;arms_factory;2868.00;12.23;2109.00;0.26;0
9;arms_factory;2895.00;11.03;2126.00;3.65;0
9;arms_factory;3071.00;9.60;2133.00;3.37;0
9;industrial_complex;2882.00;11.32;2107.00;4.32;0
9;industrial_complex;2933.00;9.65;2100.00;5.36;0
9;industrial_complex;2991.00;10.10;2168.00;3.15;0
9;industrial_complex;3028.00;10.18;2241.00;2.12;0
9;industrial_complex;2953.00;10.50;2187.00;1.18;0
9;industrial_complex;2938.00;10.93;2197.00;1.08;0
9;air_base;2971.00;10.40;2226.00;0.96;0
9;supply_node;2959.00;9.90;2127.00;5.81;0
9;supply_node;2870.00;11.20;2116.00;3.57;0
9;supply_node;2919.00;10.75;2148.00;1.85;0
9;supply_node;2912.00;12.88;2204.00;5.71;0
9;supply_node;3067.00;9.80;2227.00;1.96;0
9;supply_node;3046.00;9.50;2103.00;3.75;0
9;supply_node;3024.00;10.12;2253.00;2.63;0
9;supply_node;3111.00;9.60;2224.00;4.28;0
9;supply_node;3028.00;10.00;2176.00;3.37;0
9;supply_node;2885.00;13.35;2251.00;4.24;0
9;supply_node;2904.00;10.07;2093.00;5.62;0
9;supply_node;3014.00;9.70;2113.00;1.21;0
9;supply_node;2979.00;9.70;2088.00;4.48;0
9;supply_node;2932.00;11.32;2277.00;1.55;0
9;supply_node;2891.00;10.70;2062.00;4.22;0
9;supply_node;2961.00;10.88;2253.00;1.43;0
9;supply_node;2980.00;10.45;2208.00;5.92;0
9;supply_node;3000.00;10.00;2171.00;0.05;0
9;supply_node;2981.00;10.23;2161.00;1.59;0
9;supply_node;2839.00;11.10;2054.00;2.00;0
9;supply_node;2836.00;11.40;2048.00;0.32;0
9;supply_node;3057.00;9.60;2167.00;1.38;0
9;supply_node;2843.00;9.50;2042.00;4.43;0
9;supply_node;2901.00;9.98;2165.00;5.57;0
9;supply_node;2829.00;9.55;2048.00;0.06;0
9;supply_node;2852.00;9.50;2120.00;5.80;0
9;bunker;2994.00;9.80;2105.00;2.76;0
9;bunker;2912.00;10.40;2064.00;4.75;0
9;bunker;2948.00;10.28;2278.00;2.65;0
9;bunker;3120.00;9.60;2210.00;5.84;0
9;bunker;3024.00;9.98;2268.00;5.77;0
9;bunker;3005.00;9.60;2079.00;5.98;0
9;bunker;2943.00;9.65;2075.00;2.82;0
9;bunker;2950.00;10.75;2177.00;1.58;0
9;bunker;3025.00;9.65;2196.00;1.47;0
9;bunker;2984.00;10.40;2198.00;5.43;0
9;bunker;3056.00;9.85;2213.00;6.27;0
9;bunker;2988.00;10.18;2171.00;4.58;0
9;bunker;2974.00;10.48;2169.00;5.10;0
9;bunker;2919.00;10.68;2147.00;1.19;0
9;bunker;2921.00;12.62;2225.00;1.14;0
9;bunker;3032.00;9.70;2074.00;0.47;0
9;bunker;2944.00;11.35;2292.00;3.81;0
9;bunker;2852.00;12.50;2267.00;3.38;0
9;bunker;2879.00;11.40;2123.00;0.28;0
9;bunker;2853.00;9.68;2120.00;2.07;0
9;bunker;2831.00;10.30;2048.00;3.08;0
9;bunker;2838.00;12.23;2056.00;5.74;0
9;bunker;2836.00;11.40;2048.00;3.77;0
9;bunker;2844.00;10.90;2043.00;4.16;0
9;bunker;3056.00;9.57;2168.00;2.14;0
9;bunker;2902.00;10.00;2165.00;4.83;0
9;coastal_bunker;3111.00;9.50;2245.00;-4.35;0
9;coastal_bunker;2830.00;10.75;2047.00;1.57;0
9;coastal_bunker;2842.00;9.50;2044.00;-3.93;0
9;coastal_bunker;3022.00;9.70;2277.00;-3.49;0
9;coastal_bunker;2887.00;9.50;2043.00;-0.27;0
9;coastal_bunker;3026.00;9.60;2202.00;-3.98;0
9;coastal_bunker;3026.00;9.50;2209.00;-4.58;0
9;coastal_bunker;2884.00;10.00;2140.00;-1.95;0
9;coastal_bunker;2841.00;10.70;2047.00;-3.14;0
9;coastal_bunker;2854.00;10.10;2091.00;-1.41;0
9;coastal_bunker;2968.00;9.53;2048.00;-0.50;0
9;coastal_bunker;3043.00;9.50;2205.00;-0.11;0
9;coastal_bunker;2838.00;10.78;2055.00;1.57;0
9;coastal_bunker;2894.00;9.50;2186.00;-0.37;0
9;coastal_bunker;2873.00;10.03;2131.00;-1.93;0
9;coastal_bunker;3011.00;9.68;2285.00;-4.05;0
9;coastal_bunker;3065.00;9.50;2139.00;-3.39;0
9;coastal_bunker;3057.00;9.50;2165.00;-1.57;0
9;coastal_bunker;2903.00;9.98;2166.00;1.57;0
9;coastal_bunker;2851.00;9.50;2120.00;1.57;0
9;stronghold_network;2882.00;11.55;2052.00;2.23;0
9;dockyard;3063.00;9.50;2144.00;-3.39;0
9;anti_air_building;3034.00;9.60;2136.00;0.48;0
9;anti_air_building;2945.00;9.60;2114.00;5.38;0
9;anti_air_building;3034.00;10.10;2238.00;2.66;0
9;synthetic_refinery;2989.00;10.50;2209.00;6.06;0
9;fuel_silo;3088.00;9.60;2209.00;1.00;0
9;radar_station;2983.00;10.30;2169.00;2.86;0
9;naval_supply_hub;2873.00;10.23;2047.00;-0.27;0
9;naval_supply_hub;3002.00;9.68;2293.00;-4.05;0
9;naval_supply_hub;3060.00;9.50;2146.00;-3.39;0
9;naval_supply_hub;2892.00;9.55;2149.00;-1.95;0
9;naval_supply_hub;2866.00;9.65;2121.00;-1.93;0
9;naval_supply_hub;3120.00;9.50;2200.00;-4.35;0
9;naval_supply_hub;3044.00;9.55;2188.00;-3.98;0
9;naval_supply_hub;2968.00;9.53;2048.00;-0.50;0
9;naval_supply_hub;3082.00;9.50;2196.00;-0.11;0
9;naval_supply_hub;3018.00;9.50;2207.00;-4.58;0
9;naval_supply_hub;2856.00;9.50;2079.00;-1.41;0
9;naval_supply_hub;2839.00;11.10;2054.00;1.57;0
9;naval_supply_hub;2900.00;9.50;2183.00;-0.37;0
9;naval_supply_hub;2901.00;9.98;2166.00;1.57;0
9;naval_supply_hub;3022.00;9.70;2272.00;-3.49;0
9;naval_supply_hub;2839.00;11.07;2047.00;-3.14;0
9;naval_supply_hub;2845.00;10.82;2044.00;-3.93;0
9;naval_supply_hub;2851.00;9.50;2120.00;1.57;0
9;naval_supply_hub;3057.00;9.55;2169.00;-1.57;0
9;naval_supply_hub;2830.00;10.90;2049.00;1.57;0
9;naval_headquarters;3076.00;9.50;2198.00;-0.11;0
9;naval_headquarters;3022.00;9.50;2213.00;-4.58;0
9;naval_headquarters;2895.00;9.50;2152.00;-1.95;0
9;naval_headquarters;2855.00;9.50;2096.00;-1.93;0
9;naval_headquarters;3109.00;9.50;2194.00;-4.35;0
9;naval_headquarters;2898.00;9.50;2043.00;-0.27;0
9;naval_headquarters;2834.00;11.53;2052.00;-3.14;0
9;naval_headquarters;2959.00;9.50;2060.00;-0.50;0
9;naval_headquarters;3059.00;9.50;2147.00;-3.39;0
9;naval_headquarters;3025.00;9.50;2280.00;-3.49;0
9;naval_headquarters;2841.00;9.78;2055.00;1.57;0
9;naval_headquarters;3006.00;9.50;2292.00;-4.05;0
9;naval_headquarters;2902.00;9.50;2182.00;-0.37;0
9;naval_headquarters;2900.00;9.55;2166.00;1.57;0
9;naval_headquarters;3055.00;9.50;2167.00;-1.57;0
9;naval_headquarters;2830.00;9.53;2046.00;1.57;0
9;naval_headquarters;3025.00;9.60;2202.00;-3.98;0
9;naval_headquarters;2852.00;9.50;2120.00;1.57;0
9;naval_headquarters;2854.00;10.10;2091.00;-1.41;0
9;naval_headquarters;2843.00;9.50;2042.00;-3.93;0
9;nuclear_reactor_spawn;2935.00;11.40;2277.00;1.08;0
9;special_project_facility_spawn;3037.00;9.50;2124.00;5.10;0
9;special_project_facility_spawn;2978.00;10.00;2144.00;2.07;0
9;special_project_facility_spawn;2926.00;12.10;2236.00;0.50;0
9;special_project_facility_spawn;3069.00;9.80;2258.00;0.36;0
9;special_project_facility_spawn;2986.00;9.90;2126.00;5.20;0
9;special_project_facility_spawn;2908.00;11.95;2253.00;6.24;0
9;special_project_facility_spawn;2892.00;11.03;2099.00;1.68;0
9;special_project_facility_spawn;2902.00;10.50;2127.00;1.01;0
9;special_project_facility_spawn;2887.00;11.23;2121.00;1.44;0
9;special_project_facility_spawn;2874.00;11.38;2081.00;4.18;0
9;special_project_facility_spawn;2917.00;12.38;2189.00;3.69;0
9;special_project_facility_spawn;3020.00;9.98;2192.00;1.06;0
9;special_project_facility_spawn;3002.00;10.00;2178.00;2.31;0
9;special_project_facility_spawn;2989.00;10.00;2158.00;0.54;0
9;special_project_facility_spawn;3105.00;9.70;2232.00;4.03;0
9;special_project_facility_spawn;2973.00;10.50;2188.00;2.32;0
9;special_project_facility_spawn;3012.00;10.00;2140.00;3.96;0
9;special_project_facility_spawn;3028.00;10.20;2235.00;2.86;0
9;special_project_facility_spawn;2943.00;10.57;2276.00;4.43;0
9;special_project_facility_spawn;2854.00;10.03;2121.00;5.94;0
9;special_project_facility_spawn;2838.00;11.40;2048.00;5.73;0
9;special_project_facility_spawn;3056.00;9.57;2168.00;1.49;0
9;special_project_facility_spawn;2844.00;10.70;2042.00;3.28;0
9;special_project_facility_spawn;2829.00;9.50;2046.00;3.40;0
9;special_project_facility_spawn;2902.00;10.00;2165.00;0.47;0
9;special_project_facility_spawn;2837.00;12.38;2057.00;1.82;0
9;rocket_site_spawn;2962.00;10.40;2223.00;3.00;0
9;floating_harbor;2855.45;9.50;2121.46;1.21;63
9;floating_harbor;2892.50;9.50;2158.60;1.19;144
9;floating_harbor;2900.45;9.50;2174.48;-3.51;151
9;floating_harbor;3063.23;9.50;2193.04;-3.25;160
9;floating_harbor;3058.73;9.50;2152.78;-0.25;175
9;floating_harbor;3035.37;9.50;2284.59;-0.35;184
9;floating_harbor;3141.00;9.50;2276.00;-0.42;202
9;floating_harbor;3141.00;9.50;2276.00;-0.85;261
9;floating_harbor;2848.09;9.50;2083.87;-4.55;310
9;floating_harbor;2955.67;9.50;2046.84;-3.64;356
9;floating_harbor;2849.00;9.50;2049.00;-4.66;424
9;floating_harbor;3013.50;9.50;2294.33;-0.90;449
9;floating_harbor;3141.00;9.50;2276.00;-1.10;515
9;floating_harbor;2848.00;9.50;2054.00;-1.57;1776
9;floating_harbor;2849.00;9.50;2049.00;-1.57;1783
9;floating_harbor;3141.00;9.50;2276.00;-0.66;1922
9;floating_harbor;2848.95;9.50;2047.95;-0.79;2024
9;floating_harbor;2909.00;9.50;2165.00;-1.57;2026
9;floating_harbor;2849.00;9.50;2049.00;-1.52;2081
9;floating_harbor;2849.00;9.50;2049.00;-3.20;2309
10;arms_factory;2759.00;11.07;2132.00;5.90;0
10;arms_factory;2795.00;12.82;2192.00;0.26;0
10;arms_factory;2796.00;11.95;2164.00;3.65;0
10;arms_factory;2722.00;10.82;2030.00;3.37;0
10;arms_factory;2765.00;11.00;2077.00;4.32;0
10;arms_factory;2723.00;10.12;2013.00;5.36;0
10;industrial_complex;2816.00;10.82;1993.00;3.15;0
10;industrial_complex;2772.00;11.45;2158.00;2.12;0
10;industrial_complex;2787.00;12.53;2214.00;1.18;0
10;industrial_complex;2842.00;11.90;2179.00;1.08;0
10;industrial_complex;2818.00;13.40;2237.00;0.96;0
10;industrial_complex;2883.00;11.75;2192.00;4.19;0
10;air_base;2800.00;10.15;2037.00;5.51;0
10;supply_node;2732.00;10.88;2059.00;1.85;0
10;supply_node;2767.00;11.55;2117.00;5.71;0
10;supply_node;2840.00;13.40;2236.00;1.96;0
10;supply_node;2833.00;11.85;2180.00;3.75;0
10;supply_node;2787.00;10.98;2052.00;2.63;0
10;supply_node;2799.00;12.70;2212.00;4.28;0
10;supply_node;2736.00;10.93;2085.00;3.37;0
10;supply_node;2762.00;10.80;2040.00;4.24;0
10;supply_node;2761.00;10.30;1972.00;5.62;0
10;supply_node;2767.00;11.70;2168.00;1.21;0
10;supply_node;2787.00;12.40;2115.00;4.48;0
10;supply_node;2741.00;10.55;1995.00;1.55;0
10;supply_node;2759.00;11.30;2093.00;4.22;0
10;supply_node;2739.00;11.20;2119.00;1.43;0
10;supply_node;2815.00;11.73;2129.00;5.92;0
10;supply_node;2732.00;10.05;2030.00;0.05;0
10;supply_node;2813.00;11.05;1984.00;1.59;0
10;supply_node;2788.00;9.88;1970.00;2.00;0
10;bunker;2780.00;11.68;2169.00;5.33;0
10;bunker;2878.00;13.38;2245.00;1.90;0
10;bunker;2759.00;10.75;2044.00;2.69;0
10;bunker;2735.00;10.25;2035.00;2.58;0
10;bunker;2876.00;13.70;2206.00;0.66;0
10;bunker;2806.00;11.12;2207.00;4.36;0
10;bunker;2767.00;10.50;1965.00;2.76;0
10;bunker;2746.00;10.32;1979.00;4.75;0
10;bunker;2787.00;11.28;2083.00;2.65;0
10;bunker;2792.00;11.60;2137.00;5.84;0
10;bunker;2732.00;11.20;2111.00;5.77;0
10;bunker;2743.00;10.95;2076.00;5.98;0
10;bunker;2806.00;11.57;2142.00;2.82;0
10;bunker;2771.00;10.50;2132.00;1.58;0
10;bunker;2812.00;10.70;1987.00;1.47;0
10;bunker;2762.00;11.28;2095.00;5.43;0
10;bunker;2786.00;9.80;1965.00;6.27;0
10;bunker;2739.00;10.75;2055.00;4.58;0
10;coastal_bunker;2786.00;9.70;1997.00;-4.12;0
10;coastal_bunker;2853.00;10.18;2155.00;1.27;0
10;coastal_bunker;2709.00;9.50;2020.00;-0.91;0
10;coastal_bunker;2816.00;10.20;2037.00;0.98;0
10;coastal_bunker;2785.00;9.75;1965.00;-3.61;0
10;coastal_bunker;2808.00;9.50;1983.00;-4.25;0
10;coastal_bunker;2796.00;10.25;2104.00;0.43;0
10;coastal_bunker;2829.00;9.50;2128.00;0.64;0
10;coastal_bunker;2726.00;9.50;1973.00;-1.30;0
10;stronghold_network;2729.00;11.20;1993.00;5.74;0
10;dockyard;2793.00;9.85;2013.00;0.98;0
10;anti_air_building;2813.00;10.65;1980.00;4.16;0
10;anti_air_building;2854.00;10.38;2168.00;2.14;0
10;anti_air_building;2847.00;11.18;2155.00;4.83;0
10;synthetic_refinery;2835.00;12.00;2159.00;4.57;0
10;fuel_silo;2780.00;10.95;2047.00;5.42;0
10;radar_station;2800.00;10.40;2105.00;3.50;0
10;naval_supply_hub;2787.00;10.30;2006.00;-4.12;0
10;naval_supply_hub;2813.00;9.73;2032.00;0.98;0
10;naval_supply_hub;2720.00;9.50;1987.00;-1.30;0
10;naval_supply_hub;2809.00;9.50;2110.00;0.64;0
10;naval_supply_hub;2816.00;10.38;1986.00;-4.25;0
10;naval_supply_hub;2791.00;10.03;1975.00;-3.61;0
10;naval_supply_hub;2711.00;9.50;2013.00;-0.91;0
10;naval_supply_hub;2857.00;9.50;2171.00;1.27;0
10;naval_supply_hub;2798.00;9.70;2091.00;0.43;0
10;naval_headquarters;2821.00;10.50;1996.00;-4.25;0
10;naval_headquarters;2824.00;9.50;2123.00;0.64;0
10;naval_headquarters;2711.00;9.50;2005.00;-0.91;0
10;naval_headquarters;2748.00;9.50;1940.00;-0.60;0
10;naval_headquarters;2814.00;9.73;2033.00;0.98;0
10;naval_headquarters;2855.00;10.23;2170.00;1.27;0
10;naval_headquarters;2784.00;9.50;1963.00;-0.42;0
10;naval_headquarters;2796.00;10.25;2101.00;0.43;0
10;naval_headquarters;2725.00;9.50;1975.00;-1.30;0
10;nuclear_reactor_spawn;2768.00;11.73;2117.00;3.08;0
10;special_project_facility_spawn;2840.00;11.98;2178.00;0.48;0
10;special_project_facility_spawn;2837.00;11.88;2142.00;5.38;0
10;special_project_facility_spawn;2747.00;11.00;2058.00;2.66;0
10;special_project_facility_spawn;2787.00;10.90;2044.00;6.06;0
10;special_project_facility_spawn;2783.00;11.73;2137.00;1.00;0
10;special_project_facility_spawn;2749.00;11.25;2107.00;0.25;0
10;special_project_facility_spawn;2855.00;12.80;2247.00;3.06;0
10;special_project_facility_spawn;2737.00;11.03;2064.00;2.60;0
10;special_project_facility_spawn;2719.00;10.32;2013.00;0.45;0
10;special_project_facility_spawn;2761.00;10.68;1989.00;5.77;0
10;special_project_facility_spawn;2765.00;11.15;2098.00;2.14;0
10;special_project_facility_spawn;2799.00;13.00;2218.00;0.57;0
10;special_project_facility_spawn;2730.00;10.93;2096.00;0.59;0
10;special_project_facility_spawn;2782.00;11.85;2162.00;5.48;0
10;special_project_facility_spawn;2780.00;11.10;1997.00;3.83;0
10;special_project_facility_spawn;2776.00;11.88;2124.00;3.05;0
10;special_project_facility_spawn;2809.00;10.20;1978.00;0.85;0
10;special_project_facility_spawn;2785.00;9.75;1964.00;3.84;0
10;rocket_site_spawn;2842.00;12.90;2268.00;4.14;0
10;floating_harbor;2868.69;9.50;2168.93;-1.87;252
10;floating_harbor;2849.00;9.50;2049.00;-1.37;265
10;floating_harbor;2735.00;10.07;1955.00;1.42;404
10;floating_harbor;2799.90;9.50;2086.63;-2.71;438
10;floating_harbor;2712.25;9.50;1987.16;-4.45;443
10;floating_harbor;2825.20;9.50;2115.40;-2.50;535
10;floating_harbor;2704.46;9.50;2008.72;-4.05;696
10;floating_harbor;2821.26;9.50;1988.13;-1.11;1601
11;arms_factory;3071.00;11.73;1826.00;3.65;0
11;arms_factory;3078.00;10.62;1854.00;3.37;0
11;arms_factory;3244.00;11.95;1842.00;4.32;0
11;arms_factory;3109.00;11.45;1841.00;5.36;0
11;arms_factory;3228.00;12.88;1839.00;3.15;0
11;arms_factory;2894.00;9.85;1855.00;2.12;0
11;industrial_complex;3102.00;11.38;1822.00;1.18;0
11;industrial_complex;3078.00;11.88;1821.00;1.08;0
11;industrial_complex;3125.00;15.32;1810.00;0.96;0
11;industrial_complex;2984.00;11.10;1822.00;4.19;0
11;industrial_complex;3024.00;11.57;1868.00;5.51;0
11;industrial_complex;3184.00;11.73;1863.00;6.17;0
11;air_base;3092.00;11.05;1843.00;5.78;0
11;supply_node;2944.00;10.10;1838.00;1.96;0
11;supply_node;3106.00;11.73;1830.00;3.75;0
11;bunker;3121.00;12.75;1785.00;4.77;0
11;bunker;2909.00;9.85;1833.00;3.42;0
11;coastal_bunker;3009.00;9.50;1748.00;-0.70;0
11;stronghold_network;3192.00;15.48;1834.00;2.42;0
11;dockyard;3109.00;9.50;1768.00;-0.70;0
11;anti_air_building;3137.00;10.93;1880.00;5.94;0
11;anti_air_building;3020.00;10.28;1795.00;3.43;0
11;anti_air_building;3114.00;10.73;1871.00;5.49;0
11;synthetic_refinery;3014.00;10.48;1799.00;1.52;0
11;fuel_silo;3010.00;10.57;1777.00;3.13;0
11;radar_station;3077.00;12.48;1828.00;5.92;0
11;naval_supply_hub;3057.00;9.65;1756.00;-0.70;0
11;naval_headquarters;3050.00;9.62;1753.00;-0.70;0
11;nuclear_reactor_spawn;3083.00;11.30;1819.00;0.72;0
11;special_project_facility_spawn;3161.00;13.28;1803.00;5.33;0
11;special_project_facility_spawn;2969.00;10.23;1838.00;1.90;0
11;rocket_site_spawn;3019.00;10.73;1769.00;2.69;0
12;arms_factory;3087.00;10.05;1723.00;4.32;0
12;arms_factory;3220.00;9.95;1681.00;5.36;0
12;arms_factory;3148.00;9.95;1680.00;3.15;0
12;arms_factory;3186.00;9.50;1639.00;2.12;0
12;arms_factory;3201.00;9.60;1644.00;1.18;0
12;arms_factory;3135.00;10.48;1711.00;1.08;0
12;industrial_complex;3111.00;10.10;1713.00;0.96;0
12;industrial_complex;3136.00;10.28;1702.00;4.19;0
12;industrial_complex;3135.00;14.05;1758.00;5.51;0
12;industrial_complex;3167.00;11.45;1756.00;6.17;0
12;industrial_complex;3145.00;14.45;1768.00;5.78;0
12;industrial_complex;3170.00;9.90;1687.00;1.61;0
12;air_base;3201.00;10.15;1714.00;0.46;0
12;supply_node;3177.00;10.10;1707.00;2.63;0
12;bunker;3221.00;9.90;1671.00;3.42;0
12;coastal_bunker;3092.00;9.50;1716.00;-1.73;0
12;stronghold_network;3190.00;9.70;1672.00;2.42;0
12;dockyard;3100.00;9.50;1713.00;-1.73;0
12;anti_air_building;3178.00;9.70;1665.00;5.94;0
12;anti_air_building;3167.00;9.70;1661.00;3.43;0
12;anti_air_building;3247.00;9.60;1629.00;5.49;0
12;synthetic_refinery;3234.00;9.85;1656.00;1.52;0
12;fuel_silo;3238.00;9.88;1653.00;3.13;0
12;radar_station;3168.00;10.00;1694.00;5.92;0
12;naval_supply_hub;3098.00;9.62;1746.00;-1.73;0
12;naval_headquarters;3078.00;9.50;1727.00;-1.73;0
12;nuclear_reactor_spawn;3149.00;14.62;1762.00;0.72;0
12;special_project_facility_spawn;3191.00;9.60;1651.00;5.33;0
12;rocket_site_spawn;3178.00;9.70;1661.00;1.90;0
12;floating_harbor;2908.00;9.50;1624.00;-4.26;505
13;arms_factory;3209.00;10.20;1921.00;3.15;0
13;arms_factory;3133.00;9.50;2185.00;2.12;0
13;arms_factory;3160.00;10.80;2051.00;1.18;0
13;arms_factory;3219.00;9.93;2138.00;1.08;0
13;arms_factory;3205.00;10.18;2473.00;0.96;0
13;arms_factory;3128.00;10.60;1899.00;4.19;0
13;industrial_complex;3345.00;9.80;2128.00;5.51;0
13;industrial_complex;3218.00;10.82;2007.00;6.17;0
13;industrial_complex;3281.00;9.85;2146.00;5.78;0
13;industrial_complex;3272.00;11.20;1994.00;1.61;0
13;industrial_complex;3334.00;10.80;2005.00;0.46;0
13;industrial_complex;3180.00;9.60;2255.00;4.77;0
13;air_base;3296.00;9.60;2244.00;3.42;0
13;supply_node;3204.00;10.05;2131.00;3.37;0
13;supply_node;3306.00;9.70;2233.00;4.24;0
13;supply_node;3109.00;10.20;2044.00;5.62;0
13;supply_node;3187.00;9.55;2228.00;1.21;0
13;supply_node;3221.00;9.80;2168.00;4.48;0
13;supply_node;3217.00;10.90;1984.00;1.55;0
13;supply_node;3364.00;9.80;2255.00;4.22;0
13;supply_node;3097.00;10.23;1955.00;1.43;0
13;supply_node;3250.00;11.00;1910.00;5.92;0
13;supply_node;3162.00;17.08;2030.00;0.05;0
13;supply_node;3137.00;9.88;2135.00;1.59;0
13;supply_node;3294.00;13.15;2081.00;2.00;0
13;supply_node;3382.00;9.78;2176.00;0.32;0
13;supply_node;3199.00;10.85;2079.00;1.38;0
13;supply_node;3444.00;10.18;2268.00;4.43;0
13;supply_node;3368.00;9.90;2219.00;5.57;0
13;supply_node;3325.00;9.90;2175.00;0.06;0
13;supply_node;3391.00;9.90;2232.00;5.80;0
13;supply_node;3479.00;10.38;2257.00;1.43;0
13;supply_node;3301.00;11.75;1994.00;1.00;0
13;supply_node;3214.00;9.80;2196.00;4.90;0
13;supply_node;3411.00;10.10;2249.00;3.83;0
13;supply_node;3363.00;9.90;2123.00;6.28;0
13;supply_node;3255.00;10.75;2090.00;4.26;0
13;supply_node;3087.00;9.60;2128.00;5.01;0
13;supply_node;3355.00;10.20;2022.00;0.75;0
13;supply_node;3260.00;9.60;2198.00;3.70;0
13;supply_node;3276.00;11.82;2119.00;5.46;0
13;supply_node;3241.00;9.70;2140.00;5.54;0
13;supply_node;3288.00;9.70;2170.00;3.14;0
13;supply_node;3250.00;9.62;2227.00;0.80;0
13;supply_node;3135.00;11.55;2048.00;2.90;0
13;supply_node;3321.00;11.10;2077.00;1.25;0
13;supply_node;3342.00;9.80;2219.00;4.17;0
13;supply_node;3435.00;10.40;2216.00;3.55;0
13;supply_node;3020.00;9.80;2023.00;1.14;0
13;supply_node;3301.00;9.95;2127.00;3.69;0
13;supply_node;3172.00;9.60;2173.00;5.76;0
13;supply_node;3297.00;11.90;2048.00;3.24;0
13;supply_node;3093.00;9.88;2073.00;5.94;0
13;supply_node;3368.00;10.95;2396.00;4.14;0
13;supply_node;3468.00;9.85;2414.00;0.13;0
13;supply_node;3334.00;9.70;2328.00;6.25;0
13;supply_node;3324.00;9.70;2359.00;3.70;0
13;supply_node;3297.00;9.70;2354.00;0.64;0
13;supply_node;3348.00;9.82;2375.00;2.44;0
13;supply_node;3339.00;9.50;2318.00;3.50;0
13;supply_node;3222.00;10.05;2474.00;2.77;0
13;supply_node;3425.00;13.40;2481.00;5.67;0
13;supply_node;3479.00;10.20;2497.00;4.23;0
13;supply_node;3350.00;9.73;2491.00;4.77;0
13;supply_node;3182.00;10.38;2482.00;3.97;0
13;supply_node;3247.00;9.80;2273.00;4.25;0
13;supply_node;3379.00;10.68;2466.00;5.80;0
13;supply_node;3393.00;9.65;2299.00;2.53;0
13;supply_node;3333.00;9.50;2485.00;2.77;0
13;supply_node;3353.00;10.30;2459.00;3.72;0
13;supply_node;3349.00;9.50;2507.00;3.99;0
13;supply_node;3289.00;10.12;2462.00;4.44;0
13;supply_node;3423.00;10.15;2498.00;5.78;0
13;supply_node;3365.00;9.65;2516.00;4.63;0
13;supply_node;3378.00;9.65;2530.00;5.97;0
13;supply_node;3408.00;11.03;2453.00;3.59;0
13;supply_node;3448.00;9.70;2528.00;0.25;0
13;supply_node;3247.00;10.70;2450.00;0.32;0
13;supply_node;3384.00;9.90;2487.00;0.87;0
13;supply_node;3298.00;9.50;2333.00;1.41;0
13;supply_node;3232.00;10.35;2458.00;5.54;0
13;supply_node;3365.00;9.62;2502.00;2.69;0
13;supply_node;3379.00;9.50;2496.00;2.59;0
13;supply_node;3308.00;9.75;2472.00;3.21;0
13;supply_node;3386.00;9.70;2512.00;2.86;0
13;supply_node;3372.00;9.55;2477.00;4.05;0
13;supply_node;3251.00;9.80;2501.00;2.57;0
13;supply_node;3295.00;9.70;2476.00;5.45;0
13;supply_node;3329.00;9.73;2463.00;3.76;0
13;supply_node;3409.00;9.50;2510.00;4.27;0
13;supply_node;3322.00;9.50;2473.00;0.19;0
13;supply_node;3311.00;9.73;2462.00;2.25;0
13;supply_node;3343.00;9.50;2468.00;4.21;0
13;supply_node;3222.00;9.50;2453.00;1.76;0
13;supply_node;3317.00;9.50;2269.00;0.08;0
13;supply_node;3433.00;9.50;2523.00;4.61;0
13;supply_node;3382.00;9.50;2501.00;1.22;0
13;supply_node;3395.00;9.50;2449.00;4.91;0
13;supply_node;3317.00;9.70;2470.00;4.38;0
13;supply_node;3488.00;9.50;2273.00;3.18;0
13;supply_node;3277.00;9.50;2466.00;3.76;0
13;supply_node;3327.00;9.50;2469.00;5.48;0
13;bunker;3180.00;10.30;1965.00;6.07;0
13;bunker;3125.00;12.28;1999.00;4.14;0
13;bunker;3255.00;11.43;1890.00;4.76;0
13;bunker;3255.00;9.60;2194.00;2.99;0
13;bunker;3363.00;9.70;2181.00;4.48;0
13;bunker;3326.00;9.65;2326.00;5.92;0
13;bunker;3183.00;10.15;2097.00;4.01;0
13;bunker;3290.00;9.60;2187.00;5.82;0
13;bunker;3361.00;10.55;1995.00;4.04;0
13;bunker;3311.00;9.93;2366.00;2.98;0
13;bunker;3316.00;11.20;1971.00;3.47;0
13;bunker;3306.00;9.70;2375.00;1.10;0
13;bunker;3217.00;9.80;2183.00;3.81;0
13;bunker;3239.00;10.00;2102.00;4.59;0
13;bunker;3313.00;11.32;2058.00;0.09;0
13;bunker;3248.00;9.60;2234.00;5.67;0
13;bunker;3380.00;10.10;2248.00;4.04;0
13;bunker;3390.00;10.12;2404.00;1.43;0
13;bunker;3331.00;9.82;2119.00;3.68;0
13;bunker;3444.00;10.35;2232.00;3.91;0
13;bunker;3219.00;10.98;2115.00;2.11;0
13;bunker;3346.00;9.88;2239.00;6.13;0
13;bunker;2994.00;9.70;2019.00;2.35;0
13;bunker;3302.00;9.70;2190.00;1.08;0
13;bunker;3126.00;12.93;2021.00;5.10;0
13;bunker;3343.00;9.70;2369.00;2.07;0
13;bunker;3208.00;9.80;2185.00;0.50;0
13;bunker;3353.00;10.18;2108.00;0.36;0
13;bunker;3255.00;9.65;2164.00;5.20;0
13;bunker;3316.00;11.18;2038.00;6.24;0
13;bunker;3204.00;9.60;2240.00;1.68;0
13;bunker;3107.00;9.53;2154.00;1.01;0
13;bunker;3081.00;9.70;2079.00;1.44;0
13;bunker;3174.00;12.18;2018.00;4.18;0
13;bunker;3266.00;10.50;2122.00;3.69;0
13;bunker;3430.00;10.65;2486.00;1.06;0
13;bunker;3355.00;9.93;2247.00;2.31;0
13;bunker;3419.00;9.95;2283.00;0.54;0
13;bunker;3197.00;9.80;2169.00;4.03;0
13;bunker;3254.00;9.75;2501.00;2.32;0
13;bunker;3362.00;10.05;2231.00;3.96;0
13;bunker;3295.00;9.70;2238.00;2.86;0
13;bunker;3125.00;11.20;2035.00;4.43;0
13;bunker;3099.00;9.68;2116.00;5.94;0
13;bunker;3454.00;9.65;2527.00;5.73;0
13;bunker;3406.00;9.60;2285.00;1.49;0
13;bunker;3484.00;10.30;2260.00;3.28;0
13;bunker;3432.00;10.48;2417.00;3.40;0
13;bunker;3218.00;10.15;2472.00;0.47;0
13;bunker;3388.00;9.57;2297.00;1.82;0
13;bunker;3362.00;9.85;2486.00;3.00;0
13;bunker;3310.00;9.78;2473.00;5.79;0
13;bunker;3305.00;20.77;2087.00;0.55;0
13;bunker;3291.00;9.93;2461.00;0.79;0
13;bunker;3355.00;10.38;2461.00;0.89;0
13;bunker;3482.00;10.38;2503.00;5.31;0
13;bunker;3413.00;10.80;2455.00;4.77;0
13;bunker;3240.00;9.68;2269.00;3.99;0
13;bunker;3311.00;9.60;2487.00;1.80;0
13;bunker;3193.00;9.95;2485.00;2.69;0
13;bunker;3372.00;9.65;2528.00;1.66;0
13;bunker;3378.00;10.65;2460.00;3.55;0
13;bunker;3302.00;9.57;2332.00;2.24;0
13;bunker;3358.00;9.50;2317.00;5.64;0
13;bunker;3313.00;9.50;2269.00;1.30;0
13;bunker;3368.00;9.65;2515.00;4.74;0
13;bunker;3429.00;9.88;2502.00;1.10;0
13;bunker;3385.00;9.70;2512.00;5.56;0
13;bunker;3380.00;9.82;2489.00;0.73;0
13;bunker;3352.00;9.60;2508.00;4.14;0
13;bunker;3391.00;9.50;2450.00;2.05;0
13;bunker;3380.00;9.50;2502.00;1.41;0
13;bunker;3319.00;9.70;2472.00;1.11;0
13;bunker;3230.00;10.07;2459.00;3.83;0
13;bunker;3380.00;9.70;2496.00;4.00;0
13;bunker;3330.00;9.78;2464.00;4.79;0
13;bunker;3434.00;9.50;2523.00;3.42;0
13;bunker;3224.00;10.43;2454.00;5.39;0
13;bunker;3249.00;10.85;2453.00;2.90;0
13;bunker;3322.00;9.73;2474.00;4.45;0
13;bunker;3489.00;9.62;2274.00;5.73;0
13;bunker;3369.00;9.70;2504.00;0.15;0
13;bunker;3369.00;9.90;2478.00;0.76;0
13;bunker;3329.00;9.50;2469.00;5.43;0
13;bunker;3312.00;9.75;2462.00;1.39;0
13;bunker;3278.00;9.50;2465.00;5.28;0
13;bunker;3342.00;9.73;2469.00;4.33;0
13;bunker;3411.00;9.73;2510.00;0.66;0
13;bunker;3296.00;9.75;2476.00;2.86;0
13;coastal_bunker;3376.00;9.65;2499.00;-3.93;0
13;coastal_bunker;3187.00;9.50;2481.00;-4.51;0
13;coastal_bunker;3187.00;9.50;2469.00;-2.03;0
13;coastal_bunker;3386.00;9.50;2385.00;-0.08;0
13;coastal_bunker;3362.00;9.50;2500.00;-3.93;0
13;coastal_bunker;3503.00;9.78;2261.00;-3.80;0
13;coastal_bunker;3304.00;9.50;2251.00;-3.14;0
13;coastal_bunker;3436.00;9.60;2290.00;-3.04;0
13;coastal_bunker;3411.00;9.50;2471.00;-3.93;0
13;coastal_bunker;3361.00;9.50;2455.00;1.57;0
13;coastal_bunker;3554.00;9.50;2420.00;-4.65;0
13;coastal_bunker;3208.00;9.50;2239.00;-4.12;0
13;coastal_bunker;3421.00;9.93;2501.00;-1.57;0
13;coastal_bunker;3125.00;9.50;2157.00;-2.63;0
13;coastal_bunker;3388.00;9.65;2532.00;-3.14;0
13;coastal_bunker;3384.00;9.60;2269.00;-4.04;0
13;coastal_bunker;3238.00;9.50;2459.00;-3.93;0
13;coastal_bunker;3280.00;9.50;2459.00;1.57;0
13;coastal_bunker;3333.00;9.60;2508.00;-1.57;0
13;coastal_bunker;3259.00;9.53;2278.00;-3.93;0
13;coastal_bunker;3346.00;9.60;2383.00;-4.33;0
13;coastal_bunker;3327.00;9.50;2493.00;-1.85;0
13;coastal_bunker;3368.00;9.95;2473.00;1.57;0
13;coastal_bunker;3363.00;9.50;2314.00;1.49;0
13;coastal_bunker;3383.00;9.75;2490.00;1.57;0
13;coastal_bunker;3319.00;9.50;2474.00;-3.14;0
13;coastal_bunker;3291.00;9.50;2343.00;-2.03;0
13;coastal_bunker;3408.00;9.70;2511.00;-1.57;0
13;coastal_bunker;3302.00;9.50;2329.00;-1.57;0
13;coastal_bunker;3091.00;9.55;2155.00;-2.99;0
13;coastal_bunker;3411.00;9.93;2451.00;-3.14;0
13;coastal_bunker;3296.00;9.50;2472.00;-1.57;0
13;coastal_bunker;3241.00;9.55;2449.00;-1.57;0
13;coastal_bunker;3499.00;9.88;2500.00;-1.57;0
13;coastal_bunker;3389.00;9.75;2514.00;-1.57;0
13;coastal_bunker;3337.00;9.50;2351.00;1.27;0
13;coastal_bunker;3310.00;9.50;2485.00;-2.03;0
13;coastal_bunker;3329.00;9.50;2462.00;-1.57;0
13;coastal_bunker;3348.00;9.50;2468.00;1.57;0
13;coastal_bunker;3407.00;9.50;2291.00;-1.57;0
13;coastal_bunker;3372.00;9.55;2477.00;-3.93;0
13;coastal_bunker;3224.00;9.50;2453.00;-3.93;0
13;coastal_bunker;3171.00;9.50;2195.00;-2.70;0
13;coastal_bunker;3383.00;9.65;2502.00;-1.57;0
13;coastal_bunker;3243.00;9.55;2235.00;-2.72;0
13;coastal_bunker;3450.00;9.50;2526.00;-1.57;0
13;coastal_bunker;3314.00;9.50;2331.00;-1.62;0
13;coastal_bunker;3318.00;9.70;2470.00;1.57;0
13;coastal_bunker;3404.00;9.50;2287.00;-2.91;0
13;coastal_bunker;3364.00;9.65;2520.00;1.57;0
13;coastal_bunker;3431.00;9.50;2523.00;-1.57;0
13;coastal_bunker;3329.00;9.50;2469.00;1.57;0
13;coastal_bunker;3205.00;9.50;2212.00;-2.84;0
13;coastal_bunker;3390.00;9.60;2266.00;-3.10;0
13;coastal_bunker;3489.00;9.62;2274.00;-1.57;0
13;coastal_bunker;3254.00;9.78;2502.00;1.57;0
13;coastal_bunker;2944.00;9.50;2055.00;-1.99;0
13;coastal_bunker;3311.00;9.50;2470.00;-3.93;0
13;coastal_bunker;3319.00;9.50;2270.00;-3.14;0
13;coastal_bunker;3279.00;9.50;2465.00;1.57;0
13;coastal_bunker;3398.00;9.50;2448.00;-3.14;0
13;coastal_bunker;3312.00;9.50;2460.00;-1.57;0
13;stronghold_network;3357.00;10.23;2061.00;5.58;0
13;dockyard;3375.00;10.05;2473.00;1.57;0
13;anti_air_building;3287.00;11.48;1903.00;0.24;0
13;anti_air_building;3164.00;17.93;2032.00;0.74;0
13;anti_air_building;2983.00;9.60;2041.00;3.59;0
13;synthetic_refinery;3089.00;10.12;1996.00;1.76;0
13;fuel_silo;3303.00;9.80;2360.00;1.58;0
13;radar_station;3251.00;9.60;2198.00;5.75;0
13;naval_supply_hub;3166.00;9.50;2262.00;-2.25;0
13;naval_supply_hub;3301.00;9.50;2339.00;-2.03;0
13;naval_supply_hub;3295.00;9.70;2479.00;-1.57;0
13;naval_supply_hub;3350.00;9.60;2504.00;-1.57;0
13;naval_supply_hub;3421.00;9.50;2400.00;-1.05;0
13;naval_supply_hub;3391.00;9.50;2414.00;-2.57;0
13;naval_supply_hub;3446.00;9.50;2530.00;-1.57;0
13;naval_supply_hub;3201.00;9.62;2458.00;-2.03;0
13;naval_supply_hub;3334.00;9.50;2387.00;-2.28;0
13;naval_supply_hub;3421.00;9.50;2502.00;-1.57;0
13;naval_supply_hub;3183.00;9.50;2480.00;-4.51;0
13;naval_supply_hub;3355.00;9.50;2325.00;-4.59;0
13;naval_supply_hub;3371.00;9.65;2517.00;1.57;0
13;naval_supply_hub;3414.00;10.12;2489.00;-3.93;0
13;naval_supply_hub;3321.00;9.60;2383.00;-3.02;0
13;naval_supply_hub;3388.00;10.50;2460.00;1.57;0
13;naval_supply_hub;3295.00;9.50;2334.00;-1.57;0
13;naval_supply_hub;3413.00;10.50;2456.00;-3.14;0
13;naval_supply_hub;3384.00;9.50;2309.00;-1.57;0
13;naval_supply_hub;3156.00;9.53;2200.00;-2.70;0
13;naval_supply_hub;3404.00;9.50;2286.00;-2.91;0
13;naval_supply_hub;3352.00;9.50;2497.00;-1.85;0
13;naval_supply_hub;3326.00;9.50;2469.00;1.57;0
13;naval_supply_hub;3394.00;10.40;2451.00;-3.14;0
13;naval_supply_hub;3300.00;9.50;2461.00;1.57;0
13;naval_supply_hub;2944.00;9.50;2055.00;-1.99;0
13;naval_supply_hub;3383.00;9.70;2514.00;-1.57;0
13;naval_supply_hub;3379.00;9.50;2494.00;-3.93;0
13;naval_supply_hub;3240.00;9.55;2282.00;-3.93;0
13;naval_supply_hub;3330.00;9.50;2316.00;-1.57;0
13;naval_supply_hub;3324.00;9.50;2249.00;-3.14;0
13;naval_supply_hub;3477.00;9.57;2500.00;-1.57;0
13;naval_supply_hub;3360.00;10.25;2465.00;1.57;0
13;naval_supply_hub;3464.00;9.60;2283.00;-3.04;0
13;naval_supply_hub;3436.00;9.50;2522.00;-1.57;0
13;naval_supply_hub;3314.00;9.50;2486.00;-2.03;0
13;naval_supply_hub;3220.00;9.50;2454.00;-3.93;0
13;naval_supply_hub;3387.00;9.60;2261.00;-3.10;0
13;naval_supply_hub;3305.00;9.50;2472.00;-3.93;0
13;naval_supply_hub;3319.00;9.50;2475.00;-3.14;0
13;naval_supply_hub;3501.00;9.70;2265.00;-3.80;0
13;naval_supply_hub;3275.00;9.50;2256.00;-2.72;0
13;naval_supply_hub;3075.00;9.50;2137.00;-2.99;0
13;naval_supply_hub;3378.00;9.55;2490.00;1.57;0
13;naval_supply_hub;3406.00;9.50;2510.00;-1.57;0
13;naval_supply_hub;3249.00;9.78;2455.00;-1.57;0
13;naval_supply_hub;3384.00;9.50;2529.00;-3.14;0
13;naval_supply_hub;3123.00;9.50;2158.00;-2.63;0
13;naval_supply_hub;3378.00;9.50;2477.00;-3.93;0
13;naval_supply_hub;3385.00;9.60;2268.00;-4.04;0
13;naval_supply_hub;3343.00;9.75;2469.00;-2.36;0
13;naval_supply_hub;3231.00;9.50;2455.00;-3.93;0
13;naval_supply_hub;3310.00;9.73;2464.00;-1.57;0
13;naval_supply_hub;3365.00;9.50;2501.00;-3.93;0
13;naval_supply_hub;3276.00;9.50;2466.00;1.57;0
13;naval_supply_hub;3252.00;9.50;2500.00;1.57;0
13;naval_supply_hub;3312.00;9.50;2269.00;-3.14;0
13;naval_supply_hub;3317.00;9.50;2471.00;1.57;0
13;naval_supply_hub;3327.00;9.70;2463.00;-1.57;0
13;naval_supply_hub;3204.00;9.50;2212.00;-2.84;0
13;naval_supply_hub;3380.00;9.50;2502.00;-1.57;0
13;naval_supply_hub;3489.00;9.62;2274.00;-1.57;0
13;naval_headquarters;3364.00;10.05;2458.00;1.57;0
13;naval_headquarters;3355.00;9.50;2518.00;-1.77;0
13;naval_headquarters;3370.00;9.50;2476.00;-3.93;0
13;naval_headquarters;3409.00;9.60;2288.00;-3.04;0
13;naval_headquarters;3094.00;9.53;2157.00;-2.99;0
13;naval_headquarters;3425.00;9.50;2494.00;-1.57;0
13;naval_headquarters;3194.00;9.53;2223.00;-4.12;0
13;naval_headquarters;3491.00;9.50;2411.00;-1.05;0
13;naval_headquarters;3310.00;9.50;2461.00;-1.57;0
13;naval_headquarters;3392.00;10.12;2471.00;1.57;0
13;naval_headquarters;3360.00;9.60;2511.00;-4.55;0
13;naval_headquarters;3399.00;9.62;2253.00;-2.91;0
13;naval_headquarters;3407.00;9.60;2292.00;-1.57;0
13;naval_headquarters;3356.00;9.75;2482.00;-2.03;0
13;naval_headquarters;3298.00;9.50;2458.00;1.57;0
13;naval_headquarters;3328.00;9.50;2461.00;-1.57;0
13;naval_headquarters;3176.00;9.50;2187.00;-2.70;0
13;naval_headquarters;3198.00;9.50;2463.00;-2.03;0
13;naval_headquarters;3421.00;9.93;2474.00;-3.93;0
13;naval_headquarters;3152.00;9.55;2483.00;-1.53;0
13;naval_headquarters;3254.00;11.18;2450.00;-1.57;0
13;naval_headquarters;3120.00;9.50;2154.00;-2.63;0
13;naval_headquarters;3280.00;9.50;2348.00;-2.03;0
13;naval_headquarters;3294.00;9.50;2476.00;-1.57;0
13;naval_headquarters;3379.00;9.50;2494.00;-3.93;0
13;naval_headquarters;3361.00;9.50;2381.00;-0.08;0
13;naval_headquarters;3431.00;9.50;2524.00;-1.57;0
13;naval_headquarters;3338.00;9.50;2356.00;1.27;0
13;naval_headquarters;3405.00;9.70;2511.00;-1.57;0
13;naval_headquarters;3229.00;9.50;2218.00;-2.72;0
13;naval_headquarters;3329.00;9.50;2252.00;-3.14;0
13;naval_headquarters;3320.00;9.70;2475.00;-3.14;0
13;naval_headquarters;3359.00;9.50;2321.00;-4.59;0
13;naval_headquarters;3347.00;9.50;2499.00;-1.85;0
13;naval_headquarters;3205.00;9.50;2212.00;-2.84;0
13;naval_headquarters;3359.00;9.50;2313.00;-1.57;0
13;naval_headquarters;3225.00;10.30;2455.00;-3.93;0
13;naval_headquarters;3334.00;9.50;2387.00;-2.28;0
13;naval_headquarters;3298.00;9.55;2336.00;-1.57;0
13;naval_headquarters;3313.00;9.70;2472.00;-3.93;0
13;naval_headquarters;3479.00;9.90;2509.00;-1.57;0
13;naval_headquarters;3413.00;9.50;2451.00;-3.14;0
13;naval_headquarters;3318.00;9.70;2470.00;1.57;0
13;naval_headquarters;3387.00;9.60;2258.00;-3.10;0
13;naval_headquarters;3262.00;9.50;2271.00;-3.93;0
13;naval_headquarters;2976.00;9.50;2040.00;-1.99;0
13;naval_headquarters;3382.00;9.50;2485.00;1.57;0
13;naval_headquarters;3392.00;10.10;2451.00;-3.14;0
13;naval_headquarters;3444.00;9.50;2526.00;-1.57;0
13;naval_headquarters;3388.00;9.65;2533.00;-3.14;0
13;naval_headquarters;3494.00;9.70;2267.00;-3.80;0
13;naval_headquarters;3234.00;9.98;2461.00;-3.93;0
13;naval_headquarters;3316.00;9.50;2269.00;-3.14;0
13;naval_headquarters;3390.00;9.78;2513.00;-1.57;0
13;naval_headquarters;3249.00;9.78;2502.00;1.57;0
13;naval_headquarters;3367.00;9.50;2501.00;-3.93;0
13;naval_headquarters;3385.00;9.60;2268.00;-4.04;0
13;naval_headquarters;3327.00;9.50;2468.00;1.57;0
13;naval_headquarters;3384.00;9.70;2501.00;-1.57;0
13;naval_headquarters;3343.00;9.75;2469.00;-2.36;0
13;naval_headquarters;3277.00;9.50;2466.00;1.57;0
13;naval_headquarters;3488.00;9.50;2273.00;-1.57;0
13;nuclear_reactor_spawn;3198.00;10.30;1950.00;5.36;0
13;special_project_facility_spawn;3176.00;11.53;2043.00;1.10;0
13;special_project_facility_spawn;3228.00;9.98;2135.00;0.37;0
13;special_project_facility_spawn;3084.00;9.70;2093.00;4.02;0
13;special_project_facility_spawn;3267.00;11.00;2074.00;5.49;0
13;special_project_facility_spawn;3080.00;10.25;2049.00;4.25;0
13;special_project_facility_spawn;3345.00;10.30;2020.00;3.24;0
13;special_project_facility_spawn;3223.00;10.43;2122.00;5.96;0
13;special_project_facility_spawn;3144.00;9.50;2195.00;3.33;0
13;special_project_facility_spawn;3315.00;9.88;2369.00;0.52;0
13;special_project_facility_spawn;3112.00;11.85;2009.00;1.80;0
13;special_project_facility_spawn;3165.00;9.70;2151.00;0.39;0
13;special_project_facility_spawn;3363.00;10.12;2115.00;3.07;0
13;special_project_facility_spawn;3285.00;11.45;2029.00;1.28;0
13;special_project_facility_spawn;3192.00;11.12;2052.00;3.05;0
13;special_project_facility_spawn;3277.00;13.12;1918.00;3.30;0
13;special_project_facility_spawn;3431.00;10.62;2413.00;4.36;0
13;special_project_facility_spawn;3011.00;9.80;2018.00;0.63;0
13;special_project_facility_spawn;3417.00;10.07;2213.00;1.49;0
13;special_project_facility_spawn;3305.00;11.70;2047.00;5.63;0
13;special_project_facility_spawn;3385.00;9.70;2185.00;0.12;0
13;special_project_facility_spawn;3206.00;9.78;2163.00;0.49;0
13;special_project_facility_spawn;3306.00;13.30;2063.00;0.50;0
13;special_project_facility_spawn;3213.00;10.50;1938.00;1.72;0
13;special_project_facility_spawn;3373.00;10.98;2462.00;2.65;0
13;special_project_facility_spawn;3226.00;9.70;2188.00;3.95;0
13;special_project_facility_spawn;3317.00;10.85;2105.00;2.10;0
13;special_project_facility_spawn;3344.00;9.80;2214.00;1.60;0
13;special_project_facility_spawn;3150.00;11.28;2055.00;1.85;0
13;special_project_facility_spawn;3490.00;10.30;2255.00;2.95;0
13;special_project_facility_spawn;3301.00;18.90;2090.00;2.39;0
13;special_project_facility_spawn;3236.00;9.70;2191.00;2.30;0
13;special_project_facility_spawn;3102.00;10.23;2041.00;2.68;0
13;special_project_facility_spawn;3439.00;10.10;2488.00;5.63;0
13;special_project_facility_spawn;3334.00;9.70;2159.00;5.21;0
13;special_project_facility_spawn;3294.00;9.60;2249.00;3.79;0
13;special_project_facility_spawn;3401.00;9.82;2200.00;0.73;0
13;special_project_facility_spawn;3340.00;9.70;2382.00;2.83;0
13;special_project_facility_spawn;3386.00;9.70;2387.00;1.65;0
13;special_project_facility_spawn;3457.00;10.15;2274.00;2.54;0
13;special_project_facility_spawn;3270.00;9.60;2162.00;5.67;0
13;special_project_facility_spawn;3337.00;9.68;2338.00;0.76;0
13;special_project_facility_spawn;3319.00;9.65;2487.00;0.00;0
13;special_project_facility_spawn;3247.00;9.75;2489.00;4.19;0
13;special_project_facility_spawn;3243.00;9.70;2277.00;2.18;0
13;special_project_facility_spawn;3378.00;9.60;2265.00;0.18;0
13;special_project_facility_spawn;3375.00;10.10;2235.00;4.65;0
13;special_project_facility_spawn;3223.00;10.48;2454.00;0.83;0
13;special_project_facility_spawn;3200.00;9.70;2204.00;3.46;0
13;special_project_facility_spawn;3295.00;9.70;2357.00;3.23;0
13;special_project_facility_spawn;3250.00;9.60;2218.00;1.89;0
13;special_project_facility_spawn;3182.00;10.53;2483.00;0.12;0
13;special_project_facility_spawn;3402.00;9.65;2257.00;0.92;0
13;special_project_facility_spawn;3391.00;9.60;2298.00;2.56;0
13;special_project_facility_spawn;3463.00;10.73;2493.00;2.97;0
13;special_project_facility_spawn;3283.00;10.03;2460.00;1.76;0
13;special_project_facility_spawn;3264.00;9.82;2132.00;4.52;0
13;special_project_facility_spawn;3430.00;9.93;2498.00;2.26;0
13;special_project_facility_spawn;3409.00;11.60;2454.00;1.64;0
13;special_project_facility_spawn;3356.00;10.25;2458.00;0.69;0
13;special_project_facility_spawn;3364.00;9.65;2516.00;5.55;0
13;special_project_facility_spawn;3351.00;9.60;2498.00;0.99;0
13;special_project_facility_spawn;3250.00;10.70;2449.00;0.71;0
13;special_project_facility_spawn;3432.00;9.70;2524.00;2.22;0
13;special_project_facility_spawn;3382.00;9.75;2496.00;5.18;0
13;special_project_facility_spawn;3380.00;9.65;2530.00;6.21;0
13;special_project_facility_spawn;3368.00;9.70;2504.00;2.34;0
13;special_project_facility_spawn;3296.00;9.53;2335.00;1.28;0
13;special_project_facility_spawn;3311.00;9.80;2472.00;2.55;0
13;special_project_facility_spawn;3327.00;9.70;2470.00;5.03;0
13;special_project_facility_spawn;3233.00;10.20;2456.00;4.36;0
13;special_project_facility_spawn;3277.00;9.80;2467.00;6.00;0
13;special_project_facility_spawn;3321.00;9.55;2321.00;0.72;0
13;special_project_facility_spawn;3383.00;9.70;2513.00;5.50;0
13;special_project_facility_spawn;3349.00;9.60;2505.00;1.41;0
13;special_project_facility_spawn;3445.00;9.65;2527.00;0.30;0
13;special_project_facility_spawn;3383.00;9.65;2502.00;3.72;0
13;special_project_facility_spawn;3486.00;9.50;2273.00;5.20;0
13;special_project_facility_spawn;3323.00;9.73;2473.00;3.06;0
13;special_project_facility_spawn;3398.00;9.50;2448.00;1.08;0
13;special_project_facility_spawn;3252.00;9.80;2502.00;3.71;0
13;special_project_facility_spawn;3384.00;9.90;2488.00;3.68;0
13;special_project_facility_spawn;3312.00;9.80;2463.00;5.45;0
13;special_project_facility_spawn;3296.00;9.75;2475.00;3.02;0
13;special_project_facility_spawn;3317.00;9.50;2471.00;2.43;0
13;special_project_facility_spawn;3371.00;9.93;2478.00;6.25;0
13;special_project_facility_spawn;3316.00;9.50;2270.00;2.04;0
13;special_project_facility_spawn;3330.00;9.75;2463.00;3.57;0
13;special_project_facility_spawn;3411.00;9.73;2510.00;1.03;0
13;special_project_facility_spawn;3342.00;9.73;2469.00;4.63;0
13;rocket_site_spawn;3442.00;10.20;2262.00;1.87;0
13;floating_harbor;3272.00;9.50;2299.00;0.67;71
13;floating_harbor;3272.00;9.50;2299.00;-0.85;81
13;floating_harbor;3348.88;9.50;2263.40;1.06;127
13;floating_harbor;3141.00;9.50;2276.00;-0.20;165
13;floating_harbor;3441.27;9.50;2293.96;0.10;187
13;floating_harbor;3439.00;9.50;2339.00;-0.55;230
13;floating_harbor;3493.27;9.50;2275.55;-0.66;274
13;floating_harbor;3206.91;9.50;2218.68;0.30;298
13;floating_harbor;3404.38;9.50;2276.81;0.23;335
13;floating_harbor;3141.00;9.50;2276.00;-0.44;393
13;floating_harbor;3243.16;9.50;2242.40;0.42;559
13;floating_harbor;2970.60;9.50;2044.83;1.15;617
13;floating_harbor;3157.98;9.50;2202.31;0.45;692
13;floating_harbor;3357.24;9.50;2412.91;0.57;1495
13;floating_harbor;3447.92;9.50;2402.53;-4.19;1496
13;floating_harbor;3305.01;9.50;2329.32;1.53;1498
13;floating_harbor;3346.68;9.50;2351.91;-1.87;1499
13;floating_harbor;3288.74;9.50;2358.13;1.11;1500
13;floating_harbor;3359.50;9.50;2379.60;-1.19;1501
13;floating_harbor;3272.00;9.50;2299.00;-4.41;1502
13;floating_harbor;3213.74;9.50;2478.13;1.11;1545
13;floating_harbor;3450.00;9.50;2485.00;-1.45;1548
13;floating_harbor;3450.00;9.50;2485.00;-4.31;1558
13;floating_harbor;3254.00;9.50;2474.00;-4.50;1571
13;floating_harbor;3198.86;9.50;2485.37;-1.37;1575
13;floating_harbor;3272.00;9.50;2299.00;-0.76;1576
13;floating_harbor;3450.00;9.50;2485.00;-1.30;1580
13;floating_harbor;3439.00;9.50;2339.00;-0.86;1590
13;floating_harbor;3254.00;9.50;2474.00;-4.57;1602
13;floating_harbor;3450.00;9.50;2485.00;-1.30;1607
13;floating_harbor;3254.00;9.50;2474.00;-4.36;1621
13;floating_harbor;3254.00;9.50;2474.00;1.25;1622
13;floating_harbor;3450.00;9.50;2485.00;-2.02;1627
13;floating_harbor;3450.00;9.50;2485.00;-1.93;1647
13;floating_harbor;3378.00;9.50;2538.00;0.00;1667
13;floating_harbor;3408.00;9.50;2461.00;0.00;1668
13;floating_harbor;3450.00;9.50;2485.00;-3.10;1675
13;floating_harbor;3254.00;9.50;2474.00;-0.28;1684
13;floating_harbor;3450.00;9.50;2485.00;-1.60;1685
13;floating_harbor;3272.00;9.50;2299.00;-3.79;1727
13;floating_harbor;3237.95;9.50;2463.95;-0.79;1741
13;floating_harbor;3370.95;9.50;2507.95;-0.79;1742
13;floating_harbor;3450.00;9.50;2485.00;-1.74;1747
13;floating_harbor;3313.95;9.50;2477.95;-0.79;1762
13;floating_harbor;3450.00;9.50;2485.00;-1.97;1772
13;floating_harbor;3377.95;9.50;2482.95;-0.79;1791
13;floating_harbor;3259.00;9.50;2501.00;-1.57;1828
13;floating_harbor;3254.00;9.50;2474.00;-4.66;1843
13;floating_harbor;3254.00;9.50;2474.00;1.43;1857
13;floating_harbor;3450.00;9.50;2485.00;-2.12;1868
13;floating_harbor;3322.00;9.50;2481.00;0.00;1885
13;floating_harbor;3254.00;9.50;2474.00;1.36;1912
13;floating_harbor;3337.05;9.50;2473.95;0.79;1965
13;floating_harbor;3227.95;9.50;2458.95;-0.79;1978
13;floating_harbor;3317.00;9.50;2277.00;0.00;1999
13;floating_harbor;3450.00;9.50;2485.00;-2.72;2053
13;floating_harbor;3450.00;9.50;2485.00;-1.80;2090
13;floating_harbor;3394.00;9.50;2457.00;0.00;2126
13;floating_harbor;3325.00;9.50;2470.00;-1.57;2161
13;floating_harbor;3439.00;9.50;2339.00;0.64;2203
13;floating_harbor;3285.00;9.50;2466.00;-1.57;2257
13;floating_harbor;3335.00;9.50;2469.00;-1.57;2258
14;arms_factory;3337.00;12.10;1883.00;1.08;0
14;arms_factory;3416.00;10.15;1770.00;0.96;0
14;arms_factory;3332.00;11.25;1782.00;4.19;0
14;arms_factory;3321.00;10.95;1796.00;5.51;0
14;arms_factory;3356.00;11.23;1692.00;6.17;0
14;arms_factory;3397.00;9.98;1757.00;5.78;0
14;industrial_complex;3247.00;17.38;1806.00;1.61;0
14;industrial_complex;3345.00;11.82;1894.00;0.46;0
14;industrial_complex;3316.00;11.32;1829.00;4.77;0
14;industrial_complex;3230.00;14.12;1826.00;3.42;0
14;industrial_complex;3252.00;12.70;1839.00;3.81;0
14;industrial_complex;3355.00;12.35;1874.00;2.42;0
14;air_base;3310.00;13.43;1856.00;2.05;0
14;supply_node;3340.00;11.65;1900.00;1.21;0
14;supply_node;3332.00;11.35;1780.00;4.48;0
14;supply_node;3310.00;9.50;1738.00;1.55;0
14;bunker;3330.00;11.88;1754.00;1.52;0
14;bunker;3357.00;11.10;1891.00;3.13;0
14;bunker;3311.00;9.93;1739.00;5.70;0
14;stronghold_network;3289.00;11.18;1894.00;2.88;0
14;anti_air_building;3410.00;10.70;1783.00;4.11;0
14;anti_air_building;3328.00;11.53;1710.00;0.72;0
14;anti_air_building;3325.00;10.70;1798.00;5.33;0
14;synthetic_refinery;3390.00;11.18;1799.00;1.90;0
14;fuel_silo;3294.00;10.40;1700.00;2.69;0
14;radar_station;3327.00;10.75;1810.00;5.57;0
14;nuclear_reactor_spawn;3375.00;12.03;1755.00;0.66;0
14;special_project_facility_spawn;3405.00;11.82;1890.00;4.36;0
14;special_project_facility_spawn;3384.00;10.95;1840.00;2.76;0
14;special_project_facility_spawn;3308.00;9.50;1740.00;4.75;0
14;rocket_site_spawn;3293.00;11.15;1887.00;2.65;0
15;arms_factory;2524.00;9.50;1791.00;4.19;0
15;arms_factory;2513.00;9.50;1793.00;5.51;0
15;arms_factory;2494.00;9.50;1797.00;6.17;0
15;arms_factory;2513.00;9.50;1785.00;5.78;0
15;arms_factory;2519.00;9.50;1780.00;1.61;0
15;arms_factory;2502.00;9.50;1796.00;0.46;0
15;industrial_complex;2518.00;9.50;1794.00;4.77;0
15;industrial_complex;2505.00;9.50;1787.00;3.42;0
15;industrial_complex;2508.00;9.50;1785.00;3.81;0
15;industrial_complex;2501.00;9.50;1792.00;2.42;0
15;industrial_complex;2489.00;9.50;1793.00;2.05;0
15;industrial_complex;2520.00;9.50;1796.00;5.94;0
15;air_base;2523.00;9.55;1782.00;3.43;0
15;supply_node;2511.00;9.50;1786.00;1.55;0
15;bunker;2511.00;9.50;1794.00;1.52;0
15;coastal_bunker;2485.00;9.50;1791.00;-1.71;0
15;stronghold_network;2526.00;9.57;1784.00;5.70;0
15;dockyard;2521.00;9.50;1772.00;-1.71;0
15;anti_air_building;2529.00;9.53;1781.00;4.11;0
15;anti_air_building;2521.00;9.50;1780.00;0.72;0
15;anti_air_building;2521.00;9.50;1773.00;5.33;0
15;synthetic_refinery;2528.00;9.50;1775.00;1.90;0
15;fuel_silo;2496.00;9.50;1793.00;2.69;0
15;radar_station;2510.00;9.50;1784.00;5.57;0
15;naval_supply_hub;2506.00;9.50;1775.00;-1.71;0
15;naval_headquarters;2512.00;9.50;1776.00;-1.71;0
15;nuclear_reactor_spawn;2516.00;9.50;1778.00;2.76;0
15;special_project_facility_spawn;2516.00;9.50;1788.00;4.75;0
15;rocket_site_spawn;2522.00;9.50;1774.00;2.65;0
15;floating_harbor;2559.00;9.50;1888.00;-0.50;339
16;arms_factory;4003.00;10.00;1753.00;6.17;0
16;arms_factory;3906.00;10.60;1724.00;5.78;0
16;arms_factory;4049.00;9.80;1713.00;1.61;0
16;arms_factory;3882.00;10.70;1835.00;0.46;0
16;arms_factory;3946.00;10.73;1770.00;4.77;0
16;arms_factory;4017.00;9.70;1647.00;3.42;0
16;industrial_complex;3892.00;11.88;1872.00;3.81;0
16;industrial_complex;3886.00;11.50;1753.00;2.42;0
16;industrial_complex;4075.00;9.70;1682.00;2.05;0
16;industrial_complex;3980.00;10.12;1646.00;5.94;0
16;industrial_complex;3999.00;9.80;1670.00;3.43;0
16;industrial_complex;3920.00;11.45;1817.00;5.49;0
16;air_base;3899.00;12.10;1770.00;1.52;0
16;supply_node;3901.00;11.10;1826.00;1.43;0
16;supply_node;3987.00;9.95;1705.00;5.92;0
16;supply_node;4128.00;10.73;1731.00;0.05;0
16;bunker;3977.00;10.05;1690.00;4.11;0
16;bunker;4118.00;10.38;1700.00;0.72;0
16;bunker;3898.00;11.68;1880.00;5.33;0
16;stronghold_network;4062.00;9.82;1712.00;1.90;0
16;anti_air_building;4126.00;10.48;1697.00;2.69;0
16;anti_air_building;4093.00;10.78;1786.00;2.58;0
16;anti_air_building;4132.00;10.55;1696.00;0.66;0
16;synthetic_refinery;4193.00;11.80;1686.00;4.36;0
16;fuel_silo;4188.00;11.18;1650.00;2.76;0
16;radar_station;4033.00;9.80;1744.00;1.00;0
16;nuclear_reactor_spawn;4029.00;10.60;1800.00;2.65;0
16;special_project_facility_spawn;4077.00;10.40;1755.00;5.84;0
16;special_project_facility_spawn;3944.00;10.50;1783.00;5.77;0
16;special_project_facility_spawn;3839.00;14.78;1861.00;5.98;0
16;rocket_site_spawn;4005.00;10.18;1635.00;2.82;0
17;arms_factory;2521.00;9.85;1925.00;1.61;0
17;arms_factory;2547.00;9.53;1864.00;0.46;0
17;arms_factory;2498.00;10.03;1957.00;4.77;0
17;arms_factory;2524.00;9.70;1885.00;3.42;0
17;arms_factory;2535.00;9.50;1858.00;3.81;0
17;arms_factory;2527.00;10.07;1903.00;2.42;0
17;industrial_complex;2536.00;9.50;1870.00;2.05;0
17;industrial_complex;2477.00;9.50;1922.00;5.94;0
17;industrial_complex;2501.00;9.55;1864.00;3.43;0
17;industrial_complex;2509.00;9.50;1863.00;5.49;0
17;industrial_complex;2530.00;9.98;1905.00;1.52;0
17;industrial_complex;2507.00;9.50;1864.00;3.13;0
17;air_base;2486.00;9.85;1936.00;5.70;0
17;supply_node;2492.00;9.50;1986.00;0.05;0
17;supply_node;2523.00;9.60;1876.00;1.59;0
17;supply_node;2484.00;9.80;1944.00;2.00;0
17;supply_node;2505.00;10.00;1945.00;0.32;0
17;supply_node;2466.00;9.50;1975.00;1.38;0
17;supply_node;2453.00;9.65;1998.00;4.43;0
17;supply_node;2524.00;9.55;2065.00;5.57;0
17;supply_node;2461.00;9.78;1947.00;0.06;0
17;supply_node;2462.00;9.50;1961.00;5.80;0
17;supply_node;2503.00;9.62;2019.00;1.43;0
17;supply_node;2443.00;9.85;1980.00;1.00;0
17;supply_node;2483.00;9.60;1912.00;4.90;0
17;supply_node;2473.00;9.82;1942.00;3.83;0
17;supply_node;2486.00;9.57;1892.00;6.28;0
17;supply_node;2449.00;9.80;1963.00;4.26;0
17;supply_node;2529.00;9.50;1838.00;5.01;0
17;supply_node;2512.00;9.50;2024.00;0.75;0
17;supply_node;2444.00;9.50;1987.00;3.70;0
17;supply_node;2500.00;9.50;2015.00;5.46;0
17;supply_node;2518.00;9.50;1806.00;5.54;0
17;supply_node;2454.00;9.50;1965.00;3.14;0
17;supply_node;2478.00;9.50;1921.00;0.80;0
17;bunker;2534.00;9.50;1858.00;1.19;0
17;bunker;2476.00;10.85;1973.00;1.14;0
17;bunker;2503.00;9.73;2021.00;0.47;0
17;bunker;2488.00;9.73;1931.00;3.81;0
17;bunker;2504.00;10.10;1943.00;3.38;0
17;bunker;2474.00;9.90;1966.00;0.28;0
17;bunker;2518.00;9.50;1805.00;2.07;0
17;bunker;2523.00;9.53;2062.00;3.08;0
17;bunker;2455.00;9.65;2003.00;5.74;0
17;bunker;2484.00;9.60;1912.00;3.77;0
17;bunker;2477.00;9.50;1921.00;4.16;0
17;bunker;2443.00;9.50;1987.00;2.14;0
17;bunker;2455.00;9.50;1968.00;4.83;0
17;bunker;2485.00;9.60;1893.00;4.57;0
17;bunker;2515.00;9.62;2026.00;5.42;0
17;bunker;2461.00;9.78;1948.00;4.23;0
17;bunker;2474.00;9.82;1941.00;5.67;0
17;bunker;2500.00;9.50;2015.00;3.91;0
17;bunker;2530.00;9.50;1838.00;1.66;0
17;bunker;2461.00;9.75;1964.00;6.26;0
17;bunker;2449.00;9.80;1963.00;1.54;0
17;bunker;2444.00;9.90;1980.00;4.36;0
17;coastal_bunker;2496.00;9.50;2010.00;-2.42;0
17;coastal_bunker;2463.00;9.50;1947.00;-3.14;0
17;coastal_bunker;2525.00;9.50;2069.00;-1.57;0
17;coastal_bunker;2483.00;9.50;1939.00;-1.29;0
17;coastal_bunker;2509.00;9.50;1858.00;-0.43;0
17;coastal_bunker;2468.00;9.55;1972.00;-2.16;0
17;coastal_bunker;2505.00;9.50;1955.00;-3.61;0
17;coastal_bunker;2503.00;9.50;2018.00;1.57;0
17;coastal_bunker;2511.00;9.60;2024.00;-3.14;0
17;coastal_bunker;2452.00;9.68;1994.00;-3.14;0
17;coastal_bunker;2462.00;9.50;1961.00;-3.93;0
17;coastal_bunker;2483.00;9.60;1912.00;1.57;0
17;coastal_bunker;2518.00;9.50;1807.00;-3.93;0
17;coastal_bunker;2446.00;9.70;1987.00;-1.57;0
17;coastal_bunker;2455.00;9.70;1965.00;1.57;0
17;coastal_bunker;2499.00;9.50;2017.00;-3.93;0
17;coastal_bunker;2479.00;9.60;1922.00;-3.14;0
17;coastal_bunker;2472.00;9.50;1943.00;1.57;0
17;coastal_bunker;2532.00;9.50;1838.00;-1.57;0
17;coastal_bunker;2444.00;9.53;1978.00;-3.93;0
17;coastal_bunker;2486.00;9.57;1892.00;-3.14;0
17;coastal_bunker;2450.00;9.53;1965.00;-1.57;0
17;stronghold_network;2556.00;9.50;1882.00;5.77;0
17;dockyard;2478.00;9.50;1836.00;-0.43;0
17;anti_air_building;2528.00;9.50;1853.00;0.57;0
17;anti_air_building;2491.00;9.55;1837.00;0.59;0
17;anti_air_building;2485.00;10.15;1952.00;5.48;0
17;synthetic_refinery;2502.00;9.50;1845.00;3.83;0
17;fuel_silo;2545.00;9.60;1875.00;3.05;0
17;radar_station;2513.00;9.98;1940.00;4.61;0
17;naval_supply_hub;2550.00;9.50;1840.00;-0.43;0
17;naval_supply_hub;2503.00;9.50;1959.00;-3.61;0
17;naval_supply_hub;2466.00;9.50;1975.00;-2.16;0
17;naval_supply_hub;2495.00;9.50;1927.00;-1.29;0
17;naval_supply_hub;2488.00;9.70;1988.00;-4.36;0
17;naval_supply_hub;2450.00;9.65;1999.00;-3.14;0
17;naval_supply_hub;2524.00;9.50;2053.00;-1.57;0
17;naval_supply_hub;2518.00;9.50;1808.00;-3.93;0
17;naval_supply_hub;2455.00;9.70;1966.00;1.57;0
17;naval_supply_hub;2504.00;9.62;2022.00;1.57;0
17;naval_supply_hub;2532.00;9.50;1838.00;-1.57;0
17;naval_supply_hub;2447.00;9.50;1962.00;-1.57;0
17;naval_supply_hub;2475.00;9.85;1943.00;1.57;0
17;naval_supply_hub;2443.00;9.50;1987.00;-1.57;0
17;naval_supply_hub;2442.00;9.50;1979.00;-3.93;0
17;naval_supply_hub;2501.00;9.60;2016.00;-3.93;0
17;naval_supply_hub;2479.00;9.50;1921.00;-3.14;0
17;naval_supply_hub;2466.00;9.50;1953.00;-3.14;0
17;naval_supply_hub;2466.00;9.78;1962.00;-3.93;0
17;naval_supply_hub;2485.00;9.50;1891.00;-3.14;0
17;naval_supply_hub;2484.00;9.50;1915.00;1.57;0
17;naval_supply_hub;2515.00;9.50;2025.00;-3.14;0
17;naval_headquarters;2527.00;9.50;2072.00;-1.57;0
17;naval_headquarters;2490.00;9.50;1858.00;-0.43;0
17;naval_headquarters;2454.00;9.50;1964.00;1.57;0
17;naval_headquarters;2485.00;9.60;1894.00;-3.14;0
17;naval_headquarters;2463.00;9.80;1962.00;-3.93;0
17;naval_headquarters;2462.00;9.53;1978.00;-2.16;0
17;naval_headquarters;2455.00;9.60;2004.00;-3.14;0
17;naval_headquarters;2469.00;9.85;1938.00;-1.29;0
17;naval_headquarters;2474.00;9.75;1945.00;1.57;0
17;naval_headquarters;2480.00;9.65;2009.00;-2.42;0
17;naval_headquarters;2507.00;9.60;1950.00;-3.61;0
17;naval_headquarters;2445.00;9.70;1988.00;-1.57;0
17;naval_headquarters;2463.00;9.50;1947.00;-3.14;0
17;naval_headquarters;2513.00;9.50;2024.00;-3.14;0
17;naval_headquarters;2446.00;9.50;1962.00;-1.57;0
17;naval_headquarters;2532.00;9.50;1839.00;-1.57;0
17;naval_headquarters;2519.00;9.50;1807.00;-3.93;0
17;naval_headquarters;2484.00;9.60;1911.00;1.57;0
17;naval_headquarters;2444.00;9.50;1983.00;-3.93;0
17;naval_headquarters;2499.00;9.50;2016.00;-2.36;0
17;naval_headquarters;2505.00;9.62;2021.00;1.57;0
17;naval_headquarters;2477.00;9.50;1922.00;-3.14;0
17;nuclear_reactor_spawn;2493.00;9.78;2001.00;4.03;0
17;special_project_facility_spawn;2540.00;9.50;1850.00;2.32;0
17;special_project_facility_spawn;2477.00;9.50;1922.00;3.96;0
17;special_project_facility_spawn;2516.00;9.82;1986.00;2.86;0
17;special_project_facility_spawn;2453.00;9.65;1998.00;4.43;0
17;special_project_facility_spawn;2511.00;9.98;1943.00;5.94;0
17;special_project_facility_spawn;2484.00;9.70;1929.00;5.73;0
17;special_project_facility_spawn;2474.00;10.20;1969.00;1.49;0
17;special_project_facility_spawn;2514.00;9.50;2025.00;3.28;0
17;special_project_facility_spawn;2486.00;9.60;1893.00;3.40;0
17;special_project_facility_spawn;2456.00;9.50;1967.00;0.47;0
17;special_project_facility_spawn;2498.00;9.50;2017.00;1.82;0
17;special_project_facility_spawn;2523.00;9.53;2062.00;3.00;0
17;special_project_facility_spawn;2442.00;9.50;1988.00;5.79;0
17;special_project_facility_spawn;2460.00;9.75;1964.00;0.55;0
17;special_project_facility_spawn;2517.00;9.50;1806.00;0.79;0
17;special_project_facility_spawn;2461.00;9.78;1947.00;0.89;0
17;special_project_facility_spawn;2484.00;9.60;1912.00;5.31;0
17;special_project_facility_spawn;2448.00;9.78;1963.00;4.77;0
17;special_project_facility_spawn;2502.00;9.65;2021.00;3.99;0
17;special_project_facility_spawn;2474.00;9.88;1942.00;1.80;0
17;special_project_facility_spawn;2443.00;9.85;1979.00;2.69;0
17;special_project_facility_spawn;2530.00;9.50;1838.00;1.66;0
17;rocket_site_spawn;2467.00;10.05;1967.00;3.55;0
17;floating_harbor;2509.58;9.50;1992.39;-1.22;1438
17;floating_harbor;2559.00;9.50;1888.00;-1.06;1439
17;floating_harbor;2470.27;9.50;1940.08;-4.43;1440
17;floating_harbor;2512.13;9.50;1959.26;-0.46;1441
17;floating_harbor;2433.00;9.50;2017.00;0.64;1442
17;floating_harbor;2453.00;9.50;2006.00;0.00;1655
17;floating_harbor;2577.00;9.50;2056.00;-1.74;1678
17;floating_harbor;2461.00;9.50;1955.00;0.00;1767
17;floating_harbor;2433.00;9.50;2017.00;0.50;1825
17;floating_harbor;2511.00;9.50;2019.00;-1.57;1863
17;floating_harbor;2448.95;9.50;1985.95;-0.79;1876
17;floating_harbor;2491.00;9.50;1912.00;-1.57;1883
17;floating_harbor;2481.00;9.50;1942.00;-1.57;1898
17;floating_harbor;2486.00;9.50;1900.00;0.00;1920
17;floating_harbor;2433.00;9.50;2017.00;0.29;1921
17;floating_harbor;2559.00;9.50;1888.00;-0.54;2046
17;floating_harbor;2512.00;9.50;2032.00;0.00;2050
17;floating_harbor;2433.00;9.50;2017.00;0.35;2080
17;floating_harbor;2577.00;9.50;2056.00;-1.09;2119
17;floating_harbor;2523.95;9.50;1811.95;-0.79;2146
17;floating_harbor;2433.00;9.50;2017.00;0.40;2153
17;floating_harbor;2433.00;9.50;2017.00;0.44;2246
18;arms_factory;1459.00;9.85;1637.00;4.77;0
18;arms_factory;1274.00;11.65;1562.00;3.42;0
18;arms_factory;1394.00;9.85;1620.00;3.81;0
18;arms_factory;1464.00;9.70;1582.00;2.42;0
18;arms_factory;1286.00;11.30;1547.00;2.05;0
18;arms_factory;1441.00;9.98;1624.00;5.94;0
18;industrial_complex;1321.00;11.10;1597.00;3.43;0
18;industrial_complex;1420.00;9.80;1624.00;5.49;0
18;industrial_complex;1331.00;10.95;1597.00;1.52;0
18;industrial_complex;1413.00;9.80;1606.00;3.13;0
18;industrial_complex;1313.00;10.98;1585.00;5.70;0
18;industrial_complex;1466.00;9.60;1584.00;2.88;0
18;air_base;1474.00;9.70;1621.00;4.11;0
18;supply_node;1441.00;9.80;1613.00;2.00;0
18;supply_node;1461.00;9.50;1550.00;0.32;0
18;supply_node;1475.00;9.73;1623.00;1.38;0
18;supply_node;1448.00;9.80;1571.00;4.43;0
18;supply_node;1342.00;10.62;1587.00;5.57;0
18;supply_node;1425.00;9.70;1595.00;0.06;0
18;supply_node;1304.00;11.28;1576.00;5.80;0
18;supply_node;1407.00;9.95;1623.00;1.43;0
18;supply_node;1450.00;10.07;1628.00;1.00;0
18;supply_node;1478.00;9.50;1559.00;4.90;0
18;supply_node;1478.00;9.50;1571.00;3.83;0
18;bunker;1334.00;10.62;1583.00;5.77;0
18;bunker;1296.00;11.48;1568.00;5.98;0
18;bunker;1427.00;9.70;1583.00;2.82;0
18;bunker;1440.00;9.70;1610.00;1.58;0
18;bunker;1414.00;10.00;1620.00;1.47;0
18;bunker;1449.00;9.80;1588.00;5.43;0
18;bunker;1455.00;9.53;1621.00;6.27;0
18;bunker;1484.00;9.62;1614.00;4.58;0
18;bunker;1477.00;9.50;1573.00;5.10;0
18;bunker;1479.00;9.60;1559.00;1.19;0
18;bunker;1461.00;9.55;1551.00;1.14;0
18;coastal_bunker;1486.00;9.50;1617.00;0.00;0
18;coastal_bunker;1476.00;9.50;1574.00;1.57;0
18;coastal_bunker;1454.00;9.57;1614.00;1.38;0
18;coastal_bunker;1465.00;9.53;1551.00;-4.39;0
18;coastal_bunker;1464.00;9.50;1613.00;1.00;0
18;coastal_bunker;1463.00;9.55;1570.00;1.47;0
18;coastal_bunker;1467.00;9.55;1600.00;1.57;0
18;coastal_bunker;1480.00;9.60;1562.00;-3.93;0
18;stronghold_network;1404.00;10.00;1625.00;4.16;0
18;dockyard;1459.00;9.53;1553.00;1.47;0
18;anti_air_building;1462.00;9.65;1586.00;4.83;0
18;anti_air_building;1446.00;10.43;1636.00;4.57;0
18;anti_air_building;1446.00;9.80;1567.00;5.42;0
18;synthetic_refinery;1350.00;10.60;1598.00;4.23;0
18;fuel_silo;1441.00;10.05;1626.00;5.67;0
18;radar_station;1382.00;9.82;1600.00;5.67;0
18;naval_supply_hub;1472.00;9.50;1561.00;1.47;0
18;naval_supply_hub;1468.00;9.60;1605.00;1.38;0
18;naval_supply_hub;1468.00;9.50;1621.00;0.00;0
18;naval_supply_hub;1460.00;9.50;1614.00;1.00;0
18;naval_supply_hub;1479.00;9.50;1569.00;1.57;0
18;naval_supply_hub;1464.00;9.60;1600.00;1.57;0
18;naval_supply_hub;1479.00;9.50;1564.00;-3.93;0
18;naval_supply_hub;1464.00;9.50;1553.00;-4.39;0
18;naval_headquarters;1468.00;9.50;1575.00;1.47;0
18;naval_headquarters;1485.00;9.60;1614.00;0.00;0
18;naval_headquarters;1464.00;9.57;1601.00;1.57;0
18;naval_headquarters;1457.00;9.53;1613.00;1.38;0
18;naval_headquarters;1466.00;9.60;1612.00;1.00;0
18;naval_headquarters;1460.00;9.55;1552.00;-4.39;0
18;naval_headquarters;1479.00;9.50;1567.00;1.57;0
18;naval_headquarters;1479.00;9.50;1558.00;-3.93;0
18;nuclear_reactor_spawn;1333.00;10.70;1589.00;3.08;0
18;special_project_facility_spawn;1471.00;9.55;1562.00;0.48;0
18;special_project_facility_spawn;1410.00;10.00;1632.00;5.38;0
18;special_project_facility_spawn;1326.00;10.73;1610.00;2.66;0
18;special_project_facility_spawn;1454.00;9.70;1598.00;6.06;0
18;special_project_facility_spawn;1455.00;9.88;1628.00;1.00;0
18;special_project_facility_spawn;1474.00;9.68;1623.00;0.25;0
18;special_project_facility_spawn;1455.00;9.55;1617.00;3.06;0
18;special_project_facility_spawn;1340.00;10.48;1581.00;2.60;0
18;special_project_facility_spawn;1479.00;9.50;1570.00;0.45;0
18;special_project_facility_spawn;1478.00;9.50;1559.00;5.77;0
18;special_project_facility_spawn;1458.00;9.60;1551.00;2.14;0
18;rocket_site_spawn;1437.00;9.70;1606.00;0.57;0
18;floating_harbor;1521.00;9.50;1528.00;-2.51;784
18;floating_harbor;1470.64;9.50;1553.21;-1.25;895
18;floating_harbor;1521.00;9.50;1528.00;-2.67;896
18;floating_harbor;1521.00;9.50;1528.00;-2.23;1010
18;floating_harbor;1471.00;9.50;1595.00;-1.57;1096
18;floating_harbor;1521.00;9.50;1528.00;-2.58;1198
18;floating_harbor;1483.95;9.50;1565.95;-0.79;2019
18;floating_harbor;1485.00;9.50;1571.00;-1.57;2020
19;arms_factory;3274.00;9.65;1360.00;3.81;0
19;arms_factory;3232.00;9.82;1424.00;2.42;0
19;arms_factory;3324.00;10.18;1326.00;2.05;0
19;arms_factory;3232.00;9.80;1435.00;5.94;0
19;arms_factory;3318.00;10.40;1326.00;3.43;0
19;arms_factory;3219.00;11.15;1447.00;5.49;0
19;industrial_complex;3307.00;10.88;1336.00;1.52;0
19;industrial_complex;3289.00;10.23;1341.00;3.13;0
19;industrial_complex;3220.00;10.28;1439.00;5.70;0
19;industrial_complex;3221.00;11.53;1449.00;2.88;0
19;industrial_complex;3333.00;10.05;1327.00;4.11;0
19;industrial_complex;3315.00;10.57;1336.00;0.72;0
19;air_base;3215.00;10.45;1437.00;5.33;0
19;supply_node;3313.00;9.65;1347.00;1.38;0
19;supply_node;3268.00;9.50;1381.00;4.43;0
19;supply_node;3225.00;9.95;1439.00;5.57;0
19;bunker;3277.00;9.90;1364.00;0.66;0
19;bunker;3269.00;9.60;1383.00;4.36;0
19;bunker;3222.00;11.53;1449.00;2.76;0
19;coastal_bunker;3340.00;9.60;1373.00;-2.36;0
19;coastal_bunker;3269.00;9.60;1382.00;-3.14;0
19;coastal_bunker;3231.00;9.82;1448.00;1.45;0
19;stronghold_network;3339.00;9.82;1354.00;5.77;0
19;dockyard;3303.00;9.78;1349.00;-2.36;0
19;anti_air_building;3289.00;10.32;1340.00;2.82;0
19;anti_air_building;3329.00;10.00;1341.00;1.58;0
19;anti_air_building;3337.00;9.80;1358.00;1.47;0
19;synthetic_refinery;3326.00;10.12;1335.00;5.43;0
19;fuel_silo;3234.00;9.70;1426.00;6.27;0
19;radar_station;3278.00;9.50;1384.00;3.14;0
19;naval_supply_hub;3231.00;9.53;1444.00;1.45;0
19;naval_supply_hub;3326.00;9.50;1357.00;-2.36;0
19;naval_supply_hub;3268.00;9.60;1384.00;-3.14;0
19;naval_headquarters;3234.00;9.50;1449.00;1.45;0
19;naval_headquarters;3304.00;9.73;1349.00;-2.36;0
19;naval_headquarters;3267.00;9.50;1379.00;-3.14;0
19;nuclear_reactor_spawn;3278.00;9.95;1365.00;0.28;0
19;special_project_facility_spawn;3327.00;9.60;1354.00;2.07;0
19;special_project_facility_spawn;3228.00;9.85;1436.00;3.08;0
19;special_project_facility_spawn;3269.00;9.60;1384.00;5.74;0
19;rocket_site_spawn;3298.00;10.60;1340.00;3.77;0
19;floating_harbor;3293.05;9.50;1366.95;0.79;417
19;floating_harbor;3268.00;9.50;1389.00;0.00;1934
20;arms_factory;4362.00;12.57;1647.00;2.05;0
20;arms_factory;4332.00;14.12;1640.00;5.94;0
20;arms_factory;4575.00;10.93;1684.00;3.43;0
20;arms_factory;4547.00;10.30;1580.00;5.49;0
20;arms_factory;4577.00;11.40;1826.00;1.52;0
20;arms_factory;4358.00;11.88;1604.00;3.13;0
20;industrial_complex;4493.00;10.93;1555.00;5.70;0
20;industrial_complex;4529.00;11.05;1580.00;2.88;0
20;industrial_complex;4358.00;11.20;1554.00;4.11;0
20;industrial_complex;4437.00;10.15;1508.00;0.72;0
20;industrial_complex;4376.00;13.53;1667.00;5.33;0
20;industrial_complex;4573.00;10.95;1713.00;1.90;0
20;air_base;4361.00;11.70;1561.00;2.69;0
20;supply_node;4359.00;11.32;1607.00;5.57;0
20;supply_node;4422.00;10.03;1527.00;0.06;0
20;supply_node;4544.00;10.20;1608.00;5.80;0
20;supply_node;4512.00;11.05;1556.00;1.43;0
20;supply_node;4464.00;9.57;1536.00;1.00;0
20;supply_node;4575.00;11.32;1832.00;4.90;0
20;supply_node;4600.00;10.60;1694.00;3.83;0
20;supply_node;4607.00;9.90;1704.00;6.28;0
20;supply_node;4569.00;10.28;1716.00;4.26;0
20;supply_node;4552.00;9.90;1682.00;5.01;0
20;supply_node;4580.00;11.55;1691.00;0.75;0
20;supply_node;4407.00;10.85;1495.00;3.70;0
20;supply_node;4444.00;9.80;1514.00;5.46;0
20;supply_node;4762.00;9.50;1835.00;5.54;0
20;supply_node;4644.00;9.50;1724.00;3.14;0
20;supply_node;4621.00;9.53;1709.00;0.80;0
20;supply_node;4679.00;9.53;1743.00;2.90;0
20;supply_node;4346.00;9.88;1509.00;1.25;0
20;supply_node;4363.00;9.78;1397.00;4.17;0
20;supply_node;4410.00;9.93;1457.00;3.55;0
20;supply_node;4401.00;10.23;1452.00;1.14;0
20;supply_node;4659.00;9.50;1733.00;3.69;0
20;supply_node;4384.00;9.85;1424.00;5.76;0
20;supply_node;4397.00;10.10;1491.00;3.24;0
20;supply_node;4514.00;9.50;1593.00;5.94;0
20;supply_node;4771.00;9.50;1843.00;4.14;0
20;supply_node;4748.00;9.50;1816.00;0.13;0
20;supply_node;4385.00;9.50;1529.00;6.25;0
20;supply_node;4365.00;9.50;1535.00;3.70;0
20;supply_node;4357.00;9.65;1531.00;0.64;0
20;supply_node;4709.00;9.50;1764.00;2.44;0
20;supply_node;4375.00;9.50;1535.00;3.50;0
20;supply_node;4377.00;9.50;1496.00;2.77;0
20;supply_node;4463.00;9.50;1525.00;5.67;0
20;supply_node;4341.00;9.50;1528.00;4.23;0
20;bunker;4567.00;11.45;1693.00;6.26;0
20;bunker;4347.00;12.20;1604.00;1.54;0
20;bunker;4574.00;10.70;1803.00;4.36;0
20;bunker;4445.00;9.93;1516.00;1.91;0
20;bunker;4542.00;10.18;1595.00;4.71;0
20;bunker;4526.00;11.30;1577.00;4.96;0
20;bunker;4403.00;11.12;1486.00;4.86;0
20;bunker;4514.00;9.50;1592.00;1.95;0
20;bunker;4449.00;9.88;1534.00;4.58;0
20;bunker;4579.00;10.90;1712.00;5.11;0
20;bunker;4567.00;9.70;1680.00;4.61;0
20;bunker;4426.00;9.85;1531.00;3.88;0
20;bunker;4348.00;9.80;1510.00;0.43;0
20;bunker;4595.00;10.68;1702.00;5.30;0
20;bunker;4463.00;9.50;1527.00;2.23;0
20;bunker;4386.00;9.50;1526.00;3.08;0
20;bunker;4606.00;9.85;1704.00;0.48;0
20;bunker;4748.00;9.50;1815.00;5.38;0
20;bunker;4708.00;9.50;1763.00;2.66;0
20;bunker;4651.00;9.55;1729.00;6.06;0
20;bunker;4759.00;9.50;1832.00;1.00;0
20;bunker;4357.00;9.65;1531.00;0.25;0
20;bunker;4376.00;9.60;1537.00;3.06;0
20;bunker;4366.00;9.60;1535.00;2.60;0
20;bunker;4342.00;9.65;1529.00;0.45;0
20;bunker;4402.00;10.55;1453.00;5.77;0
20;bunker;4377.00;9.62;1497.00;2.14;0
20;bunker;4660.00;9.53;1733.00;0.57;0
20;bunker;4383.00;9.98;1424.00;0.59;0
20;bunker;4679.00;9.53;1743.00;5.48;0
20;bunker;4410.00;10.07;1455.00;3.83;0
20;bunker;4772.00;9.50;1844.00;3.05;0
20;bunker;4362.00;9.73;1396.00;0.85;0
20;bunker;4625.00;9.60;1713.00;3.84;0
20;bunker;4396.00;10.12;1491.00;4.14;0
20;coastal_bunker;4604.00;9.95;1799.00;-3.48;0
20;coastal_bunker;4537.00;9.50;1539.00;0.60;0
20;coastal_bunker;4386.00;9.70;1576.00;0.98;0
20;coastal_bunker;4653.00;9.50;1729.00;-1.57;0
20;coastal_bunker;4467.00;9.50;1532.00;0.54;0
20;coastal_bunker;4624.00;9.50;1714.00;-0.79;0
20;coastal_bunker;4393.00;9.50;1499.00;-1.11;0
20;coastal_bunker;4447.00;9.50;1523.00;0.00;0
20;coastal_bunker;4553.00;9.50;1654.00;-3.33;0
20;coastal_bunker;4425.00;9.53;1535.00;-0.79;0
20;coastal_bunker;4363.00;9.73;1396.00;-1.57;0
20;coastal_bunker;4678.00;9.53;1743.00;-1.57;0
20;coastal_bunker;4562.00;9.50;1725.00;-2.86;0
20;coastal_bunker;4661.00;9.53;1735.00;1.57;0
20;coastal_bunker;4348.00;9.50;1512.00;-1.57;0
20;coastal_bunker;4575.00;9.50;1673.00;0.00;0
20;coastal_bunker;4413.00;9.75;1461.00;-3.93;0
20;coastal_bunker;4748.00;9.50;1817.00;-3.93;0
20;coastal_bunker;4765.00;9.50;1839.00;-3.14;0
20;coastal_bunker;4356.00;9.50;1530.00;-1.57;0
20;coastal_bunker;4550.00;9.60;1668.00;-0.93;0
20;coastal_bunker;4385.00;9.50;1528.00;1.57;0
20;coastal_bunker;4367.00;9.60;1535.00;1.57;0
20;coastal_bunker;4341.00;9.50;1527.00;1.57;0
20;coastal_bunker;4463.00;9.55;1526.00;-3.14;0
20;coastal_bunker;4385.00;9.50;1426.00;-3.93;0
20;coastal_bunker;4397.00;9.68;1490.00;-1.57;0
20;coastal_bunker;4707.00;9.50;1762.00;-3.14;0
20;coastal_bunker;4592.00;9.60;1686.00;0.98;0
20;coastal_bunker;4376.00;9.50;1497.00;-3.14;0
20;coastal_bunker;4398.00;9.50;1452.00;-3.14;0
20;coastal_bunker;4514.00;9.55;1595.00;-3.14;0
20;coastal_bunker;4606.00;9.50;1706.00;-3.61;0
20;coastal_bunker;4375.00;9.50;1535.00;-3.14;0
20;coastal_bunker;4772.00;9.50;1846.00;1.57;0
20;stronghold_network;4602.00;10.95;1696.00;1.01;0
20;dockyard;4557.00;9.55;1645.00;-3.33;0
20;anti_air_building;4580.00;10.12;1759.00;4.18;0
20;anti_air_building;4596.00;11.15;1698.00;3.69;0
20;anti_air_building;4357.00;12.68;1645.00;1.06;0
20;synthetic_refinery;4376.00;11.03;1563.00;2.31;0
20;fuel_silo;4506.00;10.88;1547.00;0.54;0
20;radar_station;4537.00;9.50;1661.00;5.10;0
20;naval_supply_hub;4437.00;9.55;1547.00;0.54;0
20;naval_supply_hub;4462.00;9.53;1518.00;0.00;0
20;naval_supply_hub;4403.00;9.50;1500.00;-1.11;0
20;naval_supply_hub;4558.00;9.57;1693.00;-0.93;0
20;naval_supply_hub;4556.00;9.53;1649.00;-3.33;0
20;naval_supply_hub;4588.00;9.60;1711.00;0.00;0
20;naval_supply_hub;4349.00;9.50;1583.00;-0.59;0
20;naval_supply_hub;4386.00;9.60;1528.00;1.57;0
20;naval_supply_hub;4539.00;9.50;1549.00;0.60;0
20;naval_supply_hub;4567.00;9.50;1835.00;-0.11;0
20;naval_supply_hub;4362.00;9.70;1395.00;-1.57;0
20;naval_supply_hub;4514.00;9.50;1592.00;-3.14;0
20;naval_supply_hub;4561.00;9.50;1707.00;-2.86;0
20;naval_supply_hub;4647.00;9.55;1727.00;-1.57;0
20;naval_supply_hub;4409.00;9.98;1456.00;-3.93;0
20;naval_supply_hub;4678.00;9.50;1742.00;-1.57;0
20;naval_supply_hub;4429.00;9.53;1540.00;-0.79;0
20;naval_supply_hub;4357.00;9.62;1532.00;-1.57;0
20;naval_supply_hub;4598.00;9.50;1688.00;0.98;0
20;naval_supply_hub;4659.00;9.50;1732.00;1.57;0
20;naval_supply_hub;4620.00;9.50;1707.00;-0.79;0
20;naval_supply_hub;4345.00;9.50;1511.00;-1.57;0
20;naval_supply_hub;4749.00;9.50;1815.00;-3.93;0
20;naval_supply_hub;4378.00;9.62;1497.00;-3.14;0
20;naval_supply_hub;4367.00;9.50;1533.00;1.57;0
20;naval_supply_hub;4397.00;9.68;1490.00;-1.57;0
20;naval_supply_hub;4762.00;9.50;1832.00;-3.14;0
20;naval_supply_hub;4400.00;10.20;1455.00;-3.14;0
20;naval_supply_hub;4770.00;9.50;1842.00;1.57;0
20;naval_supply_hub;4342.00;9.50;1528.00;1.57;0
20;naval_supply_hub;4611.00;9.50;1710.00;-3.61;0
20;naval_supply_hub;4464.00;9.50;1528.00;-3.14;0
20;naval_supply_hub;4374.00;9.50;1536.00;-3.14;0
20;naval_supply_hub;4382.00;9.60;1425.00;-3.93;0
20;naval_supply_hub;4712.00;9.50;1768.00;-3.14;0
20;naval_headquarters;4379.00;9.50;1496.00;-3.14;0
20;naval_headquarters;4588.00;9.50;1811.00;-3.48;0
20;naval_headquarters;4343.00;9.50;1510.00;-1.57;0
20;naval_headquarters;4462.00;9.50;1525.00;-3.14;0
20;naval_headquarters;4528.00;9.50;1596.00;0.23;0
20;naval_headquarters;4485.00;9.50;1563.00;0.60;0
20;naval_headquarters;4385.00;9.50;1545.00;0.98;0
20;naval_headquarters;4406.00;9.50;1468.00;-1.11;0
20;naval_headquarters;4386.00;9.50;1531.00;1.57;0
20;naval_headquarters;4408.00;9.50;1454.00;-3.93;0
20;naval_headquarters;4768.00;9.50;1841.00;-3.14;0
20;naval_headquarters;4442.00;9.50;1528.00;0.54;0
20;naval_headquarters;4674.00;9.50;1739.00;-1.57;0
20;naval_headquarters;4563.00;9.50;1714.00;-2.86;0
20;naval_headquarters;4583.00;9.80;1714.00;0.00;0
20;naval_headquarters;4557.00;9.50;1700.00;-0.93;0
20;naval_headquarters;4612.00;9.57;1693.00;0.98;0
20;naval_headquarters;4774.00;9.50;1844.00;1.57;0
20;naval_headquarters;4659.00;9.50;1732.00;1.57;0
20;naval_headquarters;4438.00;9.50;1503.00;0.00;0
20;naval_headquarters;4395.00;9.50;1489.00;-1.57;0
20;naval_headquarters;4514.00;9.55;1595.00;-3.14;0
20;naval_headquarters;4750.00;9.50;1815.00;-3.93;0
20;naval_headquarters;4399.00;9.78;1454.00;-3.14;0
20;naval_headquarters;4618.00;9.50;1706.00;-0.79;0
20;naval_headquarters;4411.00;9.62;1527.00;-0.79;0
20;naval_headquarters;4343.00;9.62;1529.00;1.57;0
20;naval_headquarters;4365.00;9.50;1399.00;-1.57;0
20;naval_headquarters;4651.00;9.53;1728.00;-1.57;0
20;naval_headquarters;4609.00;9.78;1700.00;-3.61;0
20;naval_headquarters;4711.00;9.50;1767.00;-3.14;0
20;naval_headquarters;4357.00;9.50;1529.00;-1.57;0
20;naval_headquarters;4366.00;9.50;1533.00;1.57;0
20;naval_headquarters;4375.00;9.50;1536.00;-3.14;0
20;naval_headquarters;4385.00;9.50;1425.00;-3.93;0
20;nuclear_reactor_spawn;4397.00;13.62;1682.00;0.58;0
20;special_project_facility_spawn;4528.00;11.95;1567.00;2.41;0
20;special_project_facility_spawn;4430.00;10.53;1697.00;4.71;0
20;special_project_facility_spawn;4532.00;11.43;1575.00;5.47;0
20;special_project_facility_spawn;4437.00;9.88;1542.00;3.65;0
20;special_project_facility_spawn;4417.00;9.88;1526.00;3.75;0
20;special_project_facility_spawn;4579.00;11.43;1708.00;1.18;0
20;special_project_facility_spawn;4450.00;9.98;1519.00;3.57;0
20;special_project_facility_spawn;4571.00;9.90;1851.00;0.26;0
20;special_project_facility_spawn;4593.00;10.55;1693.00;5.02;0
20;special_project_facility_spawn;4579.00;11.20;1710.00;4.98;0
20;special_project_facility_spawn;4416.00;10.00;1505.00;4.42;0
20;special_project_facility_spawn;4541.00;9.70;1665.00;2.18;0
20;special_project_facility_spawn;4348.00;9.73;1509.00;6.06;0
20;special_project_facility_spawn;4758.00;9.50;1832.00;0.31;0
20;special_project_facility_spawn;4680.00;9.57;1744.00;2.47;0
20;special_project_facility_spawn;4386.00;9.50;1527.00;3.89;0
20;special_project_facility_spawn;4606.00;10.28;1701.00;4.68;0
20;special_project_facility_spawn;4402.00;10.55;1453.00;0.55;0
20;special_project_facility_spawn;4375.00;9.50;1535.00;5.09;0
20;special_project_facility_spawn;4649.00;9.57;1727.00;2.37;0
20;special_project_facility_spawn;4514.00;9.53;1596.00;2.76;0
20;special_project_facility_spawn;4377.00;9.62;1497.00;3.49;0
20;special_project_facility_spawn;4708.00;9.50;1764.00;2.70;0
20;special_project_facility_spawn;4340.00;9.50;1528.00;5.78;0
20;special_project_facility_spawn;4366.00;9.60;1535.00;2.02;0
20;special_project_facility_spawn;4748.00;9.50;1813.00;0.36;0
20;special_project_facility_spawn;4362.00;9.73;1396.00;3.47;0
20;special_project_facility_spawn;4625.00;9.60;1713.00;5.18;0
20;special_project_facility_spawn;4661.00;9.55;1733.00;2.32;0
20;special_project_facility_spawn;4464.00;9.50;1528.00;1.92;0
20;special_project_facility_spawn;4357.00;9.65;1531.00;5.68;0
20;special_project_facility_spawn;4772.00;9.50;1844.00;3.37;0
20;special_project_facility_spawn;4396.00;10.12;1491.00;2.94;0
20;special_project_facility_spawn;4383.00;9.98;1424.00;2.43;0
20;special_project_facility_spawn;4410.00;10.07;1455.00;3.90;0
20;rocket_site_spawn;4555.00;9.60;1680.00;0.43;0
20;floating_harbor;4382.82;9.50;1591.12;-2.16;8
20;floating_harbor;4535.00;9.50;1492.00;-1.86;1464
20;floating_harbor;4566.00;9.50;1669.00;-0.45;1465
20;floating_harbor;4526.97;9.50;1534.23;-2.54;1466
20;floating_harbor;4535.00;9.50;1492.00;-2.05;1467
20;floating_harbor;4566.00;9.50;1669.00;-3.18;1517
20;floating_harbor;4611.82;9.50;1686.12;-2.16;1518
20;floating_harbor;4611.13;9.50;1712.26;-0.46;1519
20;floating_harbor;4566.00;9.50;1669.00;-3.16;1520
20;floating_harbor;4542.40;9.50;1674.80;-4.07;1521
20;floating_harbor;4580.00;9.50;1667.00;-3.14;1522
20;floating_harbor;4398.74;9.50;1490.87;-4.25;1546
20;floating_harbor;4444.00;9.50;1506.00;-3.14;1574
20;floating_harbor;4762.00;9.50;1843.00;0.00;1697
20;floating_harbor;4637.00;9.50;1724.00;1.57;1699
20;floating_harbor;4614.05;9.50;1702.05;-3.93;1756
20;floating_harbor;4660.00;9.50;1788.00;0.40;1757
20;floating_harbor;4298.00;9.50;1543.00;0.95;1766
20;floating_harbor;4429.00;9.50;1344.00;-2.25;1817
20;floating_harbor;4415.95;9.50;1462.95;-0.79;1847
20;floating_harbor;4401.00;9.50;1460.00;0.00;1860
20;floating_harbor;4667.00;9.50;1733.00;-1.57;1873
20;floating_harbor;4389.95;9.50;1429.95;-0.79;1908
20;floating_harbor;4535.00;9.50;1492.00;-1.56;1916
20;floating_harbor;4514.00;9.50;1601.00;0.00;1953
20;floating_harbor;4779.00;9.50;1843.00;-1.57;1955
20;floating_harbor;4753.95;9.50;1821.95;-0.79;1974
20;floating_harbor;4393.00;9.50;1529.00;-1.57;2016
20;floating_harbor;4298.00;9.50;1543.00;1.45;2018
20;floating_harbor;4298.00;9.50;1543.00;1.37;2042
20;floating_harbor;4709.00;9.50;1772.00;0.00;2077
20;floating_harbor;4535.00;9.50;1492.00;-1.84;2113
20;floating_harbor;4377.00;9.50;1504.00;0.00;2188
20;floating_harbor;4463.00;9.50;1533.00;0.00;2190
21;arms_factory;2780.00;9.70;1376.00;3.43;0
21;arms_factory;2675.00;10.38;1352.00;5.49;0
21;arms_factory;2785.00;9.73;1345.00;1.52;0
21;arms_factory;2691.00;9.95;1341.00;3.13;0
21;arms_factory;2705.00;10.90;1370.00;5.70;0
21;arms_factory;2720.00;9.75;1231.00;2.88;0
21;industrial_complex;2733.00;9.95;1369.00;4.11;0
21;industrial_complex;2764.00;9.60;1230.00;0.72;0
21;industrial_complex;2797.00;9.60;1230.00;5.33;0
21;industrial_complex;2783.00;9.70;1262.00;1.90;0
21;industrial_complex;2654.00;11.25;1508.00;2.69;0
21;industrial_complex;2644.00;10.53;1493.00;2.58;0
21;supply_node;2684.00;10.93;1395.00;0.06;0
21;supply_node;2716.00;9.75;1254.00;5.80;0
21;supply_node;2816.00;9.78;1408.00;1.43;0
21;supply_node;2649.00;11.85;1486.00;1.00;0
21;supply_node;2698.00;9.98;1339.00;4.90;0
21;supply_node;2661.00;10.38;1417.00;3.83;0
21;supply_node;2740.00;9.82;1403.00;6.28;0
21;supply_node;2757.00;9.70;1347.00;4.26;0
21;supply_node;2673.00;10.28;1365.00;5.01;0
21;supply_node;2768.00;9.60;1325.00;0.75;0
21;supply_node;2876.00;10.43;1385.00;3.70;0
21;supply_node;2735.00;9.80;1371.00;5.46;0
21;supply_node;2647.00;10.80;1434.00;5.54;0
21;supply_node;2801.00;9.60;1325.00;3.14;0
21;supply_node;2829.00;10.00;1360.00;0.80;0
21;supply_node;2644.00;9.70;1369.00;2.90;0
21;supply_node;2782.00;9.60;1394.00;1.25;0
21;supply_node;2876.00;10.10;1322.00;4.17;0
21;supply_node;2750.00;9.70;1290.00;3.55;0
21;supply_node;2829.00;9.68;1254.00;1.14;0
21;bunker;2849.00;9.80;1298.00;0.28;0
21;bunker;2658.00;9.75;1368.00;2.07;0
21;bunker;2749.00;9.60;1402.00;3.08;0
21;bunker;2704.00;10.80;1358.00;5.74;0
21;bunker;2766.00;9.60;1350.00;3.77;0
21;bunker;2807.00;10.15;1427.00;4.16;0
21;bunker;2687.00;10.50;1284.00;2.14;0
21;bunker;2720.00;10.70;1379.00;4.83;0
21;bunker;2899.00;10.10;1361.00;4.57;0
21;bunker;2838.00;10.12;1384.00;5.42;0
21;bunker;2672.00;10.85;1406.00;4.23;0
21;bunker;2642.00;10.65;1436.00;5.67;0
21;bunker;2883.00;10.30;1311.00;3.91;0
21;bunker;2739.00;9.80;1284.00;1.66;0
21;bunker;2786.00;9.85;1369.00;6.26;0
21;bunker;2679.00;11.07;1406.00;1.54;0
21;bunker;2764.00;9.60;1315.00;4.36;0
21;bunker;2803.00;9.60;1331.00;1.91;0
21;bunker;2635.00;9.70;1383.00;4.71;0
21;bunker;2657.00;13.12;1494.00;4.96;0
21;stronghold_network;2817.00;9.70;1342.00;4.86;0
21;anti_air_building;2757.00;9.60;1204.00;1.95;0
21;anti_air_building;2629.00;9.70;1396.00;4.58;0
21;anti_air_building;2771.00;9.60;1291.00;5.11;0
21;synthetic_refinery;2791.00;9.60;1230.00;4.61;0
21;fuel_silo;2808.00;9.70;1254.00;3.88;0
21;radar_station;2766.00;9.85;1372.00;3.59;0
21;nuclear_reactor_spawn;2795.00;9.70;1291.00;5.30;0
21;special_project_facility_spawn;2824.00;10.05;1389.00;2.23;0
21;special_project_facility_spawn;2650.00;12.32;1477.00;3.08;0
21;special_project_facility_spawn;2787.00;9.68;1209.00;0.48;0
21;special_project_facility_spawn;2792.00;9.60;1301.00;5.38;0
21;special_project_facility_spawn;2865.00;9.98;1327.00;2.66;0
21;special_project_facility_spawn;2832.00;9.70;1349.00;6.06;0
21;special_project_facility_spawn;2764.00;9.70;1362.00;1.00;0
21;special_project_facility_spawn;2885.00;10.00;1367.00;0.25;0
21;special_project_facility_spawn;2695.00;9.85;1324.00;3.06;0
21;special_project_facility_spawn;2739.00;9.73;1296.00;2.60;0
21;special_project_facility_spawn;2668.00;11.35;1444.00;0.45;0
21;special_project_facility_spawn;2675.00;12.23;1441.00;5.77;0
21;special_project_facility_spawn;2757.00;9.60;1210.00;2.14;0
21;special_project_facility_spawn;2792.00;9.70;1419.00;0.57;0
21;special_project_facility_spawn;2725.00;11.25;1392.00;0.59;0
21;special_project_facility_spawn;2747.00;9.70;1356.00;5.48;0
21;special_project_facility_spawn;2683.00;11.05;1383.00;3.83;0
21;special_project_facility_spawn;2653.00;9.70;1378.00;3.05;0
21;special_project_facility_spawn;2739.00;9.70;1330.00;0.85;0
21;special_project_facility_spawn;2668.00;9.93;1365.00;3.84;0
21;rocket_site_spawn;2638.00;10.05;1428.00;4.14;0
22;arms_factory;3795.00;9.70;1385.00;1.52;0
22;arms_factory;3752.00;9.62;1314.00;3.13;0
22;arms_factory;3786.00;9.70;1369.00;5.70;0
22;arms_factory;3752.00;10.07;1396.00;2.88;0
22;arms_factory;3665.00;12.28;1140.00;4.11;0
22;arms_factory;3582.00;12.35;1371.00;0.72;0
22;industrial_complex;3658.00;11.00;1376.00;5.33;0
22;industrial_complex;3659.00;11.07;1374.00;1.90;0
22;industrial_complex;3666.00;12.82;1260.00;2.69;0
22;industrial_complex;3554.00;14.45;1399.00;2.58;0
22;industrial_complex;3760.00;9.57;1280.00;0.66;0
22;industrial_complex;3621.00;9.80;1453.00;4.36;0
22;air_base;3804.00;9.73;1345.00;2.76;0
22;supply_node;3646.00;15.18;1368.00;1.00;0
22;supply_node;3665.00;12.78;1213.00;4.90;0
22;supply_node;3576.00;9.80;1345.00;3.83;0
22;supply_node;3796.00;9.70;1342.00;6.28;0
22;supply_node;3556.00;10.60;1309.00;4.26;0
22;supply_node;3853.00;10.20;1365.00;5.01;0
22;supply_node;3888.00;9.80;1408.00;0.75;0
22;supply_node;3733.00;9.70;1313.00;3.70;0
22;supply_node;3746.00;9.68;1376.00;5.46;0
22;supply_node;3665.00;11.25;1162.00;5.54;0
22;supply_node;3646.00;10.95;1121.00;3.14;0
22;supply_node;3646.00;9.98;1457.00;0.80;0
22;supply_node;3624.00;10.23;1228.00;2.90;0
22;supply_node;3589.00;9.60;1291.00;1.25;0
22;supply_node;3585.00;12.90;1391.00;4.17;0
22;supply_node;3690.00;10.28;1383.00;3.55;0
22;supply_node;3616.00;10.10;1295.00;1.14;0
22;supply_node;3711.00;10.38;1256.00;3.69;0
22;supply_node;3594.00;9.95;1327.00;5.76;0
22;supply_node;3669.00;11.30;1283.00;3.24;0
22;supply_node;3867.00;9.50;1156.00;5.94;0
22;supply_node;3838.00;9.50;1320.00;4.14;0
22;supply_node;3881.00;9.50;1066.00;0.13;0
22;supply_node;3596.00;9.50;842.00;6.25;0
22;supply_node;3863.00;9.65;1126.00;3.70;0
22;supply_node;3571.00;9.50;1135.00;0.64;0
22;bunker;3809.00;9.70;1361.00;5.42;0
22;bunker;3654.00;12.82;1357.00;4.23;0
22;bunker;3677.00;10.88;1316.00;5.67;0
22;bunker;3658.00;12.50;1130.00;3.91;0
22;bunker;3676.00;11.62;1302.00;1.66;0
22;bunker;3756.00;9.80;1369.00;6.26;0
22;bunker;3566.00;14.05;1395.00;1.54;0
22;bunker;3857.00;10.05;1341.00;4.36;0
22;bunker;3644.00;10.93;1281.00;1.91;0
22;bunker;3671.00;11.10;1170.00;4.71;0
22;bunker;3646.00;12.18;1201.00;4.96;0
22;bunker;3673.00;12.25;1244.00;4.86;0
22;bunker;3680.00;10.55;1279.00;1.95;0
22;bunker;3586.00;9.55;1296.00;4.58;0
22;bunker;3881.00;10.18;1411.00;5.11;0
22;bunker;3614.00;10.05;1278.00;4.61;0
22;bunker;3582.00;9.78;1329.00;3.88;0
22;bunker;3567.00;10.12;1354.00;0.43;0
22;bunker;3641.00;9.80;1495.00;5.30;0
22;bunker;3565.00;9.95;1302.00;2.23;0
22;bunker;3866.00;9.65;1146.00;3.08;0
22;bunker;3596.00;9.50;843.00;0.48;0
22;bunker;3882.00;9.60;1068.00;5.38;0
22;bunker;3863.00;9.62;1125.00;2.66;0
22;bunker;3571.00;9.93;1133.00;6.06;0
22;bunker;3838.00;9.53;1316.00;1.00;0
22;coastal_bunker;3549.00;9.50;1331.00;-1.34;0
22;coastal_bunker;3583.00;9.60;1311.00;-1.95;0
22;coastal_bunker;3536.00;9.50;1311.00;-1.11;0
22;coastal_bunker;3688.00;9.93;1171.00;1.48;0
22;coastal_bunker;3667.00;9.50;1102.00;0.84;0
22;coastal_bunker;3801.00;9.53;1320.00;0.61;0
22;coastal_bunker;3765.00;9.50;1276.00;0.89;0
22;coastal_bunker;3844.00;9.60;1324.00;-0.09;0
22;coastal_bunker;3597.00;9.50;1208.00;-1.17;0
22;coastal_bunker;3744.00;9.50;1253.00;-4.69;0
22;coastal_bunker;3868.00;9.53;1169.00;1.57;0
22;coastal_bunker;3690.00;10.15;1210.00;1.42;0
22;coastal_bunker;3882.00;9.57;1069.00;1.57;0
22;coastal_bunker;3838.00;9.50;1315.00;-3.93;0
22;coastal_bunker;3585.00;9.50;1319.00;-1.02;0
22;coastal_bunker;3597.00;9.50;843.00;-1.57;0
22;coastal_bunker;3570.00;9.50;1132.00;-1.57;0
22;coastal_bunker;3864.00;9.50;1124.00;-1.57;0
22;stronghold_network;3725.00;9.80;1383.00;6.07;0
22;dockyard;3724.00;9.50;1235.00;0.17;0
22;anti_air_building;3628.00;9.80;1480.00;4.76;0
22;anti_air_building;3657.00;14.18;1330.00;2.99;0
22;anti_air_building;3595.00;9.65;1224.00;4.48;0
22;synthetic_refinery;3710.00;9.93;1387.00;5.92;0
22;fuel_silo;3665.00;11.82;1268.00;4.01;0
22;radar_station;3690.00;9.88;1170.00;5.77;0
22;naval_supply_hub;3778.00;9.53;1284.00;0.89;0
22;naval_supply_hub;3607.00;9.50;1184.00;-1.17;0
22;naval_supply_hub;3840.00;9.55;1320.00;-3.93;0
22;naval_supply_hub;3624.00;9.50;1141.00;-1.14;0
22;naval_supply_hub;3754.00;9.50;1266.00;-4.69;0
22;naval_supply_hub;3597.00;9.50;844.00;-1.57;0
22;naval_supply_hub;3571.00;10.00;1134.00;-1.57;0
22;naval_supply_hub;3690.00;9.62;1209.00;1.42;0
22;naval_supply_hub;3686.00;10.10;1200.00;1.48;0
22;naval_supply_hub;3839.00;9.50;1331.00;-0.09;0
22;naval_supply_hub;3572.00;9.73;1311.00;-1.11;0
22;naval_supply_hub;3534.00;9.50;1328.00;-1.34;0
22;naval_supply_hub;3815.00;9.50;1310.00;0.61;0
22;naval_supply_hub;3867.00;9.50;1161.00;1.57;0
22;naval_supply_hub;3882.00;9.50;1063.00;1.57;0
22;naval_supply_hub;3583.00;9.60;1303.00;-1.95;0
22;naval_supply_hub;3863.00;9.50;1124.00;-1.57;0
22;naval_supply_hub;3583.00;9.50;1319.00;-1.02;0
22;naval_headquarters;3593.00;9.50;1218.00;-1.17;0
22;naval_headquarters;3845.00;9.60;1326.00;-0.09;0
22;naval_headquarters;3585.00;9.60;1306.00;-1.95;0
22;naval_headquarters;3869.00;9.57;1169.00;1.57;0
22;naval_headquarters;3648.00;9.50;1085.00;-1.14;0
22;naval_headquarters;3768.00;9.50;1276.00;0.89;0
22;naval_headquarters;3832.00;9.53;1312.00;0.61;0
22;naval_headquarters;3530.00;9.50;1318.00;-1.11;0
22;naval_headquarters;3703.00;10.20;1217.00;0.17;0
22;naval_headquarters;3683.00;10.07;1135.00;1.48;0
22;naval_headquarters;3690.00;10.15;1210.00;1.42;0
22;naval_headquarters;3534.00;9.50;1328.00;-1.34;0
22;naval_headquarters;3598.00;9.50;842.00;-1.57;0
22;naval_headquarters;3838.00;9.50;1320.00;-3.93;0
22;naval_headquarters;3549.00;9.50;1328.00;-1.02;0
22;naval_headquarters;3880.00;9.50;1067.00;1.57;0
22;naval_headquarters;3864.00;9.50;1124.00;-1.57;0
22;naval_headquarters;3571.00;9.93;1133.00;-1.57;0
22;nuclear_reactor_spawn;3623.00;10.10;1234.00;5.73;0
22;special_project_facility_spawn;3590.00;11.43;1369.00;1.49;0
22;special_project_facility_spawn;3608.00;9.90;1252.00;3.28;0
22;special_project_facility_spawn;3602.00;10.10;1306.00;3.40;0
22;special_project_facility_spawn;3636.00;11.75;1154.00;0.47;0
22;special_project_facility_spawn;3654.00;9.93;1409.00;1.82;0
22;special_project_facility_spawn;3816.00;9.80;1357.00;3.00;0
22;special_project_facility_spawn;3678.00;11.03;1347.00;5.79;0
22;special_project_facility_spawn;3725.00;9.80;1308.00;0.55;0
22;special_project_facility_spawn;3680.00;12.45;1209.00;0.79;0
22;special_project_facility_spawn;3754.00;10.30;1386.00;0.89;0
22;special_project_facility_spawn;3641.00;9.90;1458.00;5.31;0
22;special_project_facility_spawn;3854.00;10.15;1373.00;4.77;0
22;special_project_facility_spawn;3714.00;10.18;1253.00;3.99;0
22;special_project_facility_spawn;3628.00;12.85;1323.00;1.80;0
22;special_project_facility_spawn;3610.00;10.05;1345.00;2.69;0
22;special_project_facility_spawn;3586.00;9.60;1274.00;1.66;0
22;special_project_facility_spawn;3570.00;9.75;1319.00;3.55;0
22;special_project_facility_spawn;3660.00;12.65;1266.00;2.24;0
22;special_project_facility_spawn;3651.00;10.70;1102.00;5.64;0
22;special_project_facility_spawn;3903.00;10.38;1409.00;1.30;0
22;special_project_facility_spawn;3869.00;9.60;1159.00;4.74;0
22;special_project_facility_spawn;3839.00;9.55;1320.00;1.10;0
22;special_project_facility_spawn;3597.00;9.50;844.00;5.56;0
22;special_project_facility_spawn;3882.00;9.60;1068.00;0.73;0
22;special_project_facility_spawn;3571.00;9.93;1133.00;4.14;0
22;special_project_facility_spawn;3863.00;9.62;1125.00;2.05;0
22;rocket_site_spawn;3560.00;14.65;1386.00;1.41;0
22;floating_harbor;3697.92;9.50;1207.94;-1.72;43
22;floating_harbor;3522.00;9.50;1248.00;-3.27;59
22;floating_harbor;3838.00;9.50;1207.00;-2.93;154
22;floating_harbor;3522.00;9.50;1248.00;-3.63;224
22;floating_harbor;3848.39;9.50;1312.03;-3.23;285
22;floating_harbor;3776.42;9.50;1277.58;-2.26;373
22;floating_harbor;3692.97;9.50;1159.34;-1.67;453
22;floating_harbor;3626.64;9.50;1112.07;-4.28;486
22;floating_harbor;3589.57;9.50;1213.24;-4.31;536
22;floating_harbor;3577.50;9.50;1295.60;1.19;541
22;floating_harbor;3717.15;9.50;1219.10;-2.98;649
22;floating_harbor;3522.00;9.50;1248.00;-3.83;654
22;floating_harbor;3875.00;9.50;1156.00;-1.57;1661
22;floating_harbor;3838.00;9.50;1207.00;-3.14;1823
22;floating_harbor;3889.00;9.50;1066.00;-1.57;1906
22;floating_harbor;3531.00;9.50;876.00;1.09;2033
22;floating_harbor;3838.00;9.50;1207.00;0.30;2037
22;floating_harbor;3605.00;9.50;1040.00;-2.80;2228
23;arms_factory;3547.00;11.80;1688.00;5.70;0
23;arms_factory;3573.00;11.98;1825.00;2.88;0
23;arms_factory;3486.00;11.75;1697.00;4.11;0
23;arms_factory;3537.00;12.98;1860.00;0.72;0
23;arms_factory;3446.00;10.40;1763.00;5.33;0
23;arms_factory;3618.00;11.95;1855.00;1.90;0
23;industrial_complex;3745.00;13.57;1815.00;2.69;0
23;industrial_complex;3573.00;11.88;1658.00;2.58;0
23;industrial_complex;3522.00;11.00;1754.00;0.66;0
23;industrial_complex;3471.00;10.82;1701.00;4.36;0
23;industrial_complex;3514.00;10.70;1816.00;2.76;0
23;industrial_complex;3612.00;11.62;1773.00;4.75;0
23;air_base;3665.00;10.12;1762.00;2.65;0
23;supply_node;3570.00;11.50;1784.00;3.83;0
23;bunker;3424.00;11.93;1858.00;5.77;0
23;stronghold_network;3705.00;12.25;1826.00;5.98;0
23;anti_air_building;3503.00;11.60;1648.00;2.82;0
23;anti_air_building;3564.00;12.68;1845.00;1.58;0
23;anti_air_building;3674.00;12.60;1724.00;1.47;0
23;synthetic_refinery;3615.00;11.38;1780.00;5.43;0
23;fuel_silo;3618.00;15.40;1688.00;6.27;0
23;radar_station;3596.00;11.38;1778.00;3.14;0
23;nuclear_reactor_spawn;3436.00;10.30;1763.00;5.10;0
23;special_project_facility_spawn;3501.00;10.60;1817.00;1.19;0
23;rocket_site_spawn;3589.00;11.05;1736.00;1.14;0
24;arms_factory;2843.00;10.60;1693.00;4.11;0
24;arms_factory;2859.00;10.45;1700.00;0.72;0
24;arms_factory;2833.00;10.35;1706.00;5.33;0
24;arms_factory;2830.00;10.40;1706.00;1.90;0
24;arms_factory;2861.00;10.18;1716.00;2.69;0
24;arms_factory;2849.00;10.18;1715.00;2.58;0
24;industrial_complex;2863.00;10.20;1715.00;0.66;0
24;industrial_complex;2853.00;10.10;1718.00;4.36;0
24;industrial_complex;2838.00;10.48;1698.00;2.76;0
24;industrial_complex;2840.00;10.65;1693.00;4.75;0
24;industrial_complex;2854.00;10.10;1719.00;2.65;0
24;industrial_complex;2861.00;10.32;1695.00;5.84;0
24;air_base;2843.00;10.40;1706.00;5.77;0
24;supply_node;2848.00;10.62;1703.00;4.26;0
24;bunker;2846.00;10.75;1689.00;2.82;0
24;stronghold_network;2851.00;10.50;1692.00;1.58;0
24;anti_air_building;2857.00;10.50;1707.00;1.47;0
24;anti_air_building;2836.00;10.12;1712.00;5.43;0
24;anti_air_building;2847.00;10.68;1703.00;6.27;0
24;synthetic_refinery;2831.00;10.40;1703.00;4.58;0
24;fuel_silo;2824.00;10.35;1715.00;5.10;0
24;radar_station;2848.00;10.73;1702.00;2.90;0
24;nuclear_reactor_spawn;2837.00;10.48;1698.00;1.14;0
24;special_project_facility_spawn;2866.00;10.50;1690.00;0.47;0
24;rocket_site_spawn;2859.00;10.38;1690.00;3.81;0
25;arms_factory;1333.00;10.53;1675.00;5.33;0
25;arms_factory;1378.00;9.98;1659.00;1.90;0
25;arms_factory;1303.00;11.18;1618.00;2.69;0
25;arms_factory;1332.00;10.45;1717.00;2.58;0
25;arms_factory;1279.00;11.75;1654.00;0.66;0
25;arms_factory;1366.00;9.90;1627.00;4.36;0
25;industrial_complex;1294.00;11.15;1760.00;2.76;0
25;industrial_complex;1256.00;11.68;1728.00;4.75;0
25;industrial_complex;1283.00;11.30;1690.00;2.65;0
25;industrial_complex;1220.00;12.23;1764.00;5.84;0
25;industrial_complex;1354.00;10.10;1714.00;5.77;0
25;industrial_complex;1293.00;11.23;1606.00;5.98;0
25;air_base;1291.00;11.73;1653.00;2.82;0
25;supply_node;1368.00;9.95;1651.00;0.75;0
25;supply_node;1330.00;10.35;1625.00;3.70;0
25;supply_node;1394.00;10.05;1668.00;5.46;0
25;supply_node;1274.00;10.90;1742.00;5.54;0
25;supply_node;1339.00;10.03;1639.00;3.14;0
25;supply_node;1281.00;11.45;1614.00;0.80;0
25;supply_node;1351.00;10.35;1717.00;2.90;0
25;supply_node;1275.00;11.73;1650.00;1.25;0
25;supply_node;1304.00;11.18;1618.00;4.17;0
25;supply_node;1329.00;10.30;1657.00;3.55;0
25;supply_node;1312.00;10.93;1647.00;1.14;0
25;supply_node;1289.00;9.50;1799.00;3.69;0
25;supply_node;1336.00;9.50;1753.00;5.76;0
25;bunker;1391.00;10.18;1648.00;3.08;0
25;bunker;1327.00;10.78;1674.00;5.74;0
25;bunker;1371.00;9.60;1687.00;3.77;0
25;bunker;1314.00;10.90;1636.00;4.16;0
25;bunker;1329.00;10.30;1651.00;2.14;0
25;bunker;1287.00;11.55;1632.00;4.83;0
25;bunker;1384.00;9.68;1672.00;4.57;0
25;bunker;1301.00;11.18;1619.00;5.42;0
25;bunker;1284.00;11.10;1602.00;4.23;0
25;bunker;1330.00;10.30;1632.00;5.67;0
25;bunker;1294.00;9.82;1802.00;3.91;0
25;bunker;1343.00;9.90;1638.00;1.66;0
25;bunker;1335.00;9.50;1752.00;6.26;0
25;stronghold_network;1245.00;11.30;1732.00;1.54;0
25;anti_air_building;1333.00;10.50;1711.00;4.36;0
25;anti_air_building;1367.00;10.10;1660.00;1.91;0
25;anti_air_building;1287.00;10.90;1731.00;4.71;0
25;synthetic_refinery;1292.00;11.78;1648.00;4.96;0
25;fuel_silo;1394.00;10.03;1646.00;4.86;0
25;radar_station;1304.00;9.80;1704.00;3.99;0
25;nuclear_reactor_spawn;1299.00;10.90;1752.00;4.58;0
25;special_project_facility_spawn;1247.00;11.45;1766.00;5.11;0
25;special_project_facility_spawn;1350.00;10.00;1647.00;4.61;0
25;special_project_facility_spawn;1330.00;9.85;1733.00;3.88;0
25;special_project_facility_spawn;1255.00;11.05;1648.00;0.43;0
25;special_project_facility_spawn;1334.00;10.38;1666.00;5.30;0
25;special_project_facility_spawn;1329.00;10.60;1612.00;2.23;0
25;special_project_facility_spawn;1403.00;10.20;1663.00;3.08;0
25;special_project_facility_spawn;1314.00;10.82;1644.00;0.48;0
25;special_project_facility_spawn;1346.00;9.93;1633.00;5.38;0
25;special_project_facility_spawn;1313.00;10.82;1613.00;2.66;0
25;special_project_facility_spawn;1280.00;11.48;1616.00;6.06;0
25;special_project_facility_spawn;1336.00;9.50;1754.00;1.00;0
25;special_project_facility_spawn;1287.00;9.82;1798.00;0.25;0
25;rocket_site_spawn;1319.00;10.60;1649.00;3.06;0
26;arms_factory;1144.00;10.50;1625.00;2.69;0
26;arms_factory;1056.00;13.30;1757.00;2.58;0
26;arms_factory;1175.00;10.10;1715.00;0.66;0
26;arms_factory;1050.00;13.88;1757.00;4.36;0
26;arms_factory;1082.00;10.10;1608.00;2.76;0
26;arms_factory;1111.00;10.65;1694.00;4.75;0
26;industrial_complex;1093.00;11.15;1724.00;2.65;0
26;industrial_complex;1010.00;11.07;1684.00;5.84;0
26;industrial_complex;1074.00;10.88;1715.00;5.77;0
26;industrial_complex;1055.00;12.57;1738.00;5.98;0
26;industrial_complex;1067.00;12.70;1791.00;2.82;0
26;industrial_complex;1086.00;12.28;1805.00;1.58;0
26;air_base;948.00;11.40;1797.00;1.47;0
26;supply_node;1137.00;10.20;1607.00;5.46;0
26;supply_node;1025.00;12.50;1762.00;5.54;0
26;supply_node;1027.00;10.80;1665.00;3.14;0
26;supply_node;1117.00;10.00;1665.00;0.80;0
26;supply_node;1040.00;10.20;1610.00;2.90;0
26;supply_node;1191.00;10.40;1609.00;1.25;0
26;supply_node;1172.00;10.00;1643.00;4.17;0
26;supply_node;1149.00;11.60;1778.00;3.55;0
26;bunker;1109.00;12.03;1713.00;3.38;0
26;bunker;1028.00;11.03;1716.00;0.28;0
26;bunker;1122.00;10.30;1597.00;2.07;0
26;bunker;1011.00;11.00;1650.00;3.08;0
26;bunker;1174.00;10.00;1650.00;5.74;0
26;bunker;1160.00;11.40;1795.00;3.77;0
26;bunker;1043.00;9.98;1626.00;4.16;0
26;bunker;1193.00;10.45;1606.00;2.14;0
26;stronghold_network;1068.00;12.62;1789.00;4.83;0
26;anti_air_building;1173.00;10.23;1620.00;4.57;0
26;anti_air_building;1012.00;10.90;1636.00;5.42;0
26;anti_air_building;1045.00;13.53;1749.00;4.23;0
26;synthetic_refinery;1033.00;10.20;1615.00;5.67;0
26;fuel_silo;1053.00;10.10;1594.00;3.91;0
26;radar_station;1057.00;11.03;1706.00;4.23;0
26;nuclear_reactor_spawn;1152.00;11.53;1820.00;6.26;0
26;special_project_facility_spawn;1131.00;10.00;1677.00;1.54;0
26;special_project_facility_spawn;1158.00;11.45;1789.00;4.36;0
26;special_project_facility_spawn;1011.00;11.35;1694.00;1.91;0
26;special_project_facility_spawn;1044.00;10.40;1669.00;4.71;0
26;special_project_facility_spawn;1053.00;10.10;1601.00;4.96;0
26;special_project_facility_spawn;1179.00;10.10;1649.00;4.86;0
26;special_project_facility_spawn;1187.00;10.12;1627.00;1.95;0
26;special_project_facility_spawn;1135.00;10.30;1615.00;4.58;0
26;rocket_site_spawn;1110.00;10.10;1673.00;5.11;0
27;arms_factory;3121.00;10.38;1495.00;0.66;0
27;arms_factory;3125.00;10.30;1494.00;4.36;0
27;arms_factory;3153.00;10.75;1504.00;2.76;0
27;arms_factory;3124.00;10.03;1522.00;4.75;0
27;arms_factory;3124.00;10.10;1512.00;2.65;0
27;arms_factory;3154.00;11.20;1488.00;5.84;0
27;industrial_complex;3167.00;13.62;1488.00;5.77;0
27;industrial_complex;3059.00;9.57;1467.00;5.98;0
27;industrial_complex;3189.00;10.93;1481.00;2.82;0
27;industrial_complex;3166.00;11.03;1508.00;1.58;0
27;industrial_complex;3157.00;11.05;1482.00;1.47;0
27;industrial_complex;3133.00;9.90;1524.00;5.43;0
27;air_base;3142.00;9.95;1522.00;6.27;0
27;supply_node;3110.00;10.38;1493.00;3.14;0
27;supply_node;3210.00;11.50;1468.00;0.80;0
27;supply_node;3181.00;12.82;1485.00;2.90;0
27;bunker;3125.00;10.20;1510.00;1.14;0
27;bunker;3167.00;10.88;1509.00;0.47;0
27;bunker;3200.00;10.75;1470.00;3.81;0
27;coastal_bunker;3233.00;9.50;1452.00;0.97;0
27;coastal_bunker;3047.00;9.50;1441.00;-0.89;0
27;stronghold_network;3171.00;10.68;1516.00;2.07;0
27;dockyard;3232.00;9.73;1452.00;0.97;0
27;anti_air_building;3223.00;10.85;1472.00;5.74;0
27;anti_air_building;3136.00;9.80;1542.00;3.77;0
27;anti_air_building;3204.00;10.00;1498.00;4.16;0
27;synthetic_refinery;3189.00;9.98;1508.00;2.14;0
27;fuel_silo;3190.00;10.90;1483.00;4.83;0
27;radar_station;3142.00;10.38;1490.00;0.64;0
27;naval_supply_hub;3236.00;9.50;1451.00;0.97;0
27;naval_supply_hub;3047.00;9.50;1442.00;-0.89;0
27;naval_headquarters;3047.00;9.50;1443.00;-0.89;0
27;naval_headquarters;3234.00;9.50;1452.00;0.97;0
27;nuclear_reactor_spawn;3057.00;9.50;1481.00;1.66;0
27;special_project_facility_spawn;3199.00;10.93;1451.00;6.26;0
27;special_project_facility_spawn;3203.00;11.82;1462.00;1.54;0
27;special_project_facility_spawn;3105.00;10.32;1498.00;4.36;0
27;rocket_site_spawn;3065.00;9.75;1484.00;1.91;0
27;floating_harbor;3087.00;9.50;1309.00;-2.85;99
27;floating_harbor;3240.79;9.50;1447.06;-2.17;475
28;arms_factory;3125.00;9.93;1529.00;2.76;0
28;arms_factory;3056.00;9.60;1519.00;4.75;0
28;arms_factory;3097.00;10.07;1516.00;2.65;0
28;arms_factory;3096.00;10.10;1515.00;5.84;0
28;arms_factory;3125.00;9.90;1536.00;5.77;0
28;arms_factory;3069.00;10.15;1514.00;5.98;0
28;industrial_complex;3086.00;10.05;1537.00;2.82;0
28;industrial_complex;3119.00;9.90;1539.00;1.58;0
28;industrial_complex;3114.00;9.98;1528.00;1.47;0
28;industrial_complex;3104.00;10.00;1516.00;5.43;0
28;industrial_complex;3108.00;9.93;1520.00;6.27;0
28;industrial_complex;3063.00;9.70;1528.00;4.58;0
28;air_base;3123.00;9.90;1533.00;5.10;0
28;supply_node;3088.00;10.12;1523.00;2.90;0
28;bunker;3088.00;10.28;1534.00;1.14;0
28;coastal_bunker;3060.00;9.62;1552.00;-1.82;0
28;stronghold_network;3067.00;9.90;1539.00;3.81;0
28;dockyard;3055.00;9.50;1519.00;-1.82;0
28;anti_air_building;3058.00;9.68;1515.00;0.28;0
28;anti_air_building;3062.00;9.85;1510.00;2.07;0
28;anti_air_building;3131.00;9.90;1543.00;3.08;0
28;synthetic_refinery;3086.00;10.28;1532.00;5.74;0
28;fuel_silo;3123.00;9.90;1547.00;3.77;0
28;radar_station;3093.00;10.28;1524.00;0.13;0
28;naval_supply_hub;3062.00;9.62;1530.00;-1.82;0
28;naval_headquarters;3051.00;9.53;1507.00;-1.82;0
28;nuclear_reactor_spawn;3088.00;10.03;1511.00;4.57;0
28;special_project_facility_spawn;3058.00;9.68;1519.00;5.42;0
28;rocket_site_spawn;3084.00;10.15;1528.00;4.23;0
28;floating_harbor;3050.22;9.50;1532.75;1.32;47
29;arms_factory;2982.00;10.40;1599.00;2.65;0
29;arms_factory;3077.00;10.30;1568.00;5.84;0
29;arms_factory;3158.00;9.60;1651.00;5.77;0
29;arms_factory;2999.00;10.55;1579.00;5.98;0
29;arms_factory;3050.00;10.32;1583.00;2.82;0
29;arms_factory;3197.00;10.00;1540.00;1.58;0
29;industrial_complex;3140.00;9.62;1566.00;1.47;0
29;industrial_complex;3109.00;10.10;1615.00;5.43;0
29;industrial_complex;3129.00;9.90;1642.00;6.27;0
29;industrial_complex;3087.00;9.90;1606.00;4.58;0
29;industrial_complex;3126.00;9.70;1578.00;5.10;0
29;industrial_complex;3020.00;10.45;1589.00;1.19;0
29;air_base;2927.00;9.70;1599.00;1.14;0
29;supply_node;3126.00;9.70;1576.00;4.17;0
29;supply_node;2952.00;10.88;1619.00;3.55;0
29;supply_node;2957.00;10.88;1586.00;1.14;0
29;supply_node;3033.00;9.80;1646.00;3.69;0
29;supply_node;2975.00;10.78;1633.00;5.76;0
29;supply_node;3087.00;9.90;1620.00;3.24;0
29;supply_node;3003.00;10.50;1576.00;5.94;0
29;bunker;3016.00;10.25;1593.00;3.77;0
29;bunker;2999.00;9.88;1596.00;4.16;0
29;bunker;3118.00;9.90;1626.00;2.14;0
29;bunker;2941.00;10.05;1596.00;4.83;0
29;bunker;2943.00;11.10;1618.00;4.57;0
29;bunker;3031.00;9.85;1634.00;5.42;0
29;bunker;2985.00;11.48;1583.00;4.23;0
29;coastal_bunker;2983.00;9.65;1653.00;-1.98;0
29;coastal_bunker;2934.00;9.80;1622.00;-2.20;0
29;coastal_bunker;3037.00;9.60;1667.00;-3.63;0
29;coastal_bunker;2925.00;9.50;1598.00;-1.51;0
29;coastal_bunker;3111.00;9.60;1652.00;-3.78;0
29;coastal_bunker;2997.00;9.50;1571.00;-0.20;0
29;coastal_bunker;3034.00;9.62;1564.00;-1.46;0
29;stronghold_network;3146.00;9.70;1557.00;4.71;0
29;dockyard;2942.00;9.50;1576.00;-1.51;0
29;anti_air_building;3062.00;10.07;1584.00;4.86;0
29;anti_air_building;3025.00;9.80;1653.00;1.95;0
29;anti_air_building;2977.00;11.15;1602.00;4.58;0
29;synthetic_refinery;2948.00;10.80;1629.00;5.11;0
29;fuel_silo;3065.00;9.80;1633.00;4.61;0
29;radar_station;3063.00;10.28;1600.00;5.97;0
29;naval_supply_hub;2925.00;9.50;1598.00;-1.51;0
29;naval_supply_hub;2978.00;9.50;1562.00;-0.20;0
29;naval_supply_hub;2973.00;9.50;1646.00;-1.98;0
29;naval_supply_hub;3074.00;9.62;1656.00;-3.63;0
29;naval_supply_hub;3121.00;9.50;1649.00;-3.78;0
29;naval_supply_hub;3040.00;9.60;1572.00;-1.46;0
29;naval_supply_hub;2935.00;9.50;1612.00;-2.20;0
29;naval_headquarters;2956.00;9.50;1651.00;-1.98;0
29;naval_headquarters;3011.00;9.50;1561.00;-0.20;0
29;naval_headquarters;2953.00;9.68;1574.00;-1.51;0
29;naval_headquarters;3037.00;9.60;1667.00;-3.63;0
29;naval_headquarters;3053.00;9.62;1569.00;-1.46;0
29;naval_headquarters;2934.00;9.50;1623.00;-2.20;0
29;naval_headquarters;3101.00;9.57;1649.00;-3.78;0
29;nuclear_reactor_spawn;3148.00;9.50;1613.00;2.14;0
29;special_project_facility_spawn;3135.00;9.60;1593.00;0.57;0
29;special_project_facility_spawn;2969.00;11.35;1604.00;0.59;0
29;special_project_facility_spawn;3115.00;10.05;1610.00;5.48;0
29;special_project_facility_spawn;2979.00;11.88;1609.00;3.83;0
29;special_project_facility_spawn;2991.00;11.00;1585.00;3.05;0
29;special_project_facility_spawn;3022.00;9.80;1642.00;0.85;0
29;special_project_facility_spawn;2975.00;11.62;1588.00;3.84;0
29;rocket_site_spawn;2959.00;10.98;1603.00;4.14;0
29;floating_harbor;3045.04;9.50;1567.25;-4.60;53
29;floating_harbor;2908.00;9.50;1624.00;-4.51;76
29;floating_harbor;2933.01;9.50;1584.59;-4.65;113
29;floating_harbor;3045.28;9.50;1669.19;-0.49;176
29;floating_harbor;2908.00;9.50;1624.00;-4.07;183
29;floating_harbor;3114.17;9.50;1656.62;-0.64;657
29;floating_harbor;2999.63;9.50;1559.14;-3.34;659
30;arms_factory;2460.00;9.82;1686.00;5.77;0
30;arms_factory;2511.00;18.75;1583.00;5.98;0
30;arms_factory;2442.00;9.80;1689.00;2.82;0
30;arms_factory;2483.00;10.32;1615.00;1.58;0
30;arms_factory;2492.00;10.75;1579.00;1.47;0
30;arms_factory;2455.00;10.43;1591.00;5.43;0
30;industrial_complex;2478.00;9.53;1694.00;6.27;0
30;industrial_complex;2471.00;10.43;1666.00;4.58;0
30;industrial_complex;2462.00;9.90;1610.00;5.10;0
30;industrial_complex;2469.00;10.25;1669.00;1.19;0
30;industrial_complex;2541.00;9.80;1690.00;1.14;0
30;industrial_complex;2471.00;10.20;1599.00;0.47;0
30;air_base;2528.00;9.78;1670.00;3.81;0
30;supply_node;2500.00;11.95;1640.00;1.14;0
30;supply_node;2592.00;9.98;1624.00;3.69;0
30;supply_node;2608.00;9.50;1630.00;5.76;0
30;supply_node;2570.00;10.03;1612.00;3.24;0
30;bunker;2531.00;10.32;1645.00;5.74;0
30;bunker;2570.00;10.03;1612.00;3.77;0
30;bunker;2593.00;10.20;1624.00;4.16;0
30;bunker;2609.00;9.95;1631.00;2.14;0
30;coastal_bunker;2587.00;9.82;1624.00;-1.57;0
30;coastal_bunker;2465.00;9.50;1562.00;-2.51;0
30;coastal_bunker;2611.00;9.98;1631.00;-3.14;0
30;coastal_bunker;2571.00;10.05;1612.00;-1.57;0
30;stronghold_network;2517.00;9.70;1676.00;5.67;0
30;dockyard;2565.00;9.50;1652.00;1.26;0
30;anti_air_building;2535.00;10.85;1634.00;1.66;0
30;anti_air_building;2485.00;10.57;1590.00;6.26;0
30;anti_air_building;2464.00;10.28;1596.00;1.54;0
30;synthetic_refinery;2553.00;9.60;1662.00;4.36;0
30;fuel_silo;2529.00;13.48;1607.00;1.91;0
30;radar_station;2516.00;11.85;1631.00;2.53;0
30;naval_supply_hub;2549.00;9.90;1611.00;1.26;0
30;naval_supply_hub;2589.00;9.78;1627.00;-1.57;0
30;naval_supply_hub;2607.00;9.78;1632.00;-3.14;0
30;naval_supply_hub;2569.00;9.62;1613.00;-1.57;0
30;naval_headquarters;2425.00;9.50;1674.00;-2.51;0
30;naval_headquarters;2570.00;10.07;1613.00;-1.57;0
30;naval_headquarters;2610.00;9.98;1632.00;-3.14;0
30;naval_headquarters;2594.00;9.93;1627.00;-1.57;0
30;nuclear_reactor_spawn;2530.00;11.80;1623.00;5.30;0
30;special_project_facility_spawn;2550.00;9.93;1636.00;2.23;0
30;special_project_facility_spawn;2570.00;10.03;1612.00;3.08;0
30;special_project_facility_spawn;2592.00;9.98;1624.00;0.48;0
30;special_project_facility_spawn;2610.00;9.95;1630.00;5.38;0
30;rocket_site_spawn;2533.00;13.05;1616.00;2.66;0
30;floating_harbor;2559.67;9.50;1620.86;-1.88;650
30;floating_harbor;2636.00;9.50;1621.00;-1.64;1682
30;floating_harbor;2608.00;9.50;1638.00;0.00;1896
30;floating_harbor;2636.00;9.50;1621.00;-1.44;1937
31;arms_factory;2574.00;9.50;1826.00;2.82;0
31;arms_factory;2604.00;13.20;1735.00;1.58;0
31;arms_factory;2605.00;13.60;1734.00;1.47;0
31;arms_factory;2569.00;9.78;1802.00;5.43;0
31;arms_factory;2557.00;12.50;1727.00;6.27;0
31;arms_factory;2582.00;9.98;1794.00;4.58;0
31;industrial_complex;2555.00;9.90;1760.00;5.10;0
31;industrial_complex;2622.00;13.68;1751.00;1.19;0
31;industrial_complex;2627.00;14.75;1745.00;1.14;0
31;industrial_complex;2564.00;9.78;1776.00;0.47;0
31;industrial_complex;2602.00;18.05;1719.00;3.81;0
31;industrial_complex;2593.00;12.68;1697.00;3.38;0
31;air_base;2589.00;10.30;1808.00;0.28;0
31;supply_node;2578.00;10.57;1766.00;5.76;0
31;supply_node;2584.00;12.00;1690.00;3.24;0
31;supply_node;2559.00;10.30;1705.00;5.94;0
31;bunker;2606.00;10.88;1802.00;3.77;0
31;bunker;2540.00;10.25;1718.00;4.16;0
31;bunker;2585.00;12.50;1697.00;2.14;0
31;coastal_bunker;2533.00;9.50;1743.00;-1.02;0
31;coastal_bunker;2535.00;9.50;1721.00;-2.13;0
31;coastal_bunker;2595.00;9.80;1691.00;1.47;0
31;stronghold_network;2555.00;9.50;1818.00;4.23;0
31;dockyard;2543.00;9.50;1810.00;-2.50;0
31;anti_air_building;2566.00;10.03;1760.00;3.91;0
31;anti_air_building;2567.00;9.78;1810.00;1.66;0
31;anti_air_building;2615.00;13.93;1743.00;6.26;0
31;synthetic_refinery;2557.00;10.00;1701.00;1.54;0
31;fuel_silo;2544.00;9.60;1760.00;4.36;0
31;radar_station;2577.00;10.70;1755.00;5.80;0
31;naval_supply_hub;2534.00;9.65;1716.00;-2.13;0
31;naval_supply_hub;2571.00;9.50;1827.00;-2.50;0
31;naval_supply_hub;2596.00;9.85;1692.00;1.47;0
31;naval_headquarters;2536.00;9.50;1747.00;-1.02;0
31;naval_headquarters;2534.00;9.65;1716.00;-2.13;0
31;naval_headquarters;2596.00;10.45;1693.00;1.47;0
31;nuclear_reactor_spawn;2550.00;10.20;1737.00;4.61;0
31;special_project_facility_spawn;2549.00;9.60;1772.00;3.88;0
31;special_project_facility_spawn;2556.00;10.10;1692.00;0.43;0
31;special_project_facility_spawn;2576.00;10.65;1693.00;5.30;0
31;rocket_site_spawn;2618.00;17.52;1728.00;2.23;0
31;floating_harbor;2531.02;9.50;1737.36;-4.16;21
31;floating_harbor;2600.97;9.50;1688.30;-1.67;166
31;floating_harbor;2529.06;9.50;1723.71;1.01;394
32;arms_factory;2895.00;11.07;1684.00;1.47;0
32;arms_factory;2884.00;10.78;1701.00;5.43;0
32;arms_factory;2901.00;11.48;1671.00;6.27;0
32;arms_factory;2891.00;11.82;1668.00;4.58;0
32;arms_factory;2900.00;11.73;1660.00;5.10;0
32;arms_factory;2926.00;10.78;1667.00;1.19;0
32;industrial_complex;2896.00;11.15;1691.00;1.14;0
32;industrial_complex;2893.00;12.00;1669.00;0.47;0
32;industrial_complex;2944.00;9.75;1686.00;3.81;0
32;industrial_complex;2898.00;10.93;1698.00;3.38;0
32;industrial_complex;2871.00;11.07;1656.00;0.28;0
32;industrial_complex;2896.00;11.00;1694.00;2.07;0
32;air_base;2888.00;11.95;1659.00;3.08;0
32;supply_node;2899.00;11.55;1677.00;5.94;0
32;supply_node;2900.00;9.70;1644.00;4.14;0
32;bunker;2923.00;10.00;1686.00;4.16;0
32;bunker;2901.00;10.05;1644.00;2.14;0
32;coastal_bunker;2942.00;9.50;1677.00;-4.55;0
32;coastal_bunker;2900.00;9.70;1644.00;1.57;0
32;stronghold_network;2862.00;10.38;1679.00;5.42;0
32;dockyard;2949.00;9.50;1694.00;-4.55;0
32;anti_air_building;2898.00;12.20;1660.00;5.67;0
32;anti_air_building;2895.00;12.25;1671.00;3.91;0
32;anti_air_building;2915.00;11.85;1660.00;1.66;0
32;synthetic_refinery;2927.00;10.32;1701.00;6.26;0
32;fuel_silo;2877.00;11.03;1689.00;1.54;0
32;radar_station;2901.00;11.40;1677.00;4.25;0
32;naval_supply_hub;2955.00;9.65;1698.00;-4.55;0
32;naval_supply_hub;2900.00;10.10;1645.00;1.57;0
32;naval_headquarters;2894.00;9.50;1646.00;-4.55;0
32;naval_headquarters;2900.00;9.70;1644.00;1.57;0
32;nuclear_reactor_spawn;2873.00;10.75;1683.00;1.95;0
32;special_project_facility_spawn;2887.00;10.93;1652.00;4.58;0
32;special_project_facility_spawn;2901.00;10.05;1644.00;5.11;0
32;rocket_site_spawn;2883.00;10.75;1691.00;4.61;0
32;floating_harbor;2953.90;9.50;1686.15;-1.41;281
32;floating_harbor;2908.00;9.50;1644.00;-1.57;2114
33;arms_factory;2691.00;14.65;941.00;6.27;0
33;arms_factory;2783.00;10.35;993.00;4.58;0
33;arms_factory;2856.00;10.62;1057.00;5.10;0
33;arms_factory;2855.00;11.23;909.00;1.19;0
33;arms_factory;2832.00;10.50;1049.00;1.14;0
33;arms_factory;2804.00;10.10;1036.00;0.47;0
33;industrial_complex;2771.00;10.35;1048.00;3.81;0
33;industrial_complex;2865.00;10.30;875.00;3.38;0
33;industrial_complex;2841.00;10.85;931.00;0.28;0
33;industrial_complex;2760.00;10.62;987.00;2.07;0
33;industrial_complex;2865.00;10.68;845.00;3.08;0
33;industrial_complex;2865.00;10.57;851.00;5.74;0
33;supply_node;2804.00;12.05;951.00;4.14;0
33;bunker;2851.00;12.43;950.00;4.16;0
33;coastal_bunker;2724.00;9.50;868.00;-0.79;0
33;stronghold_network;2843.00;10.35;866.00;4.83;0
33;dockyard;2724.00;9.50;867.00;-0.79;0
33;anti_air_building;2811.00;10.23;885.00;5.42;0
33;anti_air_building;2899.00;10.20;883.00;4.23;0
33;anti_air_building;2814.00;10.30;882.00;5.67;0
33;synthetic_refinery;2746.00;14.82;1022.00;3.91;0
33;fuel_silo;2865.00;10.60;842.00;1.66;0
33;radar_station;2804.00;11.98;961.00;4.77;0
33;naval_supply_hub;2725.00;9.55;872.00;-0.79;0
33;naval_headquarters;2725.00;9.55;872.00;-0.79;0
33;nuclear_reactor_spawn;2847.00;10.53;1070.00;1.91;0
33;special_project_facility_spawn;2899.00;10.30;872.00;4.71;0
33;rocket_site_spawn;2806.00;10.10;988.00;4.96;0
34;supply_node;3571.00;10.85;2289.00;0.80;0
34;supply_node;3933.00;12.70;2032.00;2.90;0
34;supply_node;4245.00;11.03;2283.00;1.25;0
34;supply_node;4367.00;12.43;2095.00;4.17;0
34;supply_node;4063.00;10.23;2330.00;3.55;0
34;supply_node;3460.00;11.55;2190.00;1.14;0
34;supply_node;4513.00;10.70;2075.00;3.69;0
34;supply_node;3737.00;10.30;2355.00;5.76;0
34;supply_node;4132.00;10.43;2417.00;3.24;0
34;supply_node;3540.00;14.78;2178.00;5.94;0
34;supply_node;4038.00;10.40;2092.00;4.14;0
34;supply_node;4751.00;10.03;2275.00;0.13;0
34;supply_node;3694.00;11.03;2251.00;6.25;0
34;supply_node;4069.00;9.75;2266.00;3.70;0
34;supply_node;4129.00;10.07;2240.00;0.64;0
34;supply_node;3451.00;10.10;1980.00;2.44;0
34;supply_node;4667.00;10.10;2306.00;3.50;0
34;supply_node;4592.00;9.90;2323.00;2.77;0
34;supply_node;4173.00;11.07;2326.00;5.67;0
34;supply_node;3653.00;10.00;2341.00;4.23;0
34;supply_node;4068.00;13.75;2151.00;4.77;0
34;supply_node;4356.00;14.50;2379.00;3.97;0
34;supply_node;3640.00;10.60;2209.00;4.25;0
34;supply_node;3990.00;9.62;2168.00;5.80;0
34;supply_node;4513.00;9.78;2330.00;2.53;0
34;supply_node;4575.00;10.40;2196.00;2.77;0
34;supply_node;3767.00;10.12;2293.00;3.72;0
34;supply_node;3564.00;10.15;2340.00;3.99;0
34;supply_node;3420.00;10.23;2127.00;4.44;0
34;supply_node;4470.00;9.68;2293.00;5.78;0
34;supply_node;4475.00;9.90;2338.00;4.63;0
34;supply_node;4210.00;9.90;2113.00;5.97;0
34;supply_node;4106.00;10.30;2386.00;3.59;0
34;supply_node;4706.00;9.70;2279.00;0.25;0
34;supply_node;4528.00;9.90;2142.00;0.32;0
34;supply_node;3524.00;11.68;2093.00;0.87;0
34;supply_node;4290.00;11.48;2273.00;1.41;0
34;supply_node;3516.00;12.05;2155.00;5.54;0
34;supply_node;4308.00;12.78;2321.00;2.69;0
34;supply_node;3565.00;12.62;2067.00;2.59;0
34;supply_node;3741.00;9.82;2403.00;3.21;0
34;supply_node;4403.00;13.85;2041.00;2.86;0
34;supply_node;4272.00;11.55;1991.00;4.05;0
34;supply_node;4664.00;14.50;2234.00;2.57;0
34;supply_node;3520.00;10.25;2299.00;5.45;0
34;supply_node;3583.00;10.43;1991.00;3.76;0
34;supply_node;3559.00;10.60;2303.00;4.27;0
34;supply_node;3523.00;10.00;2319.00;0.19;0
34;supply_node;4577.00;11.00;2160.00;2.25;0
34;supply_node;3930.00;10.23;2143.00;4.21;0
34;supply_node;3776.00;10.18;2198.00;1.76;0
34;supply_node;4703.00;10.05;2219.00;0.08;0
34;supply_node;4174.00;11.75;1865.00;4.61;0
34;supply_node;3891.00;9.73;2419.00;1.22;0
34;supply_node;4600.00;11.40;2222.00;4.91;0
34;supply_node;4055.00;9.70;2415.00;4.38;0
34;supply_node;4080.00;11.90;2198.00;3.18;0
34;supply_node;3676.00;9.90;2354.00;3.76;0
34;supply_node;4558.00;9.82;2365.00;5.48;0
34;supply_node;3948.00;9.60;2430.00;3.17;0
34;supply_node;3486.00;11.23;2168.00;6.22;0
34;supply_node;3877.00;9.80;2369.00;5.57;0
34;supply_node;4345.00;11.30;2261.00;4.10;0
34;supply_node;4277.00;11.07;2058.00;3.20;0
34;supply_node;4466.00;11.10;2097.00;2.23;0
34;supply_node;3687.00;10.12;2309.00;4.91;0
34;supply_node;3563.00;12.53;2240.00;5.77;0
34;supply_node;3626.00;10.32;2311.00;0.02;0
34;supply_node;3831.00;10.32;2235.00;0.36;0
34;supply_node;4362.00;10.57;2137.00;3.24;0
34;supply_node;4628.00;12.38;2238.00;1.27;0
34;supply_node;3533.00;9.90;2353.00;5.23;0
34;supply_node;4655.00;9.80;2345.00;1.38;0
34;supply_node;3750.00;11.32;2266.00;1.01;0
34;supply_node;4479.00;9.80;2207.00;0.97;0
34;supply_node;4595.00;12.03;2125.00;4.33;0
34;supply_node;4284.00;11.38;2353.00;1.01;0
34;supply_node;3747.00;10.43;2324.00;4.37;0
34;supply_node;3834.00;10.18;2390.00;5.71;0
34;supply_node;3502.00;11.80;2223.00;6.08;0
34;supply_node;4447.00;9.80;2339.00;2.91;0
34;supply_node;3466.00;10.68;2076.00;1.97;0
34;supply_node;4731.00;9.80;2317.00;0.09;0
34;supply_node;4030.00;11.05;2350.00;3.21;0
34;supply_node;4146.00;11.35;1994.00;4.49;0
34;supply_node;3586.00;13.80;2150.00;2.98;0
34;supply_node;3784.00;10.00;2329.00;1.85;0
34;supply_node;4394.00;10.00;2325.00;0.68;0
34;supply_node;3741.00;14.00;1937.00;3.84;0
34;supply_node;4679.00;9.80;2267.00;2.15;0
34;supply_node;3561.00;11.23;2276.00;4.60;0
34;supply_node;4374.00;12.85;1982.00;2.37;0
34;supply_node;4419.00;10.30;2151.00;1.29;0
34;supply_node;4540.00;9.60;2284.00;4.78;0
34;supply_node;3751.00;13.73;2246.00;5.30;0
34;supply_node;4382.00;10.00;2188.00;1.23;0
34;supply_node;3718.00;9.65;2304.00;5.04;0
34;supply_node;3796.00;9.80;2350.00;5.10;0
34;supply_node;3768.00;9.90;2397.00;2.20;0
34;supply_node;4185.00;10.48;2224.00;5.67;0
34;supply_node;4010.00;9.70;2421.00;3.48;0
34;supply_node;4549.00;9.80;2221.00;1.08;0
34;supply_node;3489.00;10.90;2125.00;4.48;0
34;supply_node;4295.00;10.85;2246.00;3.13;0
34;supply_node;3889.00;9.80;2272.00;3.10;0
34;supply_node;3977.00;9.78;2343.00;5.64;0
34;supply_node;4316.00;13.25;2276.00;3.89;0
34;supply_node;3703.00;10.00;2381.00;2.82;0
34;supply_node;4017.00;11.82;1902.00;5.55;0
34;supply_node;4627.00;12.30;2172.00;1.62;0
34;supply_node;3657.00;11.45;2103.00;0.31;0
34;supply_node;4243.00;10.20;2339.00;2.59;0
34;supply_node;4314.00;11.55;2376.00;5.01;0
34;supply_node;4006.00;10.10;2270.00;5.14;0
34;supply_node;3954.00;9.70;2246.00;2.86;0
34;supply_node;4783.00;9.70;2286.00;3.24;0
34;supply_node;4515.00;9.60;2236.00;3.25;0
34;supply_node;3777.00;9.85;2370.00;6.07;0
34;supply_node;4458.00;10.10;2158.00;4.21;0
34;supply_node;3613.00;9.88;2242.00;4.49;0
34;supply_node;4223.00;15.70;1912.00;4.24;0
34;supply_node;3931.00;9.70;2373.00;2.78;0
34;supply_node;4540.00;9.80;2349.00;2.16;0
34;supply_node;4607.00;11.85;2240.00;5.91;0
34;supply_node;3842.00;10.10;2055.00;5.56;0
34;supply_node;4640.00;10.78;2274.00;1.90;0
34;supply_node;3534.00;10.25;2265.00;5.70;0
34;supply_node;3521.00;10.75;2130.00;6.05;0
34;supply_node;4250.00;10.45;2208.00;2.06;0
34;supply_node;4313.00;10.43;2177.00;5.55;0
34;supply_node;4208.00;9.60;2377.00;6.09;0
34;supply_node;3808.00;10.03;2299.00;0.22;0
34;supply_node;4430.00;9.60;2267.00;2.69;0
34;supply_node;4389.00;9.90;2250.00;2.95;0
34;supply_node;4591.00;9.70;2364.00;4.05;0
34;supply_node;4022.00;11.00;2007.00;3.57;0
34;supply_node;3726.00;13.48;2149.00;0.78;0
34;supply_node;3895.00;9.80;2500.00;0.54;0
34;supply_node;4505.00;9.88;2427.00;3.46;0
34;supply_node;4555.00;9.85;2424.00;4.18;0
34;supply_node;3989.00;9.60;2476.00;4.63;0
34;supply_node;3996.00;9.55;2486.00;4.23;0
34;supply_node;4652.00;10.40;2421.00;1.30;0
34;supply_node;4544.00;9.50;2397.00;4.01;0
34;supply_node;4568.00;9.60;2395.00;5.80;0
34;supply_node;3619.00;9.75;2385.00;3.89;0
34;supply_node;4061.00;9.60;2471.00;4.43;0
34;supply_node;3661.00;9.70;2379.00;5.16;0
34;supply_node;4469.00;9.60;2427.00;3.45;0
34;supply_node;3622.00;9.50;2481.00;5.34;0
34;supply_node;3636.00;9.85;2368.00;4.49;0
34;supply_node;4472.00;9.55;2403.00;6.19;0
34;supply_node;3657.00;9.50;2501.00;1.06;0
34;supply_node;4495.00;9.50;2352.00;5.37;0
34;supply_node;3700.00;9.85;2423.00;0.66;0
34;supply_node;3716.00;9.62;2406.00;1.01;0
34;supply_node;3539.00;10.23;2206.00;4.58;0
34;supply_node;3706.00;9.50;2432.00;4.61;0
34;supply_node;3730.00;9.62;2316.00;2.97;0
34;supply_node;4096.00;9.78;1899.00;3.98;0
34;supply_node;3811.00;10.28;2456.00;1.21;0
34;supply_node;4073.00;9.50;1887.00;0.55;0
34;supply_node;3502.00;9.50;2282.00;2.30;0
34;supply_node;3803.00;10.30;2454.00;4.92;0
34;supply_node;3726.00;9.50;2303.00;0.46;0
34;supply_node;3657.00;9.50;2386.00;0.35;0
34;supply_node;3662.00;9.50;2411.00;0.35;0
34;bunker;3939.00;15.88;2029.00;3.52;0
34;bunker;4099.00;11.75;2171.00;0.58;0
34;bunker;3777.00;10.10;2170.00;2.41;0
34;bunker;4354.00;12.65;2017.00;4.71;0
34;bunker;4148.00;10.65;2062.00;5.47;0
34;bunker;4145.00;11.90;1865.00;3.65;0
34;bunker;4305.00;11.53;2377.00;3.75;0
34;bunker;3750.00;13.95;2072.00;1.18;0
34;bunker;3531.00;10.40;2278.00;3.57;0
34;bunker;4741.00;9.82;2251.00;0.26;0
34;bunker;4496.00;9.85;2319.00;5.02;0
34;bunker;4628.00;11.75;2168.00;4.98;0
34;bunker;3649.00;12.35;2009.00;4.42;0
34;bunker;4306.00;13.57;1983.00;2.18;0
34;bunker;4616.00;12.25;2206.00;6.06;0
34;bunker;4616.00;17.62;2119.00;0.31;0
34;bunker;4032.00;11.20;2172.00;2.47;0
34;bunker;3636.00;10.12;2317.00;3.89;0
34;bunker;3559.00;13.15;2139.00;4.68;0
34;bunker;4114.00;12.48;1821.00;0.55;0
34;bunker;4057.00;9.70;2415.00;5.09;0
34;bunker;3694.00;14.75;2119.00;2.37;0
34;bunker;3858.00;9.70;2416.00;2.76;0
34;bunker;4400.00;12.18;2078.00;3.49;0
34;bunker;4294.00;10.45;2131.00;2.70;0
34;bunker;3585.00;11.55;2046.00;5.78;0
34;bunker;3892.00;9.80;2258.00;2.02;0
34;bunker;4639.00;10.43;2312.00;0.36;0
34;bunker;4001.00;10.25;2294.00;3.47;0
34;bunker;4483.00;10.50;2048.00;5.18;0
34;bunker;3948.00;9.60;2427.00;2.32;0
34;bunker;3683.00;9.65;2392.00;1.92;0
34;bunker;4519.00;10.15;2119.00;5.68;0
34;bunker;3552.00;15.03;2220.00;3.37;0
34;bunker;4279.00;11.60;2349.00;2.94;0
34;bunker;4135.00;10.68;2258.00;2.43;0
34;bunker;3491.00;11.30;2169.00;3.90;0
34;bunker;4654.00;13.48;2211.00;0.43;0
34;bunker;3932.00;10.48;2118.00;3.62;0
34;bunker;4506.00;11.12;2103.00;4.56;0
34;bunker;4412.00;12.30;2027.00;2.92;0
34;bunker;3449.00;10.40;2056.00;2.11;0
34;bunker;4560.00;9.80;2372.00;5.76;0
34;bunker;4364.00;10.00;2206.00;5.58;0
34;bunker;4197.00;10.10;2167.00;4.90;0
34;bunker;4015.00;10.70;2341.00;0.24;0
34;bunker;3873.00;9.93;2344.00;0.74;0
34;bunker;4753.00;9.70;2307.00;3.59;0
34;bunker;4523.00;9.70;2227.00;1.76;0
34;bunker;3540.00;10.57;1950.00;1.58;0
34;bunker;4190.00;10.90;1930.00;3.69;0
34;bunker;4581.00;11.25;2180.00;5.05;0
34;bunker;4129.00;10.05;2374.00;3.02;0
34;bunker;4082.00;16.55;2141.00;3.69;0
34;bunker;4029.00;13.73;2337.00;4.76;0
34;bunker;3807.00;10.45;2261.00;4.96;0
34;bunker;4664.00;10.70;2262.00;3.72;0
34;bunker;4643.00;9.98;2355.00;1.71;0
34;bunker;3533.00;12.07;2147.00;0.21;0
34;bunker;3604.00;11.35;1907.00;5.28;0
34;bunker;4176.00;11.30;2306.00;2.33;0
34;bunker;4520.00;9.70;2306.00;3.98;0
34;bunker;4613.00;11.75;2269.00;4.40;0
34;bunker;4382.00;10.23;2304.00;3.90;0
34;bunker;3758.00;9.88;2405.00;4.67;0
34;bunker;4269.00;10.28;2278.00;2.17;0
34;bunker;3749.00;11.00;2291.00;3.88;0
34;bunker;4613.00;9.88;2354.00;2.97;0
34;bunker;3533.00;12.45;2220.00;4.58;0
34;bunker;3640.00;9.70;2253.00;4.38;0
34;bunker;4535.00;9.70;2361.00;3.15;0
34;bunker;4481.00;9.62;2348.00;5.97;0
34;bunker;4760.00;9.70;2314.00;3.21;0
34;bunker;4566.00;9.90;2232.00;0.94;0
34;bunker;3949.00;9.88;2291.00;5.63;0
34;bunker;3929.00;9.70;2377.00;4.86;0
34;bunker;4409.00;10.38;2148.00;1.37;0
34;bunker;4289.00;11.23;2281.00;5.08;0
34;bunker;3542.00;12.20;2114.00;1.62;0
34;bunker;4048.00;10.00;2337.00;0.18;0
34;bunker;4529.00;9.82;2198.00;5.66;0
34;bunker;3562.00;10.20;2355.00;3.45;0
34;bunker;3890.00;9.80;2418.00;5.37;0
34;bunker;3439.00;10.10;2156.00;3.23;0
34;bunker;3688.00;10.05;2342.00;3.61;0
34;bunker;4376.00;16.85;2383.00;2.53;0
34;bunker;4041.00;10.00;2076.00;3.26;0
34;bunker;4322.00;11.43;2064.00;2.72;0
34;bunker;4330.00;12.32;2285.00;6.11;0
34;bunker;3771.00;10.45;2311.00;4.12;0
34;bunker;3764.00;10.03;2372.00;1.12;0
34;bunker;3740.00;10.00;2309.00;1.36;0
34;bunker;4483.00;9.50;2267.00;4.20;0
34;bunker;4337.00;13.62;2321.00;6.12;0
34;bunker;4310.00;13.40;2282.00;3.48;0
34;bunker;4389.00;10.18;2144.00;2.01;0
34;bunker;3684.00;10.73;2227.00;4.87;0
34;bunker;4009.00;9.78;2406.00;3.38;0
34;bunker;4659.00;11.20;2265.00;2.56;0
34;bunker;4087.00;9.90;2296.00;0.48;0
34;bunker;4442.00;10.12;2146.00;5.56;0
34;bunker;4250.00;10.40;2347.00;1.27;0
34;bunker;4708.00;9.80;2277.00;5.86;0
34;bunker;3704.00;10.20;2336.00;6.23;0
34;bunker;3550.00;10.98;2278.00;3.92;0
34;bunker;4125.00;10.62;2413.00;0.78;0
34;bunker;4570.00;10.55;2184.00;0.12;0
34;bunker;3650.00;10.03;2348.00;3.23;0
34;bunker;3541.00;10.30;2358.00;1.49;0
34;bunker;3523.00;10.05;2313.00;3.02;0
34;bunker;3506.00;9.75;2305.00;5.38;0
34;bunker;3474.00;11.78;2196.00;6.19;0
34;bunker;3766.00;10.20;2345.00;2.49;0
34;bunker;3741.00;11.10;2270.00;1.04;0
34;bunker;4767.00;9.70;2260.00;2.95;0
34;bunker;3738.00;11.40;2241.00;3.99;0
34;bunker;3723.00;9.73;2311.00;0.21;0
34;bunker;3487.00;11.00;2142.00;2.08;0
34;bunker;4313.00;11.40;2234.00;0.79;0
34;bunker;3513.00;12.07;2157.00;0.97;0
34;bunker;3614.00;10.00;2243.00;0.26;0
34;bunker;4455.00;9.80;2328.00;0.79;0
34;bunker;3513.00;10.73;2129.00;2.01;0
34;bunker;3721.00;9.93;2363.00;0.23;0
34;bunker;4282.00;10.75;2220.00;0.27;0
34;bunker;4321.00;10.43;2147.00;5.76;0
34;bunker;4214.00;9.65;2370.00;5.90;0
34;bunker;3812.00;10.05;2298.00;4.05;0
34;bunker;4447.00;9.60;2251.00;3.98;0
34;bunker;4378.00;10.00;2289.00;6.25;0
34;bunker;4612.00;12.80;2221.00;0.59;0
34;bunker;3736.00;10.50;2394.00;0.62;0
34;bunker;3576.00;10.03;2299.00;5.23;0
34;bunker;4607.00;9.53;2368.00;3.07;0
34;bunker;4075.00;10.57;1973.00;0.18;0
34;bunker;3694.00;10.85;2211.00;4.34;0
34;bunker;3555.00;10.55;2296.00;1.94;0
34;bunker;3891.00;9.70;2493.00;5.63;0
34;bunker;4515.00;10.00;2423.00;0.08;0
34;bunker;4581.00;10.03;2424.00;4.53;0
34;bunker;3985.00;9.50;2474.00;4.21;0
34;bunker;3994.00;9.50;2488.00;2.39;0
34;bunker;4648.00;10.40;2426.00;1.38;0
34;bunker;4542.00;9.60;2405.00;5.82;0
34;bunker;4564.00;9.65;2395.00;1.34;0
34;bunker;3614.00;9.70;2386.00;3.61;0
34;bunker;4062.00;9.55;2472.00;5.43;0
34;bunker;3663.00;9.78;2380.00;4.92;0
34;bunker;4469.00;9.53;2429.00;2.28;0
34;bunker;3615.00;9.62;2482.00;5.46;0
34;bunker;3636.00;9.88;2370.00;2.25;0
34;bunker;4475.00;9.50;2402.00;0.78;0
34;bunker;3664.00;9.70;2502.00;4.57;0
34;bunker;4495.00;9.50;2354.00;5.44;0
34;bunker;3703.00;9.78;2424.00;1.58;0
34;bunker;3722.00;9.73;2407.00;2.57;0
34;bunker;3542.00;11.23;2207.00;3.52;0
34;bunker;3716.00;9.70;2434.00;4.83;0
34;bunker;3730.00;9.57;2318.00;2.75;0
34;bunker;4096.00;9.85;1900.00;3.00;0
34;bunker;3810.00;10.32;2456.00;2.07;0
34;bunker;4070.00;9.50;1886.00;2.77;0
34;bunker;3502.00;9.50;2284.00;2.99;0
34;bunker;3803.00;10.30;2454.00;3.61;0
34;bunker;3727.00;9.65;2304.00;2.24;0
34;bunker;3657.00;9.50;2386.00;0.19;0
34;bunker;3663.00;9.50;2411.00;0.00;0
34;coastal_bunker;3640.00;9.85;2355.00;-1.57;0
34;coastal_bunker;3739.00;9.50;2412.00;-3.46;0
34;coastal_bunker;4520.00;9.50;2348.00;-2.82;0
34;coastal_bunker;3597.00;9.50;2277.00;-2.51;0
34;coastal_bunker;4660.00;9.50;2359.00;-3.96;0
34;coastal_bunker;3780.00;9.55;2424.00;-3.62;0
34;coastal_bunker;4523.00;9.50;2368.00;-2.66;0
34;coastal_bunker;3716.00;9.68;2304.00;-3.23;0
34;coastal_bunker;3804.00;9.60;2428.00;-3.05;0
34;coastal_bunker;4056.00;9.50;2463.00;-3.54;0
34;coastal_bunker;4096.00;9.80;2450.00;-3.05;0
34;coastal_bunker;3905.00;9.53;2457.00;-2.15;0
34;coastal_bunker;3877.00;9.50;2445.00;-2.82;0
34;coastal_bunker;4255.00;9.50;2389.00;-3.40;0
34;coastal_bunker;3499.00;9.73;2296.00;-1.23;0
34;coastal_bunker;4374.00;9.93;2353.00;-2.97;0
34;coastal_bunker;3566.00;9.65;2376.00;-4.05;0
34;coastal_bunker;4318.00;9.75;2403.00;-3.80;0
34;coastal_bunker;3648.00;9.68;2373.00;-2.92;0
34;coastal_bunker;4812.00;9.60;2305.00;-3.48;0
34;coastal_bunker;4624.00;9.50;2378.00;-4.33;0
34;coastal_bunker;3562.00;9.80;2208.00;0.84;0
34;coastal_bunker;3680.00;9.50;2391.00;-1.71;0
34;coastal_bunker;3515.00;9.73;2255.00;-3.51;0
34;coastal_bunker;4154.00;9.65;2427.00;-3.84;0
34;coastal_bunker;4446.00;9.50;2347.00;-2.90;0
34;coastal_bunker;3928.00;9.50;2482.00;1.54;0
34;coastal_bunker;3514.00;9.50;2342.00;-1.16;0
34;coastal_bunker;3736.00;9.50;2344.00;-1.06;0
34;coastal_bunker;4026.00;9.50;2467.00;-3.39;0
34;coastal_bunker;3548.00;11.50;2199.00;-3.85;0
34;coastal_bunker;3652.00;9.57;2247.00;-3.33;0
34;coastal_bunker;4491.00;9.50;2429.00;-2.16;0
34;coastal_bunker;4584.00;9.65;2432.00;-4.57;0
34;coastal_bunker;4298.00;9.55;2403.00;-2.36;0
34;coastal_bunker;3711.00;9.62;2346.00;-3.68;0
34;coastal_bunker;3607.00;9.50;2252.00;-1.89;0
34;coastal_bunker;3525.00;9.50;2269.00;-1.75;0
34;coastal_bunker;4737.00;9.57;2337.00;-3.19;0
34;coastal_bunker;4011.00;9.50;2473.00;0.00;0
34;coastal_bunker;4491.00;9.53;2347.00;-3.35;0
34;coastal_bunker;3991.00;9.50;2490.00;-4.12;0
34;coastal_bunker;4689.00;9.65;2422.00;1.50;0
34;coastal_bunker;3505.00;9.50;2320.00;-1.36;0
34;coastal_bunker;3656.00;9.50;2257.00;-1.68;0
34;coastal_bunker;4545.00;9.50;2399.00;-1.57;0
34;coastal_bunker;3576.00;10.78;2198.00;-2.94;0
34;coastal_bunker;3579.00;9.75;2302.00;-4.48;0
34;coastal_bunker;3736.00;9.50;2318.00;-1.49;0
34;coastal_bunker;4546.00;9.50;2377.00;-3.14;0
34;coastal_bunker;3580.00;9.85;2295.00;1.57;0
34;coastal_bunker;4573.00;9.50;2390.00;1.57;0
34;coastal_bunker;3625.00;9.70;2388.00;-1.57;0
34;coastal_bunker;4059.00;9.55;2473.00;-1.57;0
34;coastal_bunker;3655.00;9.50;2379.00;-3.93;0
34;coastal_bunker;4466.00;9.50;2423.00;-1.57;0
34;coastal_bunker;3615.00;9.50;2480.00;-3.93;0
34;coastal_bunker;3577.00;9.85;2275.00;1.51;0
34;coastal_bunker;3634.00;9.50;2365.00;-3.14;0
34;coastal_bunker;4475.00;9.50;2405.00;-3.14;0
34;coastal_bunker;3663.00;9.68;2503.00;-3.14;0
34;coastal_bunker;4495.00;9.50;2351.00;-1.57;0
34;coastal_bunker;3702.00;9.50;2419.00;-1.57;0
34;coastal_bunker;3714.00;9.50;2405.00;-1.57;0
34;coastal_bunker;3542.00;10.93;2208.00;-3.93;0
34;coastal_bunker;3699.00;9.50;2432.00;-1.57;0
34;coastal_bunker;3729.00;9.50;2317.00;1.57;0
34;coastal_bunker;3809.00;10.18;2457.00;-3.14;0
34;coastal_bunker;3501.00;9.50;2284.00;1.57;0
34;coastal_bunker;3804.00;10.32;2454.00;-1.57;0
34;coastal_bunker;3726.00;9.62;2304.00;-1.57;0
34;coastal_bunker;3658.00;9.50;2386.00;-3.14;0
34;coastal_bunker;3663.00;9.55;2412.00;1.57;0
34;dockyard;3816.00;9.55;2430.00;-3.05;0
34;naval_supply_hub;3547.00;9.50;2206.00;0.84;0
34;naval_supply_hub;3956.00;9.50;2446.00;-3.08;0
34;naval_supply_hub;3716.00;9.60;2332.00;-3.23;0
34;naval_supply_hub;3649.00;9.50;2241.00;-3.33;0
34;naval_supply_hub;4515.00;9.50;2355.00;-2.82;0
34;naval_supply_hub;3500.00;9.50;2321.00;-1.16;0
34;naval_supply_hub;4075.00;9.50;2451.00;-3.54;0
34;naval_supply_hub;3661.00;9.62;2323.00;-2.51;0
34;naval_supply_hub;3697.00;9.50;2371.00;-1.71;0
34;naval_supply_hub;3525.00;9.50;2268.00;-1.75;0
34;naval_supply_hub;3613.00;9.75;2264.00;-1.89;0
34;naval_supply_hub;4167.00;9.50;2401.00;-3.40;0
34;naval_supply_hub;3884.00;9.53;2442.00;-2.82;0
34;naval_supply_hub;3571.00;11.05;2196.00;-3.85;0
34;naval_supply_hub;4104.00;9.70;2450.00;-3.05;0
34;naval_supply_hub;4584.00;9.50;2383.00;-3.32;0
34;naval_supply_hub;3867.00;9.62;2519.00;-1.64;0
34;naval_supply_hub;3707.00;9.68;2346.00;-3.68;0
34;naval_supply_hub;4388.00;9.82;2369.00;-3.80;0
34;naval_supply_hub;3730.00;9.73;2399.00;-1.37;0
34;naval_supply_hub;3502.00;9.50;2304.00;-1.23;0
34;naval_supply_hub;4415.00;9.50;2340.00;-2.97;0
34;naval_supply_hub;3846.00;9.53;2434.00;-3.05;0
34;naval_supply_hub;3770.00;9.50;2423.00;-3.62;0
34;naval_supply_hub;3699.00;9.80;2352.00;-2.92;0
34;naval_supply_hub;4142.00;9.50;2420.00;-3.84;0
34;naval_supply_hub;4776.00;9.55;2341.00;-3.48;0
34;naval_supply_hub;3505.00;9.50;2319.00;-1.36;0
34;naval_supply_hub;4665.00;9.50;2366.00;-3.96;0
34;naval_supply_hub;4496.00;9.50;2435.00;-2.16;0
34;naval_supply_hub;3734.00;9.50;2340.00;-1.06;0
34;naval_supply_hub;4589.00;9.50;2418.00;-4.57;0
34;naval_supply_hub;3638.00;9.50;2341.00;-1.57;0
34;naval_supply_hub;3517.00;9.90;2248.00;-3.51;0
34;naval_supply_hub;4276.00;9.55;2387.00;-2.36;0
34;naval_supply_hub;3979.00;9.50;2472.00;0.00;0
34;naval_supply_hub;4037.00;9.50;2465.00;-3.39;0
34;naval_supply_hub;4738.00;9.55;2338.00;-3.19;0
34;naval_supply_hub;4463.00;9.50;2352.00;-3.35;0
34;naval_supply_hub;3658.00;9.50;2252.00;-1.68;0
34;naval_supply_hub;3585.00;9.62;2371.00;-4.05;0
34;naval_supply_hub;4530.00;9.50;2354.00;-2.66;0
34;naval_supply_hub;3577.00;9.80;2305.00;-4.48;0
34;naval_supply_hub;4032.00;9.50;2485.00;-4.12;0
34;naval_supply_hub;4661.00;9.73;2423.00;1.50;0
34;naval_supply_hub;4545.00;9.50;2408.00;-1.57;0
34;naval_supply_hub;3577.00;10.75;2199.00;-2.94;0
34;naval_supply_hub;3578.00;9.90;2288.00;1.57;0
34;naval_supply_hub;3734.00;9.50;2324.00;-1.49;0
34;naval_supply_hub;4581.00;9.50;2397.00;1.57;0
34;naval_supply_hub;4432.00;9.57;2353.00;-2.90;0
34;naval_supply_hub;4549.00;9.50;2382.00;-3.14;0
34;naval_supply_hub;3613.00;9.62;2389.00;-1.57;0
34;naval_supply_hub;4057.00;9.50;2470.00;-1.57;0
34;naval_supply_hub;3668.00;9.65;2380.00;-3.93;0
34;naval_supply_hub;4470.00;9.50;2431.00;-1.57;0
34;naval_supply_hub;3620.00;9.50;2481.00;-3.93;0
34;naval_supply_hub;3639.00;9.50;2373.00;-3.14;0
34;naval_supply_hub;3577.00;9.85;2274.00;1.51;0
34;naval_supply_hub;4466.00;9.50;2405.00;-3.14;0
34;naval_supply_hub;3659.00;9.50;2501.00;-3.14;0
34;naval_supply_hub;4493.00;9.50;2350.00;-1.57;0
34;naval_supply_hub;3696.00;9.50;2422.00;-1.57;0
34;naval_supply_hub;3710.00;9.50;2405.00;-1.57;0
34;naval_supply_hub;3541.00;9.70;2203.00;-3.93;0
34;naval_supply_hub;3713.00;9.70;2434.00;-4.43;0
34;naval_supply_hub;3729.00;9.50;2319.00;1.57;0
34;naval_supply_hub;3808.00;9.70;2457.00;-3.14;0
34;naval_supply_hub;3502.00;9.50;2281.00;1.57;0
34;naval_supply_hub;3804.00;10.32;2454.00;-1.57;0
34;naval_supply_hub;3726.00;9.62;2304.00;-1.57;0
34;naval_supply_hub;3657.00;9.60;2387.00;-3.14;0
34;naval_supply_hub;3663.00;9.55;2412.00;1.57;0
34;naval_headquarters;4671.00;9.50;2353.00;-3.96;0
34;naval_headquarters;3519.00;9.50;2356.00;-1.16;0
34;naval_headquarters;4530.00;9.50;2353.00;-2.66;0
34;naval_headquarters;3653.00;9.50;2260.00;-1.68;0
34;naval_headquarters;3598.00;9.50;2274.00;-2.51;0
34;naval_headquarters;3714.00;9.50;2315.00;-3.23;0
34;naval_headquarters;3887.00;9.55;2449.00;-2.82;0
34;naval_headquarters;4503.00;9.50;2340.00;-2.82;0
34;naval_headquarters;3791.00;9.60;2425.00;-3.62;0
34;naval_headquarters;4057.00;9.53;2463.00;-3.54;0
34;naval_headquarters;3661.00;9.50;2334.00;-1.57;0
34;naval_headquarters;3694.00;9.55;2395.00;-1.71;0
34;naval_headquarters;4181.00;9.55;2401.00;-3.40;0
34;naval_headquarters;3737.00;9.50;2412.00;-3.46;0
34;naval_headquarters;3636.00;9.62;2263.00;-3.33;0
34;naval_headquarters;3735.00;9.50;2321.00;-1.49;0
34;naval_headquarters;3581.00;9.60;2359.00;-4.05;0
34;naval_headquarters;3978.00;9.50;2454.00;-3.08;0
34;naval_headquarters;4395.00;9.57;2331.00;-2.97;0
34;naval_headquarters;3504.00;9.50;2310.00;-1.36;0
34;naval_headquarters;4151.00;10.60;2407.00;-3.84;0
34;naval_headquarters;3804.00;9.60;2428.00;-3.05;0
34;naval_headquarters;4371.00;11.93;2393.00;-3.80;0
34;naval_headquarters;4291.00;9.50;2399.00;-2.36;0
34;naval_headquarters;3516.00;9.75;2254.00;-3.51;0
34;naval_headquarters;3548.00;10.35;2209.00;0.84;0
34;naval_headquarters;4708.00;9.62;2333.00;-3.19;0
34;naval_headquarters;3670.00;9.75;2369.00;-2.92;0
34;naval_headquarters;3525.00;9.50;2268.00;-1.75;0
34;naval_headquarters;3599.00;9.50;2220.00;-1.89;0
34;naval_headquarters;4046.00;9.50;2464.00;-3.39;0
34;naval_headquarters;3503.00;9.50;2289.00;-1.23;0
34;naval_headquarters;3577.00;9.88;2300.00;1.57;0
34;naval_headquarters;4771.00;9.55;2342.00;-3.48;0
34;naval_headquarters;4449.00;9.50;2347.00;-2.90;0
34;naval_headquarters;3732.00;9.50;2351.00;-1.06;0
34;naval_headquarters;4616.00;9.50;2378.00;-3.32;0
34;naval_headquarters;4096.00;9.80;2450.00;-3.05;0
34;naval_headquarters;3935.00;9.50;2482.00;1.54;0
34;naval_headquarters;4479.00;9.50;2354.00;-3.35;0
34;naval_headquarters;3712.00;9.60;2346.00;-3.68;0
34;naval_headquarters;3580.00;9.73;2314.00;-4.48;0
34;naval_headquarters;4491.00;9.50;2422.00;-2.16;0
34;naval_headquarters;4556.00;9.50;2382.00;-3.14;0
34;naval_headquarters;4585.00;9.50;2417.00;-4.57;0
34;naval_headquarters;4029.00;9.50;2473.00;0.00;0
34;naval_headquarters;3970.00;9.50;2493.00;-4.12;0
34;naval_headquarters;4623.00;9.90;2430.00;-1.70;0
34;naval_headquarters;4536.00;9.50;2406.00;-1.57;0
34;naval_headquarters;3558.00;11.53;2200.00;-3.85;0
34;naval_headquarters;3575.00;10.18;2198.00;-2.94;0
34;naval_headquarters;4581.00;9.50;2391.00;1.57;0
34;naval_headquarters;3611.00;9.50;2385.00;-1.57;0
34;naval_headquarters;4046.00;9.50;2470.00;-1.57;0
34;naval_headquarters;3660.00;9.50;2384.00;-3.93;0
34;naval_headquarters;4469.00;9.50;2431.00;-1.57;0
34;naval_headquarters;3616.00;9.50;2481.00;-3.93;0
34;naval_headquarters;3637.00;9.50;2365.00;-3.14;0
34;naval_headquarters;4470.00;9.50;2401.00;-3.14;0
34;naval_headquarters;3658.00;9.50;2501.00;-3.14;0
34;naval_headquarters;4495.00;9.50;2351.00;-1.57;0
34;naval_headquarters;3700.00;9.75;2426.00;-1.57;0
34;naval_headquarters;3723.00;9.50;2406.00;-1.57;0
34;naval_headquarters;3538.00;10.70;2210.00;-3.93;0
34;naval_headquarters;3578.00;9.50;2277.00;1.51;0
34;naval_headquarters;3701.00;9.50;2430.00;-1.57;0
34;naval_headquarters;3729.00;9.50;2316.00;1.57;0
34;naval_headquarters;3810.00;9.50;2455.00;-3.14;0
34;naval_headquarters;3501.00;9.50;2282.00;1.57;0
34;naval_headquarters;3805.00;9.75;2454.00;-1.57;0
34;naval_headquarters;3727.00;9.65;2304.00;-1.57;0
34;naval_headquarters;3657.00;9.50;2386.00;-3.14;0
34;naval_headquarters;3662.00;9.50;2411.00;1.57;0
34;special_project_facility_spawn;4313.00;12.03;2369.00;2.32;0
34;special_project_facility_spawn;4006.00;12.40;1949.00;3.01;0
34;special_project_facility_spawn;3980.00;9.57;2188.00;2.36;0
34;special_project_facility_spawn;4594.00;10.28;2295.00;0.83;0
34;special_project_facility_spawn;4086.00;14.68;2184.00;1.78;0
34;special_project_facility_spawn;3597.00;11.03;1930.00;1.87;0
34;special_project_facility_spawn;3896.00;9.80;2263.00;4.20;0
34;special_project_facility_spawn;3658.00;9.82;2340.00;2.62;0
34;special_project_facility_spawn;3501.00;10.80;2127.00;2.26;0
34;special_project_facility_spawn;4713.00;9.80;2235.00;2.34;0
34;special_project_facility_spawn;4136.00;11.40;1940.00;4.46;0
34;special_project_facility_spawn;3416.00;10.38;2113.00;0.78;0
34;special_project_facility_spawn;3478.00;10.55;2056.00;1.50;0
34;special_project_facility_spawn;4058.00;9.70;2413.00;2.78;0
34;special_project_facility_spawn;4418.00;9.90;2187.00;1.75;0
34;special_project_facility_spawn;3941.00;10.03;2297.00;2.42;0
34;special_project_facility_spawn;3949.00;9.53;2414.00;2.86;0
34;special_project_facility_spawn;4199.00;11.10;1828.00;2.33;0
34;special_project_facility_spawn;3740.00;11.93;2262.00;4.42;0
34;special_project_facility_spawn;4179.00;11.18;2055.00;2.40;0
34;special_project_facility_spawn;3563.00;13.95;2159.00;3.51;0
34;special_project_facility_spawn;4357.00;12.78;1989.00;6.03;0
34;special_project_facility_spawn;3822.00;10.20;2082.00;6.22;0
34;special_project_facility_spawn;3762.00;10.43;2187.00;1.63;0
34;special_project_facility_spawn;3539.00;12.30;2086.00;0.41;0
34;special_project_facility_spawn;4300.00;11.55;2302.00;2.14;0
34;special_project_facility_spawn;3930.00;9.85;2351.00;1.21;0
34;special_project_facility_spawn;4528.00;9.60;2247.00;1.81;0
34;special_project_facility_spawn;3493.00;10.82;1998.00;3.45;0
34;special_project_facility_spawn;4007.00;10.30;2264.00;1.75;0
34;special_project_facility_spawn;4523.00;9.85;2183.00;5.80;0
34;special_project_facility_spawn;4622.00;11.62;2309.00;4.75;0
34;special_project_facility_spawn;3578.00;9.88;2325.00;0.85;0
34;special_project_facility_spawn;3981.00;9.68;2395.00;0.20;0
34;special_project_facility_spawn;4135.00;9.70;2324.00;5.81;0
34;special_project_facility_spawn;4317.00;11.38;2019.00;4.42;0
34;special_project_facility_spawn;4123.00;10.53;2447.00;6.11;0
34;special_project_facility_spawn;3823.00;14.62;1886.00;2.90;0
34;special_project_facility_spawn;4420.00;15.85;2051.00;2.01;0
34;special_project_facility_spawn;3639.00;10.18;2232.00;3.33;0
34;special_project_facility_spawn;4162.00;11.53;2276.00;1.76;0
34;special_project_facility_spawn;4335.00;11.40;2039.00;0.66;0
34;special_project_facility_spawn;4234.00;10.20;2334.00;6.17;0
34;special_project_facility_spawn;4079.00;16.48;2161.00;4.16;0
34;special_project_facility_spawn;4652.00;12.68;2244.00;1.27;0
34;special_project_facility_spawn;3611.00;12.35;2077.00;1.19;0
34;special_project_facility_spawn;3697.00;14.82;2097.00;3.85;0
34;special_project_facility_spawn;4499.00;9.73;2307.00;5.82;0
34;special_project_facility_spawn;4637.00;11.03;2276.00;0.94;0
34;special_project_facility_spawn;4071.00;12.82;2115.00;1.44;0
34;special_project_facility_spawn;4489.00;10.10;2123.00;4.07;0
34;special_project_facility_spawn;3720.00;10.95;2371.00;2.16;0
34;special_project_facility_spawn;3928.00;10.48;2122.00;2.63;0
34;special_project_facility_spawn;4641.00;10.30;2308.00;0.56;0
34;special_project_facility_spawn;4401.00;11.40;2091.00;3.10;0
34;special_project_facility_spawn;4053.00;10.03;2329.00;6.28;0
34;special_project_facility_spawn;4621.00;11.38;2266.00;4.57;0
34;special_project_facility_spawn;3464.00;11.62;2165.00;0.47;0
34;special_project_facility_spawn;4538.00;9.70;2366.00;5.74;0
34;special_project_facility_spawn;4154.00;10.57;2177.00;5.51;0
34;special_project_facility_spawn;3689.00;10.57;2297.00;1.96;0
34;special_project_facility_spawn;3726.00;10.48;2382.00;5.23;0
34;special_project_facility_spawn;3498.00;12.35;2210.00;4.50;0
34;special_project_facility_spawn;3805.00;9.80;2328.00;0.88;0
34;special_project_facility_spawn;3739.00;10.00;2348.00;0.10;0
34;special_project_facility_spawn;4263.00;11.28;2299.00;2.65;0
34;special_project_facility_spawn;4490.00;9.70;2213.00;3.31;0
34;special_project_facility_spawn;4141.00;9.82;2364.00;5.11;0
34;special_project_facility_spawn;3661.00;10.32;2295.00;6.26;0
34;special_project_facility_spawn;4338.00;11.40;2264.00;1.82;0
34;special_project_facility_spawn;4252.00;12.93;1913.00;0.71;0
34;special_project_facility_spawn;3531.00;10.55;2284.00;2.37;0
34;special_project_facility_spawn;3541.00;10.30;2310.00;5.42;0
34;special_project_facility_spawn;4538.00;9.73;2200.00;2.25;0
34;special_project_facility_spawn;4603.00;11.15;2260.00;3.73;0
34;special_project_facility_spawn;4022.00;9.95;2366.00;4.02;0
34;special_project_facility_spawn;3837.00;9.75;2353.00;4.67;0
34;special_project_facility_spawn;4272.00;11.55;2346.00;3.64;0
34;special_project_facility_spawn;4511.00;10.45;2061.00;4.98;0
34;special_project_facility_spawn;4526.00;9.70;2315.00;1.00;0
34;special_project_facility_spawn;3798.00;11.28;2246.00;3.33;0
34;special_project_facility_spawn;3860.00;9.95;2362.00;4.30;0
34;special_project_facility_spawn;4454.00;10.10;2154.00;5.21;0
34;special_project_facility_spawn;4618.00;15.82;2144.00;5.69;0
34;special_project_facility_spawn;4599.00;11.70;2186.00;3.97;0
34;special_project_facility_spawn;4417.00;9.78;2307.00;5.04;0
34;special_project_facility_spawn;4648.00;10.07;2334.00;4.85;0
34;special_project_facility_spawn;4774.00;9.95;2324.00;0.82;0
34;special_project_facility_spawn;4703.00;9.78;2268.00;5.48;0
34;special_project_facility_spawn;4570.00;9.70;2379.00;3.40;0
34;special_project_facility_spawn;3703.00;11.65;2278.00;0.17;0
34;special_project_facility_spawn;3728.00;9.78;2345.00;0.88;0
34;special_project_facility_spawn;3575.00;10.00;2305.00;1.35;0
34;special_project_facility_spawn;4754.00;9.80;2252.00;2.05;0
34;special_project_facility_spawn;3762.00;10.05;2367.00;6.15;0
34;special_project_facility_spawn;3549.00;14.07;2165.00;3.82;0
34;special_project_facility_spawn;3926.00;10.07;2333.00;3.23;0
34;special_project_facility_spawn;4331.00;10.70;2123.00;0.00;0
34;special_project_facility_spawn;4047.00;9.78;2262.00;5.43;0
34;special_project_facility_spawn;4385.00;9.90;2196.00;1.72;0
34;special_project_facility_spawn;4743.00;9.80;2308.00;2.14;0
34;special_project_facility_spawn;4348.00;13.18;2378.00;2.82;0
34;special_project_facility_spawn;3923.00;11.23;2054.00;1.93;0
34;special_project_facility_spawn;4288.00;11.40;2291.00;2.21;0
34;special_project_facility_spawn;4318.00;13.40;2266.00;3.28;0
34;special_project_facility_spawn;3920.00;9.60;2406.00;5.09;0
34;special_project_facility_spawn;4676.00;10.12;2257.00;0.83;0
34;special_project_facility_spawn;4310.00;11.30;2232.00;4.72;0
34;special_project_facility_spawn;3821.00;9.70;2349.00;5.06;0
34;special_project_facility_spawn;3780.00;10.50;2277.00;5.66;0
34;special_project_facility_spawn;3537.00;11.95;2130.00;6.02;0
34;special_project_facility_spawn;4276.00;11.28;2188.00;4.86;0
34;special_project_facility_spawn;3615.00;11.25;2227.00;4.34;0
34;special_project_facility_spawn;3458.00;10.90;2206.00;1.75;0
34;special_project_facility_spawn;4348.00;10.57;2187.00;5.45;0
34;special_project_facility_spawn;3521.00;9.95;2331.00;5.12;0
34;special_project_facility_spawn;3738.00;13.65;2251.00;5.99;0
34;special_project_facility_spawn;3670.00;9.93;2345.00;5.12;0
34;special_project_facility_spawn;4219.00;9.55;2379.00;2.84;0
34;special_project_facility_spawn;3794.00;11.18;2272.00;3.14;0
34;special_project_facility_spawn;3550.00;13.43;2234.00;6.10;0
34;special_project_facility_spawn;4574.00;10.53;2133.00;4.30;0
34;special_project_facility_spawn;4430.00;9.70;2280.00;3.58;0
34;special_project_facility_spawn;4372.00;10.05;2245.00;2.31;0
34;special_project_facility_spawn;4475.00;9.90;2329.00;0.89;0
34;special_project_facility_spawn;3754.00;9.82;2405.00;0.89;0
34;special_project_facility_spawn;4571.00;10.45;2173.00;4.25;0
34;special_project_facility_spawn;3565.00;11.32;2279.00;3.67;0
34;special_project_facility_spawn;4621.00;9.82;2357.00;3.99;0
34;special_project_facility_spawn;4062.00;10.38;2009.00;0.99;0
34;special_project_facility_spawn;3738.00;13.28;2084.00;3.16;0
34;special_project_facility_spawn;3513.00;11.95;2154.00;2.11;0
34;special_project_facility_spawn;4589.00;10.07;2239.00;3.93;0
34;special_project_facility_spawn;3904.00;10.18;2502.00;4.92;0
34;special_project_facility_spawn;4514.00;9.75;2435.00;1.65;0
34;special_project_facility_spawn;3540.00;10.20;2315.00;5.74;0
34;special_project_facility_spawn;3755.00;10.82;2340.00;3.00;0
34;special_project_facility_spawn;4577.00;9.93;2423.00;2.21;0
34;special_project_facility_spawn;3959.00;9.60;2476.00;1.45;0
34;special_project_facility_spawn;4434.00;9.80;2346.00;0.52;0
34;special_project_facility_spawn;3967.00;9.57;2487.00;1.97;0
34;special_project_facility_spawn;4669.00;9.75;2418.00;2.72;0
34;special_project_facility_spawn;4548.00;9.53;2401.00;0.17;0
34;special_project_facility_spawn;3576.00;10.18;2290.00;4.72;0
34;special_project_facility_spawn;4579.00;9.55;2396.00;0.66;0
34;special_project_facility_spawn;3622.00;9.90;2386.00;0.82;0
34;special_project_facility_spawn;4064.00;9.50;2471.00;2.83;0
34;special_project_facility_spawn;3664.00;9.73;2381.00;6.14;0
34;special_project_facility_spawn;4468.00;9.55;2428.00;5.04;0
34;special_project_facility_spawn;3629.00;9.70;2482.00;2.45;0
34;special_project_facility_spawn;3633.00;9.68;2368.00;1.95;0
34;special_project_facility_spawn;4471.00;9.57;2405.00;2.75;0
34;special_project_facility_spawn;3652.00;9.73;2501.00;5.87;0
34;special_project_facility_spawn;4491.00;9.50;2352.00;3.76;0
34;special_project_facility_spawn;3700.00;9.90;2424.00;4.23;0
34;special_project_facility_spawn;3722.00;9.73;2407.00;4.11;0
34;special_project_facility_spawn;3541.00;11.28;2207.00;1.45;0
34;special_project_facility_spawn;3705.00;9.68;2432.00;2.06;0
34;special_project_facility_spawn;3730.00;9.57;2318.00;1.70;0
34;special_project_facility_spawn;4096.00;9.78;1899.00;5.72;0
34;special_project_facility_spawn;3813.00;10.20;2457.00;1.84;0
34;special_project_facility_spawn;4071.00;9.50;1887.00;4.93;0
34;special_project_facility_spawn;3501.00;9.50;2284.00;0.21;0
34;special_project_facility_spawn;3803.00;10.30;2454.00;4.64;0
34;special_project_facility_spawn;3726.00;9.62;2304.00;3.68;0
34;special_project_facility_spawn;3657.00;9.50;2386.00;3.93;0
34;special_project_facility_spawn;3665.00;9.50;2411.00;3.33;0
34;floating_harbor;3586.00;9.50;2289.00;-1.57;6
34;floating_harbor;3616.00;9.50;2426.00;0.97;45
34;floating_harbor;4280.00;9.50;2433.00;-1.55;54
34;floating_harbor;3562.56;9.50;2204.31;-0.71;56
34;floating_harbor;3649.04;9.50;2255.73;1.47;64
34;floating_harbor;3616.00;9.50;2426.00;0.37;98
34;floating_harbor;4280.00;9.50;2433.00;1.07;105
34;floating_harbor;3648.30;9.50;2252.88;-0.19;110
34;floating_harbor;4539.00;9.50;2470.00;-0.26;124
34;floating_harbor;3583.50;9.50;2355.32;-0.90;134
34;floating_harbor;4479.47;9.50;2358.84;-0.21;142
34;floating_harbor;4280.00;9.50;2433.00;-1.68;153
34;floating_harbor;3746.21;9.50;2418.64;-0.32;217
34;floating_harbor;3496.40;9.50;2290.67;-4.37;235
34;floating_harbor;3586.81;9.50;2309.62;-1.34;247
34;floating_harbor;3497.15;9.50;2313.56;-4.50;249
34;floating_harbor;3879.79;9.50;2452.64;0.32;311
34;floating_harbor;4073.72;9.50;2459.45;-0.40;318
34;floating_harbor;3672.48;9.50;2369.83;0.22;326
34;floating_harbor;4558.00;9.50;2388.00;0.00;327
34;floating_harbor;3946.59;9.50;2453.99;0.06;332
34;floating_harbor;3712.58;9.50;2352.02;-0.54;380
34;floating_harbor;3578.20;9.50;2226.32;-2.30;392
34;floating_harbor;3616.00;9.50;2426.00;-0.01;396
34;floating_harbor;3503.58;9.50;2340.21;-4.30;408
34;floating_harbor;4676.11;9.50;2364.79;-0.82;413
34;floating_harbor;3616.00;9.50;2426.00;0.85;437
34;floating_harbor;3829.34;9.50;2438.97;0.09;455
34;floating_harbor;3516.53;9.50;2260.53;-0.37;456
34;floating_harbor;4442.30;9.50;2357.79;0.24;464
34;floating_harbor;4732.37;9.50;2342.99;-0.05;478
34;floating_harbor;3574.63;9.50;2206.86;0.20;500
34;floating_harbor;4389.78;9.50;2348.89;0.17;520
34;floating_harbor;3583.99;9.50;2274.56;-1.63;543
34;floating_harbor;3720.61;9.50;2333.97;-0.09;564
34;floating_harbor;3785.22;9.50;2430.21;-0.48;572
34;floating_harbor;4022.70;9.50;2471.79;-0.24;578
34;floating_harbor;3616.00;9.50;2426.00;1.07;609
34;floating_harbor;4289.05;9.50;2400.95;0.79;628
34;floating_harbor;4911.00;9.50;2323.00;-1.62;638
34;floating_harbor;3600.36;9.50;2246.21;1.25;653
34;floating_harbor;4539.00;9.50;2470.00;-0.09;670
34;floating_harbor;3516.11;9.50;2268.25;1.39;698
34;floating_harbor;4214.78;9.50;2402.77;-0.26;707
34;floating_harbor;4595.22;9.50;2387.89;-0.17;715
34;floating_harbor;3777.00;9.50;2496.00;-4.64;1497
34;floating_harbor;4539.00;9.50;2470.00;-0.73;1525
34;floating_harbor;4539.00;9.50;2470.00;0.47;1526
34;floating_harbor;3989.00;9.50;2466.00;-3.14;1537
34;floating_harbor;4004.82;9.50;2491.88;-0.98;1538
34;floating_harbor;4705.00;9.50;2429.00;-1.34;1547
34;floating_harbor;4535.00;9.50;2398.00;1.57;1566
34;floating_harbor;4539.00;9.50;2470.00;0.40;1567
34;floating_harbor;3616.00;9.50;2426.00;0.07;1634
34;floating_harbor;4022.00;9.50;2511.00;0.76;1644
34;floating_harbor;3666.95;9.50;2384.95;-0.79;1679
34;floating_harbor;4539.00;9.50;2470.00;-1.02;1695
34;floating_harbor;3627.95;9.50;2486.95;-0.79;1704
34;floating_harbor;3636.00;9.50;2376.00;0.00;1712
34;floating_harbor;4472.00;9.50;2411.00;0.00;1713
34;floating_harbor;3657.00;9.50;2509.00;0.00;1724
34;floating_harbor;4539.00;9.50;2470.00;-0.36;1735
34;floating_harbor;3616.00;9.50;2426.00;1.54;1736
34;floating_harbor;3616.00;9.50;2426.00;1.37;1771
34;floating_harbor;3616.00;9.50;2426.00;-0.33;1785
34;floating_harbor;3697.00;9.50;2432.00;1.57;1786
34;floating_harbor;3616.00;9.50;2426.00;0.81;1812
34;floating_harbor;3811.00;9.50;2464.00;0.00;1901
34;floating_harbor;3510.00;9.50;2283.00;-1.57;2000
34;floating_harbor;3777.00;9.50;2496.00;0.55;2089
34;floating_harbor;3616.00;9.50;2426.00;0.73;2205
34;floating_harbor;3657.00;9.50;2394.00;0.00;2255
34;floating_harbor;3670.00;9.50;2411.00;-1.57;2256
35;arms_factory;2700.00;10.20;1934.00;3.38;0
35;arms_factory;2679.00;10.88;1935.00;0.28;0
35;arms_factory;2691.00;10.45;1970.00;2.07;0
35;arms_factory;2699.00;10.60;1936.00;3.08;0
35;arms_factory;2688.00;10.23;1944.00;5.74;0
35;arms_factory;2689.00;10.43;1952.00;3.77;0
35;industrial_complex;2720.00;10.45;1938.00;4.16;0
35;industrial_complex;2701.00;9.90;1948.00;2.14;0
35;industrial_complex;2694.00;10.32;1938.00;4.83;0
35;industrial_complex;2695.00;9.98;1958.00;4.57;0
35;industrial_complex;2723.00;10.12;1940.00;5.42;0
35;industrial_complex;2684.00;10.25;1930.00;4.23;0
35;air_base;2678.00;10.90;1953.00;5.67;0
35;supply_node;2719.00;10.25;1942.00;5.67;0
35;supply_node;2685.00;11.00;1955.00;4.23;0
35;supply_node;2711.00;9.57;1925.00;4.77;0
35;supply_node;2719.00;9.50;1925.00;3.97;0
35;supply_node;2761.00;9.68;1933.00;4.25;0
35;supply_node;2700.00;9.50;1948.00;5.80;0
35;supply_node;2725.00;9.50;1929.00;2.53;0
35;supply_node;2697.00;9.50;1927.00;2.77;0
35;bunker;2692.00;10.38;1970.00;4.86;0
35;bunker;2719.00;10.03;1933.00;1.95;0
35;bunker;2700.00;9.50;1946.00;4.58;0
35;bunker;2716.00;9.95;1924.00;5.11;0
35;bunker;2720.00;9.98;1925.00;4.61;0
35;bunker;2695.00;9.50;1929.00;3.88;0
35;bunker;2762.00;9.65;1933.00;0.43;0
35;bunker;2726.00;9.90;1930.00;5.30;0
35;coastal_bunker;2722.00;10.10;1933.00;-3.93;0
35;coastal_bunker;2689.00;10.07;1932.00;-3.46;0
35;coastal_bunker;2721.00;9.88;1923.00;1.57;0
35;coastal_bunker;2700.00;9.50;1947.00;1.57;0
35;coastal_bunker;2716.00;9.98;1925.00;-3.93;0
35;coastal_bunker;2697.00;9.93;1928.00;-3.14;0
35;coastal_bunker;2761.00;9.50;1932.00;1.57;0
35;coastal_bunker;2725.00;9.90;1930.00;-1.57;0
35;stronghold_network;2690.00;10.78;1962.00;3.06;0
35;dockyard;2686.00;10.25;1941.00;-3.46;0
35;anti_air_building;2689.00;10.78;1957.00;0.45;0
35;anti_air_building;2700.00;10.65;1936.00;5.77;0
35;anti_air_building;2718.00;10.40;1939.00;2.14;0
35;synthetic_refinery;2695.00;10.23;1971.00;0.57;0
35;fuel_silo;2726.00;10.00;1945.00;0.59;0
35;radar_station;2720.00;9.50;1953.00;4.21;0
35;naval_supply_hub;2704.00;9.82;1959.00;-3.46;0
35;naval_supply_hub;2724.00;9.50;1935.00;-3.93;0
35;naval_supply_hub;2764.00;9.50;1931.00;1.57;0
35;naval_supply_hub;2726.00;9.50;1929.00;-1.57;0
35;naval_supply_hub;2710.00;10.10;1928.00;-3.93;0
35;naval_supply_hub;2702.00;9.88;1949.00;1.57;0
35;naval_supply_hub;2722.00;9.50;1925.00;1.57;0
35;naval_supply_hub;2698.00;9.50;1926.00;-3.14;0
35;naval_headquarters;2687.00;10.18;1942.00;-3.46;0
35;naval_headquarters;2728.00;9.62;1944.00;-3.93;0
35;naval_headquarters;2763.00;9.50;1932.00;1.57;0
35;naval_headquarters;2714.00;9.50;1923.00;-3.93;0
35;naval_headquarters;2721.00;9.53;1922.00;1.57;0
35;naval_headquarters;2724.00;9.50;1928.00;-1.57;0
35;naval_headquarters;2699.00;9.50;1926.00;-3.14;0
35;naval_headquarters;2700.00;9.50;1949.00;1.57;0
35;nuclear_reactor_spawn;2686.00;10.40;1943.00;5.82;0
35;special_project_facility_spawn;2678.00;10.95;1954.00;4.04;0
35;special_project_facility_spawn;2716.00;10.07;1936.00;2.98;0
35;special_project_facility_spawn;2720.00;9.98;1926.00;3.47;0
35;special_project_facility_spawn;2699.00;9.50;1950.00;1.10;0
35;special_project_facility_spawn;2715.00;10.00;1925.00;3.81;0
35;special_project_facility_spawn;2696.00;9.50;1927.00;4.59;0
35;special_project_facility_spawn;2762.00;9.65;1933.00;0.09;0
35;special_project_facility_spawn;2726.00;9.90;1930.00;5.67;0
35;rocket_site_spawn;2674.00;10.25;1950.00;4.04;0
35;floating_harbor;2735.00;10.07;1955.00;-0.90;1587
35;floating_harbor;2735.00;10.07;1955.00;-1.76;1629
35;floating_harbor;2716.95;9.50;1930.95;-0.79;1761
35;floating_harbor;2727.00;9.50;1925.00;-1.57;1855
35;floating_harbor;2769.00;9.50;1933.00;-1.57;1874
35;floating_harbor;2708.00;9.50;1948.00;-1.57;1910
35;floating_harbor;2735.00;10.07;1955.00;-0.37;1977
36;arms_factory;3032.00;9.88;1453.00;2.07;0
36;arms_factory;3037.00;9.75;1437.00;3.08;0
36;arms_factory;3022.00;9.93;1456.00;5.74;0
36;arms_factory;3027.00;10.05;1454.00;3.77;0
36;arms_factory;3037.00;9.73;1422.00;4.16;0
36;arms_factory;3038.00;9.78;1427.00;2.14;0
36;industrial_complex;3024.00;9.78;1443.00;4.83;0
36;industrial_complex;3032.00;10.28;1432.00;4.57;0
36;industrial_complex;3024.00;10.07;1462.00;5.42;0
36;industrial_complex;3034.00;10.10;1431.00;4.23;0
36;industrial_complex;3033.00;9.90;1457.00;5.67;0
36;industrial_complex;3027.00;9.78;1433.00;3.91;0
36;air_base;3012.00;9.62;1468.00;1.66;0
36;supply_node;3028.00;9.80;1446.00;4.77;0
36;bunker;3036.00;10.07;1428.00;1.54;0
36;coastal_bunker;3022.00;9.50;1433.00;0.12;0
36;stronghold_network;3024.00;9.62;1431.00;1.91;0
36;dockyard;3016.00;9.50;1469.00;-2.90;0
36;anti_air_building;3020.00;9.70;1444.00;4.96;0
36;anti_air_building;3028.00;9.88;1436.00;4.86;0
36;anti_air_building;3028.00;9.82;1427.00;1.95;0
36;synthetic_refinery;3028.00;9.82;1442.00;4.58;0
36;fuel_silo;3031.00;10.23;1460.00;5.11;0
36;radar_station;3027.00;9.80;1442.00;4.63;0
36;naval_supply_hub;3038.00;9.60;1416.00;0.12;0
36;naval_headquarters;3014.00;9.50;1450.00;0.12;0
36;nuclear_reactor_spawn;3041.00;9.57;1432.00;5.30;0
36;special_project_facility_spawn;3037.00;9.73;1422.00;2.23;0
36;rocket_site_spawn;3034.00;9.57;1415.00;3.08;0
37;arms_factory;2908.00;10.45;1196.00;5.74;0
37;arms_factory;2944.00;13.45;1354.00;3.77;0
37;arms_factory;2947.00;10.40;1088.00;4.16;0
37;arms_factory;2939.00;10.60;1047.00;2.14;0
37;arms_factory;3020.00;9.90;1343.00;4.83;0
37;arms_factory;3044.00;9.75;1366.00;4.57;0
37;industrial_complex;3020.00;10.07;1380.00;5.42;0
37;industrial_complex;2999.00;10.10;1161.00;4.23;0
37;industrial_complex;2980.00;11.85;1334.00;5.67;0
37;industrial_complex;2910.00;10.32;1128.00;3.91;0
37;industrial_complex;2932.00;13.40;1436.00;1.66;0
37;industrial_complex;2975.00;12.07;1374.00;6.26;0
37;supply_node;2926.00;12.48;1452.00;3.97;0
37;supply_node;2914.00;10.80;1370.00;4.25;0
37;supply_node;2986.00;10.82;1375.00;5.80;0
37;supply_node;2936.00;11.73;1294.00;2.53;0
37;supply_node;3017.00;10.20;1317.00;2.77;0
37;supply_node;2917.00;12.53;1319.00;3.72;0
37;supply_node;2999.00;10.32;1440.00;3.99;0
37;supply_node;2966.00;12.62;1323.00;4.44;0
37;supply_node;3022.00;10.00;1369.00;5.78;0
37;supply_node;2935.00;12.25;1400.00;4.63;0
37;supply_node;3072.00;11.43;1255.00;5.97;0
37;supply_node;3007.00;11.10;1304.00;3.59;0
37;supply_node;3045.00;10.85;1289.00;0.25;0
37;supply_node;3058.00;10.40;1311.00;0.32;0
37;supply_node;3017.00;10.10;1329.00;0.87;0
37;supply_node;3045.00;9.80;1189.00;1.41;0
37;supply_node;3040.00;10.25;1360.00;5.54;0
37;supply_node;2964.00;10.35;1131.00;2.69;0
37;supply_node;3026.00;10.48;1301.00;2.59;0
37;supply_node;2971.00;14.12;1443.00;3.21;0
37;supply_node;2959.00;10.38;1254.00;2.86;0
37;supply_node;3035.00;10.32;1245.00;4.05;0
37;bunker;3062.00;10.85;1257.00;2.60;0
37;bunker;3002.00;9.98;1231.00;0.45;0
37;bunker;3039.00;10.62;1283.00;5.77;0
37;bunker;3004.00;10.10;1181.00;2.14;0
37;bunker;2936.00;13.75;1441.00;0.57;0
37;bunker;2955.00;15.68;1457.00;0.59;0
37;bunker;2997.00;10.50;1374.00;5.48;0
37;bunker;2933.00;13.20;1346.00;3.83;0
37;bunker;3056.00;11.00;1255.00;3.05;0
37;bunker;3013.00;10.20;1318.00;0.85;0
37;bunker;2950.00;13.70;1321.00;3.84;0
37;bunker;3035.00;9.93;1333.00;4.14;0
37;bunker;2929.00;11.73;1410.00;3.46;0
37;bunker;3047.00;9.80;1163.00;1.84;0
37;bunker;3073.00;9.80;1293.00;0.93;0
37;bunker;3043.00;10.12;1340.00;4.88;0
37;bunker;2910.00;10.55;1362.00;6.07;0
37;bunker;2950.00;10.90;1282.00;4.14;0
37;bunker;3009.00;9.80;1435.00;4.76;0
37;bunker;3021.00;10.05;1373.00;2.99;0
37;bunker;3006.00;11.40;1299.00;4.48;0
37;bunker;3028.00;11.18;1294.00;5.92;0
37;coastal_bunker;2939.00;9.93;1474.00;-3.27;0
37;coastal_bunker;3069.00;9.90;1318.00;-4.36;0
37;coastal_bunker;3008.00;9.57;1472.00;-3.26;0
37;coastal_bunker;3080.00;9.73;1271.00;-3.76;0
37;coastal_bunker;3053.00;9.70;1352.00;-3.70;0
37;coastal_bunker;3027.00;9.53;1407.00;-3.27;0
37;coastal_bunker;2960.00;10.38;1466.00;-3.25;0
37;coastal_bunker;3022.00;9.57;1419.00;-3.79;0
37;stronghold_network;2951.00;10.28;1172.00;0.09;0
37;dockyard;3091.00;9.93;1253.00;-3.76;0
37;anti_air_building;2946.00;10.43;1230.00;4.04;0
37;anti_air_building;3015.00;10.10;1163.00;1.43;0
37;anti_air_building;2884.00;10.10;1175.00;3.68;0
37;synthetic_refinery;3029.00;9.80;1094.00;3.91;0
37;fuel_silo;3013.00;10.00;1238.00;2.11;0
37;radar_station;2978.00;10.23;1248.00;2.91;0
37;naval_supply_hub;3056.00;9.65;1348.00;-3.70;0
37;naval_supply_hub;2927.00;9.98;1476.00;-3.27;0
37;naval_supply_hub;3021.00;9.60;1419.00;-3.79;0
37;naval_supply_hub;3016.00;9.57;1426.00;1.31;0
37;naval_supply_hub;2986.00;9.88;1476.00;-3.25;0
37;naval_supply_hub;3084.00;10.03;1259.00;-3.76;0
37;naval_supply_hub;3029.00;9.65;1403.00;-3.27;0
37;naval_supply_hub;3065.00;9.82;1322.00;-4.36;0
37;naval_headquarters;3056.00;9.50;1347.00;-3.70;0
37;naval_headquarters;2928.00;9.95;1476.00;-3.27;0
37;naval_headquarters;3078.00;9.62;1290.00;-4.36;0
37;naval_headquarters;3012.00;9.55;1440.00;1.31;0
37;naval_headquarters;3080.00;9.85;1266.00;-3.76;0
37;naval_headquarters;3024.00;9.57;1416.00;-3.27;0
37;naval_headquarters;2989.00;9.50;1477.00;-3.25;0
37;naval_headquarters;3022.00;9.57;1419.00;-3.79;0
37;nuclear_reactor_spawn;3008.00;10.35;1287.00;4.03;0
37;special_project_facility_spawn;3039.00;10.10;1353.00;2.32;0
37;special_project_facility_spawn;2947.00;10.23;1062.00;3.96;0
37;special_project_facility_spawn;2923.00;11.88;1368.00;2.86;0
37;special_project_facility_spawn;2942.00;10.75;1271.00;4.43;0
37;special_project_facility_spawn;3049.00;11.25;1250.00;5.94;0
37;special_project_facility_spawn;2986.00;11.55;1320.00;5.73;0
37;special_project_facility_spawn;3003.00;10.48;1391.00;1.49;0
37;special_project_facility_spawn;3041.00;10.53;1282.00;3.28;0
37;special_project_facility_spawn;2938.00;12.93;1366.00;3.40;0
37;special_project_facility_spawn;2927.00;12.53;1448.00;0.47;0
37;special_project_facility_spawn;2880.00;9.82;1207.00;1.82;0
37;special_project_facility_spawn;2909.00;12.38;1300.00;3.00;0
37;special_project_facility_spawn;3076.00;10.95;1260.00;5.79;0
37;special_project_facility_spawn;3034.00;10.12;1348.00;0.55;0
37;special_project_facility_spawn;3024.00;9.90;1338.00;0.79;0
37;special_project_facility_spawn;2990.00;11.45;1459.00;0.89;0
37;special_project_facility_spawn;3039.00;10.00;1195.00;5.31;0
37;special_project_facility_spawn;3034.00;10.28;1315.00;4.77;0
37;special_project_facility_spawn;2965.00;14.88;1452.00;3.99;0
37;special_project_facility_spawn;3058.00;9.95;1324.00;1.80;0
37;special_project_facility_spawn;2995.00;11.28;1311.00;2.69;0
37;special_project_facility_spawn;3025.00;10.20;1310.00;1.66;0
37;rocket_site_spawn;3035.00;9.90;1158.00;3.55;0
37;floating_harbor;2929.91;9.50;1481.94;-0.13;20
37;floating_harbor;3087.00;9.50;1309.00;-2.61;86
37;floating_harbor;3020.76;9.50;1434.20;-1.83;162
37;floating_harbor;3027.89;9.50;1414.94;-0.13;343
37;floating_harbor;3086.07;9.50;1274.70;-0.62;378
37;floating_harbor;3075.58;9.50;1317.39;-1.22;409
37;floating_harbor;3048.71;9.50;1373.94;-0.56;588
38;arms_factory;3038.00;9.65;1472.00;4.16;0
38;arms_factory;3047.00;9.68;1469.00;2.14;0
38;arms_factory;3045.00;9.80;1466.00;4.83;0
38;arms_factory;3050.00;9.60;1476.00;4.57;0
38;arms_factory;3051.00;9.68;1491.00;5.42;0
38;arms_factory;3052.00;9.60;1494.00;4.23;0
38;industrial_complex;3041.00;9.90;1461.00;5.67;0
38;industrial_complex;3040.00;9.85;1467.00;3.91;0
38;industrial_complex;3051.00;9.62;1492.00;1.66;0
38;industrial_complex;3044.00;9.70;1455.00;6.26;0
38;industrial_complex;3041.00;9.60;1475.00;1.54;0
38;industrial_complex;3053.00;9.62;1487.00;4.36;0
38;air_base;3052.00;9.57;1477.00;1.91;0
38;supply_node;3047.00;9.68;1476.00;2.53;0
38;bunker;3051.00;9.68;1482.00;4.96;0
38;coastal_bunker;3043.00;9.50;1483.00;-2.91;0
38;stronghold_network;3041.00;9.60;1475.00;1.95;0
38;dockyard;3045.00;9.50;1489.00;-2.91;0
38;anti_air_building;3044.00;9.70;1456.00;5.11;0
38;anti_air_building;3048.00;9.73;1458.00;4.61;0
38;anti_air_building;3044.00;9.90;1467.00;3.88;0
38;synthetic_refinery;3045.00;9.68;1481.00;0.43;0
38;fuel_silo;3054.00;9.50;1502.00;5.30;0
38;radar_station;3046.00;9.70;1475.00;0.32;0
38;naval_supply_hub;3040.00;9.50;1478.00;-2.91;0
38;naval_headquarters;3046.00;9.50;1496.00;-2.91;0
38;nuclear_reactor_spawn;3046.00;9.70;1452.00;5.38;0
38;special_project_facility_spawn;3053.00;9.53;1499.00;2.66;0
38;rocket_site_spawn;3043.00;9.90;1463.00;6.06;0
38;floating_harbor;3042.43;9.50;1495.82;0.23;523
39;arms_factory;2739.00;9.80;1428.00;4.83;0
39;arms_factory;2712.00;9.80;1455.00;4.57;0
39;arms_factory;2753.00;9.80;1484.00;5.42;0
39;arms_factory;2713.00;9.85;1498.00;4.23;0
39;arms_factory;2696.00;10.30;1451.00;5.67;0
39;arms_factory;2877.00;12.98;1454.00;3.91;0
39;industrial_complex;2741.00;9.80;1467.00;1.66;0
39;industrial_complex;2773.00;10.07;1456.00;6.26;0
39;industrial_complex;2871.00;11.15;1440.00;1.54;0
39;industrial_complex;2883.00;11.82;1452.00;4.36;0
39;industrial_complex;2767.00;9.73;1477.00;1.91;0
39;industrial_complex;2702.00;9.70;1466.00;4.71;0
39;supply_node;2665.00;10.00;1568.00;2.77;0
39;supply_node;2887.00;11.73;1462.00;3.72;0
39;supply_node;2714.00;9.93;1488.00;3.99;0
39;supply_node;2679.00;11.30;1530.00;4.44;0
39;supply_node;2831.00;9.50;1459.00;5.78;0
39;supply_node;2638.00;11.73;1551.00;4.63;0
39;supply_node;2727.00;10.25;1428.00;5.97;0
39;supply_node;2870.00;11.30;1430.00;3.59;0
39;supply_node;2695.00;9.93;1569.00;0.25;0
39;supply_node;2737.00;9.85;1458.00;0.32;0
39;supply_node;2844.00;11.75;1446.00;0.87;0
39;supply_node;2710.00;9.53;1534.00;1.41;0
39;supply_node;2705.00;9.57;1518.00;5.54;0
39;bunker;2649.00;10.35;1571.00;2.66;0
39;bunker;2708.00;10.23;1493.00;6.06;0
39;bunker;2768.00;10.25;1460.00;1.00;0
39;bunker;2655.00;11.05;1544.00;0.25;0
39;bunker;2883.00;11.73;1447.00;3.06;0
39;bunker;2724.00;10.80;1419.00;2.60;0
39;bunker;2870.00;13.80;1465.00;0.45;0
39;bunker;2667.00;10.68;1546.00;5.77;0
39;bunker;2849.00;11.65;1445.00;2.14;0
39;bunker;2865.00;10.95;1442.00;0.57;0
39;bunker;2689.00;10.25;1574.00;0.59;0
39;bunker;2713.00;9.50;1538.00;5.48;0
39;bunker;2705.00;9.57;1518.00;3.83;0
39;coastal_bunker;2854.00;9.62;1499.00;-3.37;0
39;coastal_bunker;2624.00;10.25;1569.00;-2.47;0
39;coastal_bunker;2745.00;9.50;1499.00;-4.38;0
39;coastal_bunker;2766.00;9.50;1492.00;-4.28;0
39;coastal_bunker;2891.00;10.07;1486.00;-3.11;0
39;coastal_bunker;2655.00;9.65;1575.00;-2.23;0
39;coastal_bunker;2707.00;9.60;1575.00;-4.07;0
39;coastal_bunker;2693.00;9.82;1523.00;-4.38;0
39;coastal_bunker;2704.00;9.50;1519.00;-1.57;0
39;coastal_bunker;2708.00;9.50;1531.00;-1.57;0
39;stronghold_network;2807.00;9.93;1445.00;4.76;0
39;dockyard;2790.00;9.55;1471.00;-4.28;0
39;anti_air_building;2756.00;9.80;1483.00;4.48;0
39;anti_air_building;2902.00;11.57;1435.00;5.92;0
39;anti_air_building;2667.00;9.85;1531.00;4.01;0
39;synthetic_refinery;2679.00;11.07;1565.00;5.82;0
39;fuel_silo;2661.00;10.80;1517.00;4.04;0
39;radar_station;2758.00;9.50;1494.00;0.36;0
39;naval_supply_hub;2706.00;9.50;1577.00;-4.07;0
39;naval_supply_hub;2904.00;9.80;1485.00;-3.11;0
39;naval_supply_hub;2816.00;9.65;1457.00;-3.37;0
39;naval_supply_hub;2706.00;9.55;1513.00;-3.09;0
39;naval_supply_hub;2707.00;9.50;1518.00;-1.57;0
39;naval_supply_hub;2624.00;9.98;1570.00;-2.47;0
39;naval_supply_hub;2685.00;9.55;1580.00;-2.23;0
39;naval_supply_hub;2782.00;9.53;1472.00;-4.28;0
39;naval_supply_hub;2692.00;9.95;1524.00;-4.38;0
39;naval_supply_hub;2709.00;9.50;1534.00;-1.57;0
39;naval_headquarters;2834.00;9.50;1481.00;-3.37;0
39;naval_headquarters;2694.00;9.65;1580.00;-4.07;0
39;naval_headquarters;2635.00;9.80;1572.00;-2.23;0
39;naval_headquarters;2783.00;9.50;1472.00;-4.28;0
39;naval_headquarters;2891.00;10.07;1486.00;-3.11;0
39;naval_headquarters;2709.00;9.50;1507.00;-3.09;0
39;naval_headquarters;2708.00;9.50;1533.00;-1.57;0
39;naval_headquarters;2706.00;9.50;1540.00;-4.38;0
39;naval_headquarters;2707.00;9.50;1518.00;-1.57;0
39;naval_headquarters;2621.00;9.88;1573.00;-2.47;0
39;nuclear_reactor_spawn;2755.00;9.80;1463.00;1.68;0
39;special_project_facility_spawn;2862.00;13.50;1465.00;1.01;0
39;special_project_facility_spawn;2895.00;12.28;1473.00;1.44;0
39;special_project_facility_spawn;2784.00;9.68;1469.00;4.18;0
39;special_project_facility_spawn;2866.00;12.05;1422.00;3.69;0
39;special_project_facility_spawn;2615.00;13.75;1561.00;1.06;0
39;special_project_facility_spawn;2685.00;11.05;1529.00;2.31;0
39;special_project_facility_spawn;2730.00;9.70;1475.00;0.54;0
39;special_project_facility_spawn;2686.00;10.60;1567.00;4.03;0
39;special_project_facility_spawn;2713.00;10.60;1431.00;2.32;0
39;special_project_facility_spawn;2827.00;10.30;1447.00;3.96;0
39;special_project_facility_spawn;2695.00;10.35;1558.00;2.86;0
39;special_project_facility_spawn;2711.00;9.50;1536.00;4.43;0
39;special_project_facility_spawn;2705.00;9.57;1518.00;5.94;0
39;rocket_site_spawn;2755.00;10.15;1451.00;5.73;0
39;floating_harbor;2650.47;9.50;1579.30;0.91;27
39;floating_harbor;2885.75;9.50;1497.00;0.04;214
39;floating_harbor;2712.63;9.50;1513.99;0.05;355
39;floating_harbor;2708.61;9.50;1540.30;-1.24;499
39;floating_harbor;2832.57;9.50;1482.82;-0.23;548
39;floating_harbor;2617.63;9.50;1576.47;0.67;664
39;floating_harbor;2704.60;9.50;1576.20;-0.93;681
39;floating_harbor;2784.35;9.50;1479.94;-1.14;682
39;floating_harbor;2636.00;9.50;1621.00;0.70;2017
39;floating_harbor;2636.00;9.50;1621.00;0.59;2236
40;arms_factory;2889.00;10.57;828.00;5.42;0
40;arms_factory;2948.00;11.38;871.00;4.23;0
40;arms_factory;2945.00;11.80;872.00;5.67;0
40;arms_factory;2917.00;10.30;834.00;3.91;0
40;arms_factory;2946.00;10.82;828.00;1.66;0
40;arms_factory;2914.00;10.25;792.00;6.26;0
40;industrial_complex;2963.00;10.55;828.00;1.54;0
40;industrial_complex;2945.00;10.73;856.00;4.36;0
40;industrial_complex;2923.00;10.20;826.00;1.91;0
40;industrial_complex;2938.00;11.48;871.00;4.71;0
40;industrial_complex;2908.00;10.40;809.00;4.96;0
40;industrial_complex;2935.00;11.03;868.00;4.86;0
40;air_base;2923.00;10.40;784.00;1.95;0
40;supply_node;2923.00;10.48;816.00;4.44;0
40;bunker;2875.00;10.23;809.00;5.11;0
40;stronghold_network;2879.00;10.23;786.00;4.61;0
40;anti_air_building;2930.00;11.95;874.00;3.88;0
40;anti_air_building;2925.00;10.55;775.00;0.43;0
40;anti_air_building;2934.00;10.82;805.00;5.30;0
40;synthetic_refinery;2949.00;10.70;786.00;2.23;0
40;fuel_silo;2944.00;10.88;800.00;3.08;0
40;radar_station;2923.00;10.80;810.00;1.41;0
40;nuclear_reactor_spawn;2951.00;10.80;834.00;5.38;0
40;special_project_facility_spawn;2905.00;10.10;792.00;2.66;0
40;rocket_site_spawn;2940.00;10.75;777.00;6.06;0
41;arms_factory;2715.00;12.98;1069.00;5.67;0
41;arms_factory;2706.00;10.05;1035.00;3.91;0
41;arms_factory;2684.00;10.73;1037.00;1.66;0
41;arms_factory;2647.00;9.93;1044.00;6.26;0
41;arms_factory;2668.00;10.00;1042.00;1.54;0
41;arms_factory;2712.00;14.80;1084.00;4.36;0
41;industrial_complex;2719.00;13.32;1067.00;1.91;0
41;industrial_complex;2697.00;10.28;1015.00;4.71;0
41;industrial_complex;2755.00;10.23;1097.00;4.96;0
41;industrial_complex;2739.00;10.90;1062.00;4.86;0
41;industrial_complex;2742.00;11.53;1053.00;1.95;0
41;industrial_complex;2733.00;11.43;1049.00;4.58;0
41;air_base;2650.00;10.25;1070.00;5.11;0
41;supply_node;2700.00;11.28;1057.00;4.63;0
41;bunker;2701.00;10.28;1039.00;3.88;0
41;coastal_bunker;2651.00;9.50;1032.00;-0.97;0
41;stronghold_network;2713.00;12.78;1065.00;5.30;0
41;dockyard;2658.00;9.50;1031.00;-0.97;0
41;anti_air_building;2741.00;11.45;1085.00;3.08;0
41;anti_air_building;2750.00;10.62;1088.00;0.48;0
41;anti_air_building;2764.00;10.12;1084.00;5.38;0
41;synthetic_refinery;2729.00;11.70;1085.00;2.66;0
41;fuel_silo;2679.00;10.28;1055.00;6.06;0
41;radar_station;2700.00;11.28;1056.00;3.21;0
41;naval_supply_hub;2650.00;9.50;1033.00;-0.97;0
41;naval_headquarters;2674.00;9.50;1030.00;-0.97;0
41;nuclear_reactor_spawn;2650.00;10.25;1060.00;2.60;0
41;special_project_facility_spawn;2690.00;10.57;1033.00;0.45;0
41;rocket_site_spawn;2721.00;13.15;1074.00;5.77;0
41;floating_harbor;2653.22;9.50;1025.05;-4.11;723
42;arms_factory;4845.00;9.70;1961.00;1.66;0
42;arms_factory;4843.00;9.50;2036.00;6.26;0
42;arms_factory;4792.00;9.50;1884.00;1.54;0
42;arms_factory;4785.00;9.82;1944.00;4.36;0
42;arms_factory;4830.00;9.50;1998.00;1.91;0
42;arms_factory;4829.00;9.60;1967.00;4.71;0
42;industrial_complex;4801.00;9.60;1969.00;4.96;0
42;industrial_complex;4860.00;9.50;2047.00;4.86;0
42;industrial_complex;4772.00;9.60;1966.00;1.95;0
42;industrial_complex;4768.00;9.50;1896.00;4.58;0
42;industrial_complex;4818.00;9.50;1922.00;5.11;0
42;industrial_complex;4839.00;9.50;2002.00;4.61;0
42;air_base;4780.00;9.70;1932.00;3.88;0
42;supply_node;4796.00;9.50;1906.00;3.59;0
42;supply_node;4859.00;9.50;2044.00;0.25;0
42;supply_node;4793.00;9.65;1968.00;0.32;0
42;supply_node;4773.00;9.78;1931.00;0.87;0
42;supply_node;4830.00;9.68;1957.00;1.41;0
42;supply_node;4773.00;9.70;1960.00;5.54;0
42;supply_node;4835.00;9.50;2004.00;2.69;0
42;supply_node;4784.00;9.50;1871.00;2.59;0
42;supply_node;4880.00;9.50;2022.00;3.21;0
42;supply_node;4911.00;9.50;1936.00;2.86;0
42;supply_node;4932.00;9.50;1929.00;4.05;0
42;bunker;4855.00;9.60;1976.00;2.60;0
42;bunker;4826.00;9.60;2010.00;0.45;0
42;bunker;4854.00;9.50;2034.00;5.77;0
42;bunker;4789.00;9.50;1866.00;2.14;0
42;bunker;4879.00;9.50;2023.00;0.57;0
42;bunker;4796.00;9.70;1965.00;0.59;0
42;bunker;4761.00;9.50;1950.00;5.48;0
42;bunker;4804.00;9.50;1894.00;3.83;0
42;bunker;4768.00;9.60;1958.00;3.05;0
42;bunker;4934.00;9.50;1928.00;0.85;0
42;bunker;4909.00;9.50;1941.00;3.84;0
42;coastal_bunker;4791.00;9.50;1861.00;-0.38;0
42;coastal_bunker;4911.00;9.50;1942.00;1.57;0
42;coastal_bunker;4765.00;9.50;1967.00;-2.48;0
42;coastal_bunker;4868.00;9.50;1996.00;1.28;0
42;coastal_bunker;4858.00;9.50;1961.00;1.54;0
42;coastal_bunker;4875.00;9.50;2021.00;-0.79;0
42;coastal_bunker;4800.00;9.50;2003.00;-2.84;0
42;coastal_bunker;4801.00;9.50;1892.00;1.22;0
42;coastal_bunker;4853.00;9.50;2058.00;-2.51;0
42;coastal_bunker;4764.00;9.50;1913.00;-1.74;0
42;coastal_bunker;4931.00;9.50;1931.00;1.57;0
42;stronghold_network;4849.00;9.73;1967.00;4.01;0
42;dockyard;4814.00;9.50;1896.00;1.22;0
42;anti_air_building;4872.00;9.50;2060.00;4.04;0
42;anti_air_building;4866.00;9.50;2055.00;2.98;0
42;anti_air_building;4771.00;9.70;1948.00;3.47;0
42;synthetic_refinery;4864.00;9.50;2037.00;1.10;0
42;fuel_silo;4860.00;9.50;2042.00;3.81;0
42;radar_station;4848.00;9.70;1958.00;1.38;0
42;naval_supply_hub;4863.00;9.50;2027.00;1.00;0
42;naval_supply_hub;4764.00;9.50;1914.00;-1.74;0
42;naval_supply_hub;4811.00;9.50;1895.00;1.22;0
42;naval_supply_hub;4789.00;9.50;1859.00;-0.38;0
42;naval_supply_hub;4775.00;9.50;1979.00;-2.84;0
42;naval_supply_hub;4764.00;9.50;1964.00;-2.48;0
42;naval_supply_hub;4847.00;9.50;1925.00;0.30;0
42;naval_supply_hub;4811.00;9.50;2013.00;-2.30;0
42;naval_supply_hub;4875.00;9.50;2020.00;-0.79;0
42;naval_supply_hub;4931.00;9.50;1931.00;1.57;0
42;naval_supply_hub;4914.00;9.50;1935.00;1.57;0
42;naval_headquarters;4917.00;9.50;1930.00;1.57;0
42;naval_headquarters;4792.00;9.50;1862.00;-0.38;0
42;naval_headquarters;4779.00;9.50;1991.00;-2.84;0
42;naval_headquarters;4806.00;9.50;1891.00;1.22;0
42;naval_headquarters;4873.00;9.50;2067.00;-2.51;0
42;naval_headquarters;4863.00;9.50;1967.00;1.54;0
42;naval_headquarters;4850.00;9.50;2004.00;1.28;0
42;naval_headquarters;4933.00;9.50;1929.00;1.57;0
42;naval_headquarters;4876.00;9.50;2018.00;-0.79;0
42;naval_headquarters;4760.00;9.50;1951.00;-1.74;0
42;naval_headquarters;4767.00;9.50;1972.00;-2.48;0
42;nuclear_reactor_spawn;4829.00;9.50;2033.00;2.31;0
42;special_project_facility_spawn;4875.00;9.50;2055.00;0.54;0
42;special_project_facility_spawn;4795.00;9.70;1991.00;4.03;0
42;special_project_facility_spawn;4821.00;9.50;2021.00;2.32;0
42;special_project_facility_spawn;4789.00;9.50;1865.00;3.96;0
42;special_project_facility_spawn;4845.00;9.62;1963.00;2.86;0
42;special_project_facility_spawn;4784.00;9.60;1914.00;4.43;0
42;special_project_facility_spawn;4772.00;9.95;1938.00;5.94;0
42;special_project_facility_spawn;4776.00;9.70;1963.00;5.73;0
42;special_project_facility_spawn;4912.00;9.50;1935.00;1.49;0
42;special_project_facility_spawn;4879.00;9.50;2023.00;3.28;0
42;special_project_facility_spawn;4931.00;9.50;1931.00;3.40;0
42;rocket_site_spawn;4822.00;9.70;1945.00;0.47;0
42;floating_harbor;4821.57;9.50;1896.58;-1.92;41
42;floating_harbor;4875.91;9.50;2033.24;-2.14;73
42;floating_harbor;4782.94;9.50;2000.69;0.30;87
42;floating_harbor;4754.10;9.50;1934.15;1.41;200
42;floating_harbor;4865.00;9.50;1955.75;-1.61;246
42;floating_harbor;4761.70;9.50;1974.53;0.66;473
42;floating_harbor;5004.00;9.50;1978.00;-1.70;496
42;floating_harbor;4763.00;9.50;1902.00;0.49;552
42;floating_harbor;5004.00;9.50;1978.00;-1.90;1674
42;floating_harbor;4919.00;9.50;1936.00;-1.57;1745
43;arms_factory;1241.00;15.12;1499.00;1.54;0
43;arms_factory;1248.00;14.48;1505.00;4.36;0
43;arms_factory;1245.00;13.65;1474.00;1.91;0
43;arms_factory;1234.00;13.55;1475.00;4.71;0
43;arms_factory;1247.00;13.70;1518.00;4.96;0
43;arms_factory;1246.00;11.98;1469.00;4.86;0
43;industrial_complex;1247.00;13.23;1536.00;1.95;0
43;industrial_complex;1231.00;13.32;1511.00;4.58;0
43;industrial_complex;1227.00;12.95;1505.00;5.11;0
43;industrial_complex;1233.00;13.98;1506.00;4.61;0
43;industrial_complex;1250.00;13.23;1474.00;3.88;0
43;industrial_complex;1245.00;13.43;1473.00;0.43;0
43;air_base;1244.00;15.12;1501.00;5.30;0
43;supply_node;1253.00;11.30;1465.00;0.32;0
43;supply_node;1241.00;13.98;1511.00;0.87;0
43;supply_node;1247.00;9.55;1457.00;1.41;0
43;bunker;1237.00;14.40;1507.00;5.38;0
43;bunker;1235.00;13.88;1476.00;2.66;0
43;bunker;1246.00;9.53;1458.00;6.06;0
43;coastal_bunker;1278.00;10.23;1456.00;0.83;0
43;coastal_bunker;1246.00;9.50;1457.00;-1.57;0
43;stronghold_network;1242.00;13.50;1519.00;3.06;0
43;dockyard;1284.00;10.15;1453.00;0.83;0
43;anti_air_building;1254.00;14.98;1507.00;0.45;0
43;anti_air_building;1227.00;12.78;1508.00;5.77;0
43;anti_air_building;1254.00;14.65;1515.00;2.14;0
43;synthetic_refinery;1250.00;10.48;1463.00;0.57;0
43;fuel_silo;1267.00;10.93;1458.00;0.59;0
43;radar_station;1254.00;15.73;1495.00;4.21;0
43;naval_supply_hub;1249.00;9.53;1457.00;-1.57;0
43;naval_supply_hub;1243.00;9.57;1458.00;0.83;0
43;naval_headquarters;1258.00;9.53;1455.00;0.83;0
43;naval_headquarters;1247.00;9.55;1457.00;-1.57;0
43;nuclear_reactor_spawn;1239.00;13.40;1514.00;4.14;0
43;special_project_facility_spawn;1232.00;13.65;1508.00;3.46;0
43;special_project_facility_spawn;1249.00;12.55;1470.00;1.84;0
43;special_project_facility_spawn;1249.00;9.53;1457.00;0.93;0
43;rocket_site_spawn;1229.00;12.93;1515.00;4.88;0
43;floating_harbor;1270.16;9.50;1449.27;-2.31;745
43;floating_harbor;1280.00;9.50;1371.00;-2.78;2294
44;arms_factory;1234.00;12.28;1543.00;1.91;0
44;arms_factory;1239.00;11.50;1574.00;4.71;0
44;arms_factory;1222.00;11.57;1552.00;4.96;0
44;arms_factory;1215.00;12.05;1537.00;4.86;0
44;arms_factory;1222.00;12.32;1534.00;1.95;0
44;arms_factory;1223.00;12.18;1536.00;4.58;0
44;industrial_complex;1231.00;12.70;1538.00;5.11;0
44;industrial_complex;1239.00;11.60;1576.00;4.61;0
44;industrial_complex;1217.00;11.18;1572.00;3.88;0
44;industrial_complex;1265.00;12.00;1555.00;0.43;0
44;industrial_complex;1269.00;11.78;1561.00;5.30;0
44;industrial_complex;1243.00;13.20;1542.00;2.23;0
44;air_base;1258.00;12.90;1548.00;3.08;0
44;supply_node;1238.00;11.95;1557.00;1.41;0
44;bunker;1230.00;11.78;1574.00;5.38;0
44;stronghold_network;1215.00;12.07;1535.00;2.66;0
44;anti_air_building;1225.00;12.00;1546.00;6.06;0
44;anti_air_building;1225.00;11.80;1548.00;1.00;0
44;anti_air_building;1219.00;12.48;1532.00;0.25;0
44;synthetic_refinery;1257.00;13.32;1546.00;3.06;0
44;fuel_silo;1237.00;11.65;1564.00;2.60;0
44;radar_station;1243.00;12.03;1553.00;5.45;0
44;nuclear_reactor_spawn;1210.00;10.90;1579.00;5.77;0
44;special_project_facility_spawn;1233.00;12.70;1539.00;2.14;0
44;rocket_site_spawn;1224.00;11.65;1556.00;0.57;0
45;arms_factory;1204.00;10.70;1694.00;4.96;0
45;arms_factory;1201.00;10.73;1667.00;4.86;0
45;arms_factory;1241.00;11.57;1702.00;1.95;0
45;arms_factory;1266.00;11.03;1620.00;4.58;0
45;arms_factory;1244.00;10.78;1636.00;5.11;0
45;arms_factory;1212.00;10.62;1641.00;4.61;0
45;industrial_complex;1203.00;11.07;1784.00;3.88;0
45;industrial_complex;1210.00;11.05;1745.00;0.43;0
45;industrial_complex;1210.00;10.50;1603.00;5.30;0
45;industrial_complex;1205.00;11.07;1781.00;2.23;0
45;industrial_complex;1195.00;10.70;1749.00;3.08;0
45;industrial_complex;1197.00;10.45;1701.00;0.48;0
45;air_base;1214.00;10.65;1645.00;5.38;0
45;supply_node;1240.00;11.32;1679.00;2.69;0
45;supply_node;1211.00;10.60;1650.00;2.59;0
45;supply_node;1236.00;10.80;1627.00;3.21;0
45;supply_node;1261.00;11.50;1601.00;2.86;0
45;supply_node;1201.00;11.53;1762.00;4.05;0
45;bunker;1236.00;11.12;1709.00;2.60;0
45;bunker;1277.00;11.45;1593.00;0.45;0
45;bunker;1233.00;10.93;1596.00;5.77;0
45;bunker;1185.00;11.30;1778.00;2.14;0
45;bunker;1239.00;10.93;1617.00;0.57;0
45;stronghold_network;1216.00;10.43;1630.00;0.59;0
45;anti_air_building;1264.00;11.40;1606.00;5.48;0
45;anti_air_building;1211.00;10.78;1686.00;3.83;0
45;anti_air_building;1183.00;11.38;1760.00;3.05;0
45;synthetic_refinery;1236.00;11.55;1698.00;0.85;0
45;fuel_silo;1214.00;10.70;1679.00;3.84;0
45;radar_station;1230.00;11.07;1701.00;4.91;0
45;nuclear_reactor_spawn;1251.00;11.12;1602.00;3.46;0
45;special_project_facility_spawn;1252.00;11.48;1663.00;1.84;0
45;special_project_facility_spawn;1198.00;10.53;1709.00;0.93;0
45;special_project_facility_spawn;1212.00;10.73;1721.00;4.88;0
45;special_project_facility_spawn;1248.00;11.15;1604.00;6.07;0
45;special_project_facility_spawn;1232.00;11.05;1643.00;4.14;0
45;rocket_site_spawn;1240.00;11.12;1717.00;4.76;0
46;arms_factory;1093.00;10.15;1579.00;1.95;0
46;arms_factory;1188.00;10.95;1459.00;4.58;0
46;arms_factory;1122.00;10.50;1538.00;5.11;0
46;arms_factory;1105.00;10.20;1514.00;4.61;0
46;arms_factory;1196.00;11.15;1542.00;3.88;0
46;arms_factory;1169.00;11.05;1515.00;0.43;0
46;industrial_complex;1115.00;10.40;1498.00;5.30;0
46;industrial_complex;1145.00;10.20;1423.00;2.23;0
46;industrial_complex;1107.00;10.28;1561.00;3.08;0
46;industrial_complex;1052.00;10.50;1569.00;0.48;0
46;industrial_complex;1063.00;10.50;1557.00;5.38;0
46;industrial_complex;1066.00;10.20;1588.00;2.66;0
46;air_base;1128.00;10.60;1478.00;6.06;0
46;supply_node;1037.00;10.45;1572.00;3.21;0
46;supply_node;1142.00;10.78;1466.00;2.86;0
46;supply_node;1077.00;10.20;1564.00;4.05;0
46;supply_node;1198.00;11.32;1486.00;2.57;0
46;supply_node;1153.00;11.07;1547.00;5.45;0
46;supply_node;1117.00;10.40;1511.00;3.76;0
46;supply_node;1153.00;10.45;1426.00;4.27;0
46;supply_node;1148.00;10.55;1576.00;0.19;0
46;supply_node;1190.00;10.90;1546.00;2.25;0
46;supply_node;1169.00;9.50;1408.00;4.21;0
46;bunker;1093.00;10.20;1507.00;3.83;0
46;bunker;1041.00;10.30;1586.00;3.05;0
46;bunker;1116.00;10.10;1573.00;0.85;0
46;bunker;1144.00;10.43;1446.00;3.84;0
46;bunker;1175.00;11.00;1510.00;4.14;0
46;bunker;1154.00;10.40;1438.00;3.46;0
46;bunker;1190.00;11.07;1567.00;1.84;0
46;bunker;1156.00;11.10;1528.00;0.93;0
46;bunker;1081.00;10.30;1531.00;4.88;0
46;bunker;1170.00;9.50;1413.00;6.07;0
46;coastal_bunker;1169.00;9.50;1407.00;-3.93;0
46;coastal_bunker;1175.00;9.50;1432.00;1.18;0
46;coastal_bunker;1207.00;9.50;1458.00;0.21;0
46;stronghold_network;1190.00;11.10;1533.00;4.48;0
46;dockyard;1175.00;9.50;1432.00;1.18;0
46;anti_air_building;1181.00;10.48;1580.00;4.01;0
46;anti_air_building;1128.00;10.30;1439.00;5.82;0
46;anti_air_building;1175.00;11.20;1489.00;4.04;0
46;synthetic_refinery;1190.00;11.25;1531.00;2.98;0
46;fuel_silo;1190.00;10.88;1583.00;3.47;0
46;radar_station;1131.00;10.55;1493.00;1.27;0
46;naval_supply_hub;1217.00;10.05;1463.00;0.21;0
46;naval_supply_hub;1169.00;9.70;1397.00;1.18;0
46;naval_supply_hub;1170.00;9.50;1403.00;-3.93;0
46;naval_headquarters;1165.00;9.70;1411.00;1.18;0
46;naval_headquarters;1186.00;9.50;1441.00;0.21;0
46;naval_headquarters;1170.00;9.50;1403.00;-3.93;0
46;nuclear_reactor_spawn;1151.00;10.53;1456.00;3.68;0
46;special_project_facility_spawn;1132.00;10.60;1528.00;3.91;0
46;special_project_facility_spawn;1132.00;10.38;1455.00;2.11;0
46;special_project_facility_spawn;1192.00;11.07;1556.00;6.13;0
46;special_project_facility_spawn;1175.00;10.70;1456.00;2.35;0
46;special_project_facility_spawn;1135.00;10.62;1547.00;1.08;0
46;special_project_facility_spawn;1096.00;10.10;1579.00;5.10;0
46;special_project_facility_spawn;1137.00;10.10;1431.00;2.07;0
46;special_project_facility_spawn;1112.00;10.10;1569.00;0.50;0
46;special_project_facility_spawn;1050.00;10.60;1558.00;0.36;0
46;special_project_facility_spawn;1170.00;9.50;1414.00;5.20;0
46;rocket_site_spawn;1154.00;10.30;1429.00;6.24;0
46;floating_harbor;1206.45;9.50;1446.15;-2.93;1019
46;floating_harbor;1176.47;9.50;1416.33;-1.96;1095
47;arms_factory;1795.00;12.53;1797.00;5.11;0
47;arms_factory;1466.00;9.95;1658.00;4.61;0
47;arms_factory;1759.00;17.75;1810.00;3.88;0
47;arms_factory;1414.00;10.43;1652.00;0.43;0
47;arms_factory;1537.00;10.57;1712.00;5.30;0
47;arms_factory;1745.00;14.45;1846.00;2.23;0
47;industrial_complex;1569.00;11.12;1758.00;3.08;0
47;industrial_complex;1518.00;10.40;1727.00;0.48;0
47;industrial_complex;1749.00;18.33;1808.00;5.38;0
47;industrial_complex;1606.00;11.15;1790.00;2.66;0
47;industrial_complex;1494.00;9.95;1665.00;6.06;0
47;industrial_complex;1626.00;10.48;1757.00;1.00;0
47;air_base;1756.00;15.20;1830.00;0.25;0
47;supply_node;1489.00;12.73;1729.00;4.05;0
47;supply_node;1434.00;10.05;1672.00;2.57;0
47;supply_node;1686.00;9.50;1760.00;5.45;0
47;supply_node;1620.00;11.15;1758.00;3.76;0
47;supply_node;1641.00;10.40;1737.00;4.27;0
47;supply_node;1604.00;11.12;1784.00;0.19;0
47;supply_node;1544.00;10.48;1717.00;2.25;0
47;supply_node;1482.00;10.03;1664.00;4.21;0
47;supply_node;1518.00;11.12;1719.00;1.76;0
47;supply_node;1502.00;12.70;1694.00;0.08;0
47;supply_node;1572.00;11.15;1753.00;4.61;0
47;supply_node;1755.00;19.45;1816.00;1.22;0
47;supply_node;1653.00;10.23;1769.00;4.91;0
47;supply_node;1750.00;10.43;1782.00;4.38;0
47;supply_node;1672.00;10.10;1788.00;3.18;0
47;supply_node;1603.00;9.50;1734.00;3.76;0
47;supply_node;1548.00;9.50;1671.00;5.48;0
47;supply_node;1782.00;11.70;1835.00;3.17;0
47;supply_node;1713.00;9.57;1812.00;6.22;0
47;supply_node;1511.00;9.50;1657.00;5.57;0
47;bunker;1500.00;11.07;1725.00;2.99;0
47;bunker;1541.00;10.00;1698.00;4.48;0
47;bunker;1756.00;13.53;1839.00;5.92;0
47;bunker;1510.00;11.55;1702.00;4.01;0
47;bunker;1653.00;10.70;1751.00;5.82;0
47;bunker;1462.00;9.88;1642.00;4.04;0
47;bunker;1456.00;10.90;1691.00;2.98;0
47;bunker;1573.00;11.43;1773.00;3.47;0
47;bunker;1612.00;11.28;1790.00;1.10;0
47;bunker;1630.00;10.50;1765.00;3.81;0
47;bunker;1517.00;10.20;1684.00;4.59;0
47;bunker;1664.00;10.40;1770.00;0.09;0
47;bunker;1678.00;10.35;1747.00;5.67;0
47;bunker;1714.00;10.88;1813.00;4.04;0
47;bunker;1604.00;9.88;1735.00;1.43;0
47;bunker;1675.00;9.50;1790.00;3.68;0
47;bunker;1549.00;9.50;1671.00;3.91;0
47;bunker;1516.00;9.50;1657.00;2.11;0
47;bunker;1783.00;11.93;1836.00;6.13;0
47;bunker;1751.00;11.43;1782.00;2.35;0
47;coastal_bunker;1791.00;9.60;1775.00;1.57;0
47;coastal_bunker;1713.00;10.25;1814.00;-3.14;0
47;coastal_bunker;1687.00;10.25;1756.00;1.57;0
47;coastal_bunker;1663.00;9.65;1771.00;-3.14;0
47;coastal_bunker;1650.00;10.05;1759.00;1.21;0
47;coastal_bunker;1509.00;9.50;1657.00;1.57;0
47;coastal_bunker;1553.00;9.65;1713.00;1.07;0
47;coastal_bunker;1752.00;11.12;1780.00;-1.57;0
47;coastal_bunker;1629.00;9.50;1753.00;0.64;0
47;coastal_bunker;1547.00;9.73;1685.00;1.29;0
47;coastal_bunker;1547.00;9.50;1671.00;-3.14;0
47;coastal_bunker;1624.00;10.18;1785.00;-4.43;0
47;coastal_bunker;1591.00;9.50;1732.00;0.61;0
47;coastal_bunker;1483.00;9.50;1641.00;0.27;0
47;coastal_bunker;1604.00;9.90;1734.00;-3.93;0
47;coastal_bunker;1673.00;9.50;1785.00;-3.14;0
47;coastal_bunker;1783.00;11.82;1837.00;-3.93;0
47;stronghold_network;1755.00;14.85;1835.00;3.96;0
47;dockyard;1551.00;9.70;1679.00;1.29;0
47;anti_air_building;1412.00;10.32;1656.00;4.43;0
47;anti_air_building;1505.00;11.38;1718.00;5.94;0
47;anti_air_building;1758.00;18.15;1819.00;5.73;0
47;synthetic_refinery;1666.00;10.65;1743.00;1.49;0
47;fuel_silo;1778.00;13.57;1827.00;3.28;0
47;radar_station;1607.00;10.98;1752.00;3.89;0
47;naval_supply_hub;1770.00;12.07;1827.00;1.57;0
47;naval_supply_hub;1492.00;9.50;1631.00;0.27;0
47;naval_supply_hub;1566.00;9.50;1723.00;1.07;0
47;naval_supply_hub;1646.00;9.98;1747.00;-1.27;0
47;naval_supply_hub;1658.00;9.50;1763.00;-3.14;0
47;naval_supply_hub;1697.00;10.48;1759.00;1.57;0
47;naval_supply_hub;1582.00;9.50;1731.00;0.61;0
47;naval_supply_hub;1711.00;9.50;1812.00;-3.14;0
47;naval_supply_hub;1539.00;9.50;1679.00;1.29;0
47;naval_supply_hub;1634.00;10.10;1770.00;-4.38;0
47;naval_supply_hub;1748.00;10.55;1784.00;-1.57;0
47;naval_supply_hub;1621.00;10.05;1793.00;-4.43;0
47;naval_supply_hub;1673.00;10.10;1790.00;-3.14;0
47;naval_supply_hub;1514.00;9.50;1657.00;1.57;0
47;naval_supply_hub;1782.00;11.70;1835.00;-3.93;0
47;naval_supply_hub;1605.00;9.50;1738.00;-3.93;0
47;naval_supply_hub;1547.00;9.50;1671.00;-3.14;0
47;naval_headquarters;1688.00;10.62;1777.00;1.57;0
47;naval_headquarters;1614.00;9.95;1727.00;-1.27;0
47;naval_headquarters;1765.00;10.32;1780.00;1.57;0
47;naval_headquarters;1548.00;9.50;1671.00;-3.14;0
47;naval_headquarters;1516.00;9.65;1663.00;1.51;0
47;naval_headquarters;1575.00;9.50;1730.00;0.61;0
47;naval_headquarters;1639.00;9.50;1778.00;-3.14;0
47;naval_headquarters;1637.00;9.90;1759.00;0.64;0
47;naval_headquarters;1627.00;10.10;1782.00;-4.43;0
47;naval_headquarters;1546.00;9.65;1688.00;1.29;0
47;naval_headquarters;1554.00;9.75;1718.00;1.07;0
47;naval_headquarters;1604.00;9.50;1737.00;-3.93;0
47;naval_headquarters;1748.00;11.50;1785.00;-1.57;0
47;naval_headquarters;1782.00;9.95;1834.00;-3.93;0
47;naval_headquarters;1515.00;9.50;1657.00;1.57;0
47;naval_headquarters;1712.00;10.15;1813.00;-3.14;0
47;naval_headquarters;1672.00;9.62;1789.00;-3.14;0
47;nuclear_reactor_spawn;1720.00;13.80;1799.00;0.76;0
47;special_project_facility_spawn;1537.00;10.45;1701.00;5.43;0
47;special_project_facility_spawn;1640.00;10.00;1758.00;1.39;0
47;special_project_facility_spawn;1528.00;10.38;1694.00;5.28;0
47;special_project_facility_spawn;1444.00;10.00;1678.00;4.33;0
47;special_project_facility_spawn;1767.00;15.75;1817.00;0.66;0
47;special_project_facility_spawn;1662.00;11.45;1750.00;2.86;0
47;special_project_facility_spawn;1548.00;10.88;1741.00;5.37;0
47;special_project_facility_spawn;1597.00;11.18;1779.00;1.14;0
47;special_project_facility_spawn;1517.00;9.98;1675.00;0.17;0
47;special_project_facility_spawn;1498.00;11.80;1735.00;0.63;0
47;special_project_facility_spawn;1501.00;12.80;1692.00;1.42;0
47;special_project_facility_spawn;1686.00;11.12;1768.00;1.96;0
47;special_project_facility_spawn;1509.00;9.50;1657.00;0.90;0
47;special_project_facility_spawn;1657.00;10.30;1769.00;1.15;0
47;special_project_facility_spawn;1673.00;9.62;1786.00;0.91;0
47;special_project_facility_spawn;1602.00;9.50;1732.00;3.39;0
47;special_project_facility_spawn;1716.00;9.68;1812.00;2.04;0
47;special_project_facility_spawn;1549.00;9.68;1673.00;0.86;0
47;special_project_facility_spawn;1783.00;11.93;1836.00;5.05;0
47;special_project_facility_spawn;1751.00;11.43;1782.00;3.41;0
47;rocket_site_spawn;1455.00;10.68;1703.00;1.64;0
47;floating_harbor;1751.00;9.50;1787.00;-1.17;737
47;floating_harbor;1630.20;9.50;1744.40;-2.50;797
47;floating_harbor;1655.55;9.50;1731.54;-1.93;879
47;floating_harbor;1631.73;9.50;1791.92;-1.29;977
47;floating_harbor;1561.15;9.50;1707.65;-2.07;984
47;floating_harbor;1644.00;9.50;1607.00;-1.97;1003
47;floating_harbor;1644.00;9.50;1607.00;-2.23;1173
47;floating_harbor;1590.01;9.50;1727.27;-2.53;1183
47;floating_harbor;1751.00;9.50;1787.00;-3.53;1494
47;floating_harbor;1653.00;9.50;1777.00;0.00;1614
47;floating_harbor;1751.00;9.50;1787.00;-0.20;1862
47;floating_harbor;1673.00;9.50;1796.00;0.00;1919
47;floating_harbor;1608.95;9.50;1739.95;-0.79;2044
47;floating_harbor;1644.00;9.50;1607.00;-2.17;2115
47;floating_harbor;1787.95;9.50;1840.95;-0.79;2147
47;floating_harbor;1713.00;9.50;1820.00;0.00;2198
48;arms_factory;910.00;13.00;1694.00;3.88;0
48;arms_factory;969.00;12.05;1721.00;0.43;0
48;arms_factory;949.00;13.00;1710.00;5.30;0
48;arms_factory;910.00;12.93;1695.00;2.23;0
48;arms_factory;891.00;15.65;1814.00;3.08;0
48;arms_factory;937.00;13.88;1717.00;0.48;0
48;industrial_complex;955.00;12.12;1728.00;5.38;0
48;industrial_complex;918.00;12.82;1743.00;2.66;0
48;industrial_complex;908.00;12.55;1755.00;6.06;0
48;industrial_complex;907.00;13.18;1792.00;1.00;0
48;industrial_complex;899.00;12.65;1699.00;0.25;0
48;industrial_complex;959.00;11.93;1705.00;3.06;0
48;air_base;891.00;12.07;1787.00;2.60;0
48;supply_node;923.00;14.78;1731.00;5.45;0
48;bunker;965.00;11.85;1730.00;5.77;0
48;stronghold_network;899.00;12.43;1788.00;2.14;0
48;anti_air_building;896.00;12.53;1777.00;0.57;0
48;anti_air_building;907.00;13.07;1747.00;0.59;0
48;anti_air_building;958.00;12.10;1725.00;5.48;0
48;synthetic_refinery;906.00;13.28;1744.00;3.83;0
48;fuel_silo;962.00;12.35;1719.00;3.05;0
48;radar_station;932.00;12.80;1753.00;4.61;0
48;nuclear_reactor_spawn;911.00;13.98;1723.00;3.84;0
48;special_project_facility_spawn;897.00;12.35;1732.00;4.14;0
48;rocket_site_spawn;896.00;12.53;1710.00;3.46;0
49;arms_factory;2840.00;10.00;1726.00;5.30;0
49;arms_factory;2838.00;10.30;1738.00;2.23;0
49;arms_factory;2853.00;10.00;1727.00;3.08;0
49;arms_factory;2840.00;10.30;1738.00;0.48;0
49;arms_factory;2838.00;10.25;1735.00;5.38;0
49;arms_factory;2849.00;10.10;1723.00;2.66;0
49;industrial_complex;2838.00;10.25;1735.00;6.06;0
49;industrial_complex;2836.00;10.32;1737.00;1.00;0
49;industrial_complex;2845.00;10.00;1729.00;0.25;0
49;industrial_complex;2845.00;10.00;1731.00;3.06;0
49;industrial_complex;2846.00;10.10;1722.00;2.60;0
49;industrial_complex;2839.00;10.00;1726.00;0.45;0
49;air_base;2841.00;10.07;1732.00;5.77;0
49;supply_node;2843.00;10.00;1731.00;4.27;0
49;bunker;2839.00;10.35;1742.00;0.57;0
49;stronghold_network;2845.00;10.00;1727.00;0.59;0
49;anti_air_building;2840.00;10.12;1732.00;5.48;0
49;anti_air_building;2841.00;10.00;1726.00;3.83;0
49;anti_air_building;2843.00;10.20;1736.00;3.05;0
49;synthetic_refinery;2845.00;10.00;1726.00;0.85;0
49;fuel_silo;2839.00;10.15;1732.00;3.84;0
49;radar_station;2845.00;10.10;1734.00;4.91;0
49;nuclear_reactor_spawn;2849.00;10.00;1725.00;3.46;0
49;special_project_facility_spawn;2852.00;10.00;1727.00;1.84;0
49;rocket_site_spawn;2838.00;10.30;1740.00;0.93;0
50;arms_factory;2860.00;9.70;1809.00;3.08;0
50;arms_factory;2815.00;9.98;1793.00;0.48;0
50;arms_factory;2838.00;9.80;1802.00;5.38;0
50;arms_factory;2807.00;10.00;1805.00;2.66;0
50;arms_factory;2809.00;9.98;1807.00;6.06;0
50;arms_factory;2859.00;9.70;1804.00;1.00;0
50;industrial_complex;2797.00;10.28;1800.00;0.25;0
50;industrial_complex;2853.00;9.80;1803.00;3.06;0
50;industrial_complex;2859.00;9.70;1805.00;2.60;0
50;industrial_complex;2820.00;9.90;1798.00;0.45;0
50;industrial_complex;2860.00;9.70;1799.00;5.77;0
50;industrial_complex;2824.00;9.85;1804.00;2.14;0
50;air_base;2841.00;9.80;1806.00;0.57;0
50;supply_node;2826.00;9.80;1802.00;2.25;0
50;bunker;2861.00;9.70;1809.00;5.48;0
50;stronghold_network;2814.00;9.80;1807.00;3.83;0
50;anti_air_building;2817.00;10.05;1799.00;3.05;0
50;anti_air_building;2831.00;9.70;1813.00;0.85;0
50;anti_air_building;2794.00;10.80;1790.00;3.84;0
50;synthetic_refinery;2817.00;9.90;1806.00;4.14;0
50;fuel_silo;2828.00;9.80;1802.00;3.46;0
50;radar_station;2829.00;9.85;1803.00;3.18;0
50;nuclear_reactor_spawn;2825.00;9.90;1808.00;0.93;0
50;special_project_facility_spawn;2825.00;9.90;1804.00;4.88;0
50;rocket_site_spawn;2841.00;9.80;1805.00;6.07;0
51;arms_factory;2796.00;10.57;1720.00;5.38;0
51;arms_factory;2812.00;10.55;1733.00;2.66;0
51;arms_factory;2802.00;11.18;1736.00;6.06;0
51;arms_factory;2815.00;11.32;1707.00;1.00;0
51;arms_factory;2798.00;11.10;1739.00;0.25;0
51;arms_factory;2836.00;10.10;1721.00;3.06;0
51;industrial_complex;2801.00;10.32;1724.00;2.60;0
51;industrial_complex;2800.00;11.15;1737.00;0.45;0
51;industrial_complex;2818.00;10.40;1715.00;5.77;0
51;industrial_complex;2821.00;10.75;1705.00;2.14;0
51;industrial_complex;2782.00;11.45;1725.00;0.57;0
51;industrial_complex;2783.00;11.30;1726.00;0.59;0
51;air_base;2801.00;10.38;1717.00;5.48;0
51;supply_node;2801.00;10.32;1724.00;1.76;0
51;bunker;2829.00;10.30;1726.00;3.05;0
51;stronghold_network;2808.00;10.30;1720.00;0.85;0
51;anti_air_building;2784.00;11.32;1731.00;3.84;0
51;anti_air_building;2818.00;10.35;1724.00;4.14;0
51;anti_air_building;2777.00;11.88;1746.00;3.46;0
51;synthetic_refinery;2811.00;10.53;1717.00;1.84;0
51;fuel_silo;2819.00;10.48;1726.00;0.93;0
51;radar_station;2804.00;10.43;1726.00;5.48;0
51;nuclear_reactor_spawn;2799.00;10.73;1709.00;6.07;0
51;special_project_facility_spawn;2811.00;10.53;1728.00;4.14;0
51;rocket_site_spawn;2811.00;11.30;1702.00;4.76;0
52;arms_factory;2782.00;12.82;1760.00;6.06;0
52;arms_factory;2861.00;10.00;1783.00;1.00;0
52;arms_factory;2823.00;10.38;1732.00;0.25;0
52;arms_factory;2796.00;10.90;1753.00;3.06;0
52;arms_factory;2838.00;9.90;1773.00;2.60;0
52;arms_factory;2842.00;9.98;1783.00;0.45;0
52;industrial_complex;2843.00;9.82;1791.00;5.77;0
52;industrial_complex;2804.00;9.95;1759.00;2.14;0
52;industrial_complex;2912.00;10.30;1752.00;0.57;0
52;industrial_complex;2818.00;10.57;1760.00;0.59;0
52;industrial_complex;2910.00;10.18;1758.00;5.48;0
52;industrial_complex;2838.00;9.93;1770.00;3.83;0
52;air_base;2894.00;9.80;1785.00;3.05;0
52;supply_node;2846.00;9.90;1769.00;4.61;0
52;bunker;2815.00;10.20;1777.00;3.84;0
52;stronghold_network;2833.00;10.10;1771.00;4.14;0
52;anti_air_building;2878.00;9.70;1797.00;3.46;0
52;anti_air_building;2816.00;10.25;1776.00;1.84;0
52;anti_air_building;2800.00;10.30;1766.00;0.93;0
52;synthetic_refinery;2785.00;12.43;1761.00;4.88;0
52;fuel_silo;2861.00;9.80;1794.00;6.07;0
52;radar_station;2853.00;9.90;1770.00;6.22;0
52;nuclear_reactor_spawn;2859.00;9.80;1788.00;4.76;0
52;special_project_facility_spawn;2872.00;9.70;1805.00;2.99;0
52;rocket_site_spawn;2827.00;10.10;1739.00;4.48;0
53;arms_factory;1496.00;10.10;2107.00;0.25;0
53;arms_factory;1485.00;10.65;2020.00;3.06;0
53;arms_factory;1569.00;11.03;1968.00;2.60;0
53;arms_factory;1477.00;12.20;1819.00;0.45;0
53;arms_factory;1469.00;9.57;2135.00;5.77;0
53;arms_factory;1563.00;10.90;1949.00;2.14;0
53;industrial_complex;1499.00;11.38;1843.00;0.57;0
53;industrial_complex;1467.00;11.80;1830.00;0.59;0
53;industrial_complex;1520.00;11.55;1829.00;5.48;0
53;industrial_complex;1556.00;10.75;2048.00;3.83;0
53;industrial_complex;1580.00;11.53;2020.00;3.05;0
53;industrial_complex;1571.00;10.88;1950.00;0.85;0
53;air_base;1547.00;11.07;2009.00;3.84;0
53;supply_node;1487.00;11.43;1928.00;4.91;0
53;supply_node;1498.00;12.07;1814.00;4.38;0
53;supply_node;1597.00;12.00;1992.00;3.18;0
53;supply_node;1455.00;9.70;2125.00;3.76;0
53;supply_node;1479.00;10.70;1975.00;5.48;0
53;supply_node;1473.00;10.32;2035.00;3.17;0
53;supply_node;1632.00;15.70;2022.00;6.22;0
53;supply_node;1584.00;10.98;2021.00;5.57;0
53;supply_node;1516.00;10.50;1983.00;4.10;0
53;supply_node;1612.00;11.03;1853.00;3.20;0
53;supply_node;1447.00;14.18;1898.00;2.23;0
53;supply_node;1499.00;10.00;2114.00;4.91;0
53;supply_node;1463.00;9.95;2067.00;5.77;0
53;supply_node;1537.00;10.50;2082.00;0.02;0
53;supply_node;1450.00;12.25;1943.00;0.36;0
53;supply_node;1520.00;10.70;2074.00;3.24;0
53;supply_node;1615.00;11.30;1969.00;1.27;0
53;supply_node;1544.00;10.93;1963.00;5.23;0
53;supply_node;1474.00;9.80;2113.00;1.38;0
53;supply_node;1591.00;11.25;1918.00;1.01;0
53;supply_node;1712.00;17.58;1873.00;0.97;0
53;supply_node;1464.00;9.95;2086.00;4.33;0
53;supply_node;1547.00;11.38;2055.00;1.01;0
53;supply_node;1483.00;9.90;2002.00;4.37;0
53;supply_node;1506.00;10.60;2071.00;5.71;0
53;supply_node;1546.00;10.98;2007.00;6.08;0
53;supply_node;1508.00;10.60;2042.00;2.91;0
53;supply_node;1534.00;11.20;1893.00;1.97;0
53;supply_node;1496.00;10.60;2083.00;0.09;0
53;supply_node;1636.00;12.80;1877.00;3.21;0
53;supply_node;1565.00;11.25;1929.00;4.49;0
53;supply_node;1565.00;11.05;1990.00;2.98;0
53;supply_node;1519.00;10.12;2107.00;1.85;0
53;supply_node;1447.00;10.88;2036.00;0.68;0
53;supply_node;1437.00;9.60;2083.00;3.84;0
53;supply_node;1568.00;9.53;2042.00;2.15;0
53;bunker;1451.00;9.62;2133.00;1.01;0
53;bunker;1526.00;11.07;1864.00;1.44;0
53;bunker;1483.00;10.15;2014.00;4.18;0
53;bunker;1618.00;10.98;1853.00;3.69;0
53;bunker;1442.00;11.65;1922.00;1.06;0
53;bunker;1494.00;11.53;1861.00;2.31;0
53;bunker;1595.00;11.75;1888.00;0.54;0
53;bunker;1500.00;10.53;1960.00;4.03;0
53;bunker;1569.00;10.95;1959.00;2.32;0
53;bunker;1568.00;12.00;2015.00;3.96;0
53;bunker;1496.00;10.15;2101.00;2.86;0
53;bunker;1464.00;9.80;2114.00;4.43;0
53;bunker;1587.00;11.62;1974.00;5.94;0
53;bunker;1542.00;10.78;1968.00;5.73;0
53;bunker;1613.00;12.38;1991.00;1.49;0
53;bunker;1464.00;10.25;1972.00;3.28;0
53;bunker;1457.00;10.25;2041.00;3.40;0
53;bunker;1508.00;10.62;2057.00;0.47;0
53;bunker;1475.00;10.00;2087.00;1.82;0
53;bunker;1557.00;10.30;2065.00;3.00;0
53;bunker;1630.00;13.68;2048.00;5.79;0
53;bunker;1704.00;12.75;1856.00;0.55;0
53;bunker;1460.00;13.10;1912.00;0.79;0
53;bunker;1610.00;11.48;1881.00;0.89;0
53;bunker;1516.00;10.30;2090.00;5.31;0
53;bunker;1542.00;10.57;2079.00;4.77;0
53;bunker;1509.00;11.68;1929.00;3.99;0
53;bunker;1579.00;11.70;2009.00;1.80;0
53;bunker;1564.00;11.03;1998.00;2.69;0
53;bunker;1492.00;10.50;2078.00;1.66;0
53;bunker;1450.00;9.65;2051.00;3.55;0
53;bunker;1435.00;9.50;2083.00;2.24;0
53;bunker;1473.00;10.05;2070.00;5.64;0
53;bunker;1504.00;10.60;2069.00;1.30;0
53;bunker;1521.00;10.73;2072.00;4.74;0
53;bunker;1568.00;9.53;2042.00;1.10;0
53;coastal_bunker;1432.00;9.50;1871.00;-2.27;0
53;coastal_bunker;1447.00;10.05;1955.00;-1.76;0
53;coastal_bunker;1448.00;9.70;2053.00;-2.03;0
53;coastal_bunker;1669.00;9.50;1848.00;0.96;0
53;coastal_bunker;1616.00;10.28;2037.00;-3.77;0
53;coastal_bunker;1527.00;9.68;2109.00;-3.70;0
53;coastal_bunker;1443.00;9.50;2129.00;-1.85;0
53;coastal_bunker;1728.00;11.38;1871.00;-4.64;0
53;coastal_bunker;1563.00;9.82;2059.00;-3.79;0
53;coastal_bunker;1429.00;9.50;1926.00;-1.77;0
53;coastal_bunker;1465.00;9.50;1981.00;-1.63;0
53;coastal_bunker;1554.00;9.78;2090.00;-3.93;0
53;coastal_bunker;1498.00;9.57;2133.00;-3.24;0
53;coastal_bunker;1439.00;9.50;2083.00;-1.57;0
53;coastal_bunker;1622.00;9.50;2057.00;-2.95;0
53;coastal_bunker;1449.00;9.62;2057.00;-1.49;0
53;coastal_bunker;1459.00;9.50;2014.00;-0.73;0
53;coastal_bunker;1448.00;9.50;2095.00;-1.69;0
53;coastal_bunker;1479.00;9.50;2130.00;-3.45;0
53;coastal_bunker;1567.00;9.50;2041.00;-1.57;0
53;coastal_bunker;1463.00;9.50;2006.00;-1.41;0
53;stronghold_network;1563.00;10.85;1963.00;2.86;0
53;dockyard;1521.00;9.78;2119.00;-3.70;0
53;anti_air_building;1544.00;10.88;2072.00;1.14;0
53;anti_air_building;1496.00;10.60;2039.00;0.17;0
53;anti_air_building;1699.00;17.65;1864.00;0.63;0
53;synthetic_refinery;1577.00;12.38;1846.00;1.42;0
53;fuel_silo;1558.00;11.55;1919.00;1.96;0
53;radar_station;1589.00;11.45;1944.00;0.66;0
53;naval_supply_hub;1578.00;10.05;2037.00;-3.77;0
53;naval_supply_hub;1631.00;9.50;1806.00;1.49;0
53;naval_supply_hub;1520.00;9.75;2117.00;-3.70;0
53;naval_supply_hub;1454.00;9.50;2066.00;-1.49;0
53;naval_supply_hub;1431.00;9.50;1915.00;-1.77;0
53;naval_supply_hub;1462.00;9.50;2143.00;-1.85;0
53;naval_supply_hub;1438.00;9.82;2040.00;-2.03;0
53;naval_supply_hub;1451.00;9.68;1959.00;-1.76;0
53;naval_supply_hub;1546.00;9.68;2090.00;-3.93;0
53;naval_supply_hub;1563.00;9.80;2056.00;1.23;0
53;naval_supply_hub;1665.00;9.50;1849.00;0.96;0
53;naval_supply_hub;1491.00;9.50;2128.00;-3.24;0
53;naval_supply_hub;1476.00;9.50;2132.00;-3.45;0
53;naval_supply_hub;1461.00;9.50;2010.00;-1.41;0
53;naval_supply_hub;1756.00;12.75;1884.00;-4.64;0
53;naval_supply_hub;1448.00;9.50;2096.00;-1.69;0
53;naval_supply_hub;1626.00;9.50;2063.00;-2.95;0
53;naval_supply_hub;1465.00;9.50;1979.00;-1.63;0
53;naval_supply_hub;1568.00;9.53;2041.00;-1.57;0
53;naval_supply_hub;1439.00;9.60;2084.00;-1.57;0
53;naval_supply_hub;1457.00;9.50;2016.00;-0.73;0
53;naval_headquarters;1571.00;10.03;1818.00;0.96;0
53;naval_headquarters;1579.00;10.03;1810.00;1.49;0
53;naval_headquarters;1465.00;9.50;1985.00;-1.63;0
53;naval_headquarters;1748.00;11.80;1878.00;-4.64;0
53;naval_headquarters;1431.00;9.50;1929.00;-1.76;0
53;naval_headquarters;1497.00;9.50;2132.00;-3.24;0
53;naval_headquarters;1486.00;9.50;2131.00;-3.45;0
53;naval_headquarters;1438.00;9.50;2031.00;-2.03;0
53;naval_headquarters;1462.00;9.50;2007.00;-1.41;0
53;naval_headquarters;1566.00;9.78;2087.00;-3.79;0
53;naval_headquarters;1587.00;10.05;2029.00;-3.77;0
53;naval_headquarters;1448.00;9.50;2056.00;-1.49;0
53;naval_headquarters;1433.00;9.50;1901.00;-1.77;0
53;naval_headquarters;1629.00;10.25;2067.00;-2.95;0
53;naval_headquarters;1537.00;9.68;2092.00;-3.93;0
53;naval_headquarters;1526.00;9.75;2112.00;-3.70;0
53;naval_headquarters;1444.00;9.50;2135.00;-1.85;0
53;naval_headquarters;1450.00;9.55;2082.00;-1.69;0
53;naval_headquarters;1454.00;9.50;2021.00;-0.73;0
53;naval_headquarters;1568.00;9.50;2044.00;-1.57;0
53;naval_headquarters;1439.00;9.50;2083.00;-1.57;0
53;nuclear_reactor_spawn;1524.00;11.68;1851.00;2.32;0
53;special_project_facility_spawn;1559.00;11.80;1904.00;1.92;0
53;special_project_facility_spawn;1719.00;14.68;1874.00;5.68;0
53;special_project_facility_spawn;1606.00;12.45;2003.00;3.37;0
53;special_project_facility_spawn;1488.00;12.20;1757.00;2.94;0
53;special_project_facility_spawn;1478.00;10.53;2037.00;2.43;0
53;special_project_facility_spawn;1548.00;11.20;1936.00;3.90;0
53;special_project_facility_spawn;1467.00;15.32;1906.00;0.43;0
53;special_project_facility_spawn;1599.00;11.68;1865.00;3.62;0
53;special_project_facility_spawn;1626.00;10.53;2053.00;4.56;0
53;special_project_facility_spawn;1458.00;9.90;2098.00;2.92;0
53;special_project_facility_spawn;1496.00;10.50;2070.00;2.11;0
53;special_project_facility_spawn;1446.00;9.50;2138.00;5.76;0
53;special_project_facility_spawn;1547.00;11.23;2061.00;5.58;0
53;special_project_facility_spawn;1582.00;11.85;1901.00;4.90;0
53;special_project_facility_spawn;1448.00;12.00;1946.00;0.24;0
53;special_project_facility_spawn;1496.00;9.95;2115.00;0.74;0
53;special_project_facility_spawn;1511.00;10.73;2042.00;3.59;0
53;special_project_facility_spawn;1531.00;10.50;1979.00;1.76;0
53;special_project_facility_spawn;1553.00;11.60;2020.00;1.58;0
53;special_project_facility_spawn;1615.00;13.07;1981.00;3.69;0
53;special_project_facility_spawn;1543.00;10.85;2008.00;5.05;0
53;special_project_facility_spawn;1466.00;10.00;2067.00;3.02;0
53;special_project_facility_spawn;1555.00;10.70;1964.00;3.69;0
53;special_project_facility_spawn;1635.00;12.32;1871.00;4.76;0
53;special_project_facility_spawn;1526.00;11.05;2066.00;4.96;0
53;special_project_facility_spawn;1455.00;13.00;1910.00;3.72;0
53;special_project_facility_spawn;1527.00;9.93;2101.00;1.71;0
53;special_project_facility_spawn;1562.00;10.68;1983.00;0.21;0
53;special_project_facility_spawn;1526.00;10.65;2081.00;5.28;0
53;special_project_facility_spawn;1452.00;10.62;2032.00;2.33;0
53;special_project_facility_spawn;1493.00;10.70;1996.00;3.98;0
53;special_project_facility_spawn;1492.00;10.55;1966.00;4.40;0
53;special_project_facility_spawn;1464.00;9.90;2103.00;3.90;0
53;special_project_facility_spawn;1510.00;10.70;2071.00;4.67;0
53;special_project_facility_spawn;1440.00;9.60;2084.00;2.17;0
53;special_project_facility_spawn;1568.00;9.50;2044.00;3.88;0
53;rocket_site_spawn;1598.00;12.28;1854.00;2.97;0
53;floating_harbor;1751.00;9.50;1787.00;-1.69;755
53;floating_harbor;1441.27;9.50;2128.92;1.29;770
53;floating_harbor;1456.01;9.50;1976.44;1.51;785
53;floating_harbor;1452.35;9.50;2011.77;-3.87;809
53;floating_harbor;1623.66;9.50;2064.87;0.19;823
53;floating_harbor;1596.12;9.50;2037.66;-0.63;845
53;floating_harbor;1634.72;9.50;1836.96;-2.19;859
53;floating_harbor;1425.14;9.50;1902.37;1.37;867
53;floating_harbor;1501.70;9.50;2140.97;-0.10;868
53;floating_harbor;1444.02;9.50;2065.42;-4.63;881
53;floating_harbor;1550.95;9.50;2095.95;-0.79;886
53;floating_harbor;1427.12;9.50;1947.29;1.39;947
53;floating_harbor;1482.11;9.50;2138.68;-0.31;1011
53;floating_harbor;1751.00;9.50;1787.00;-2.99;1050
53;floating_harbor;1440.05;9.50;2088.82;1.45;1059
53;floating_harbor;1570.60;9.50;2046.67;-1.91;1064
53;floating_harbor;1457.09;9.50;1997.91;-4.56;1067
53;floating_harbor;1527.71;9.50;2120.94;-0.56;1185
53;floating_harbor;1436.74;9.50;2041.13;1.11;1194
53;floating_harbor;1355.00;9.50;2083.00;1.57;2121
54;arms_factory;1401.00;10.73;1847.00;2.60;0
54;arms_factory;1330.00;10.20;1852.00;0.45;0
54;arms_factory;1346.00;11.20;1811.00;5.77;0
54;arms_factory;1241.00;10.78;1909.00;2.14;0
54;arms_factory;1399.00;10.10;1884.00;0.57;0
54;arms_factory;1304.00;11.15;1879.00;0.59;0
54;industrial_complex;1412.00;10.00;1706.00;5.48;0
54;industrial_complex;1295.00;11.18;1871.00;3.83;0
54;industrial_complex;1407.00;10.82;1844.00;3.05;0
54;industrial_complex;1368.00;10.93;1842.00;0.85;0
54;industrial_complex;1295.00;10.40;1922.00;3.84;0
54;industrial_complex;1273.00;10.10;1953.00;4.14;0
54;air_base;1308.00;10.40;1827.00;3.46;0
54;supply_node;1242.00;10.43;1924.00;3.18;0
54;supply_node;1412.00;10.60;1772.00;3.76;0
54;supply_node;1307.00;11.00;1873.00;5.48;0
54;supply_node;1292.00;9.98;1966.00;3.17;0
54;supply_node;1396.00;10.00;1906.00;6.22;0
54;supply_node;1426.00;9.75;1980.00;5.57;0
54;supply_node;1423.00;9.78;1972.00;4.10;0
54;supply_node;1380.00;9.50;1754.00;3.20;0
54;supply_node;1387.00;9.73;1758.00;2.23;0
54;supply_node;1433.00;9.53;1978.00;4.91;0
54;supply_node;1417.00;9.65;1979.00;5.77;0
54;supply_node;1362.00;9.50;1759.00;0.02;0
54;supply_node;1359.00;9.50;1764.00;0.36;0
54;supply_node;1390.00;9.50;1755.00;3.24;0
54;bunker;1320.00;10.55;1825.00;1.10;0
54;bunker;1367.00;10.60;1783.00;3.81;0
54;bunker;1256.00;10.53;1921.00;4.59;0
54;bunker;1278.00;10.10;1948.00;0.09;0
54;bunker;1427.00;9.90;1981.00;5.67;0
54;bunker;1432.00;9.50;1976.00;4.04;0
54;bunker;1424.00;9.73;1976.00;1.43;0
54;bunker;1391.00;10.05;1908.00;3.68;0
54;bunker;1385.00;9.68;1753.00;3.91;0
54;bunker;1417.00;9.65;1979.00;2.11;0
54;bunker;1362.00;9.62;1760.00;6.13;0
54;bunker;1392.00;9.50;1755.00;2.35;0
54;bunker;1358.00;9.50;1765.00;1.08;0
54;bunker;1387.00;9.73;1757.00;5.10;0
54;coastal_bunker;1294.00;9.53;1987.00;-4.08;0
54;coastal_bunker;1412.00;9.82;1870.00;-3.17;0
54;coastal_bunker;1424.00;9.82;1971.00;-1.57;0
54;coastal_bunker;1398.00;10.00;1885.00;-4.04;0
54;coastal_bunker;1434.00;9.85;1979.00;-1.57;0
54;coastal_bunker;1417.00;9.50;1980.00;1.57;0
54;coastal_bunker;1393.00;9.50;1904.00;1.57;0
54;coastal_bunker;1428.00;9.82;1977.00;-3.93;0
54;stronghold_network;1284.00;11.50;1863.00;4.18;0
54;dockyard;1427.00;9.70;1985.00;-3.93;0
54;anti_air_building;1461.00;10.53;1725.00;1.06;0
54;anti_air_building;1464.00;12.15;1732.00;2.31;0
54;anti_air_building;1272.00;11.07;1896.00;0.54;0
54;synthetic_refinery;1209.00;10.30;1873.00;4.03;0
54;fuel_silo;1409.00;10.60;1767.00;2.32;0
54;radar_station;1421.00;11.48;1838.00;5.67;0
54;naval_supply_hub;1385.00;9.50;1912.00;-4.04;0
54;naval_supply_hub;1290.00;9.57;1990.00;-4.08;0
54;naval_supply_hub;1416.00;9.50;1971.00;-1.57;0
54;naval_supply_hub;1431.00;9.75;1982.00;-3.93;0
54;naval_supply_hub;1554.00;9.50;1791.00;-4.58;0
54;naval_supply_hub;1404.00;9.93;1903.00;1.57;0
54;naval_supply_hub;1419.00;9.68;1980.00;1.57;0
54;naval_supply_hub;1433.00;9.53;1978.00;-1.57;0
54;naval_headquarters;1417.00;9.65;1979.00;1.57;0
54;naval_headquarters;1311.00;9.53;1972.00;-4.08;0
54;naval_headquarters;1433.00;9.50;1976.00;-1.57;0
54;naval_headquarters;1360.00;9.50;1957.00;-4.04;0
54;naval_headquarters;1421.00;9.50;1970.00;-1.57;0
54;naval_headquarters;1421.00;9.50;1871.00;-3.17;0
54;naval_headquarters;1423.00;9.50;1981.00;-3.93;0
54;naval_headquarters;1389.00;9.50;1906.00;1.57;0
54;nuclear_reactor_spawn;1206.00;9.73;1834.00;3.99;0
54;special_project_facility_spawn;1210.00;10.32;1843.00;1.80;0
54;special_project_facility_spawn;1377.00;10.65;1779.00;2.69;0
54;special_project_facility_spawn;1272.00;10.30;1935.00;1.66;0
54;special_project_facility_spawn;1281.00;10.23;1963.00;3.55;0
54;special_project_facility_spawn;1419.00;9.50;1981.00;2.24;0
54;special_project_facility_spawn;1395.00;10.12;1908.00;5.64;0
54;special_project_facility_spawn;1434.00;9.82;1977.00;1.30;0
54;special_project_facility_spawn;1364.00;9.62;1761.00;4.74;0
54;special_project_facility_spawn;1427.00;9.82;1976.00;1.10;0
54;special_project_facility_spawn;1428.00;9.90;1981.00;5.56;0
54;special_project_facility_spawn;1392.00;9.50;1755.00;0.73;0
54;special_project_facility_spawn;1387.00;9.73;1757.00;4.14;0
54;special_project_facility_spawn;1359.00;9.50;1764.00;2.05;0
54;special_project_facility_spawn;1385.00;9.68;1753.00;1.41;0
54;rocket_site_spawn;1407.00;10.93;1830.00;1.11;0
54;floating_harbor;1415.21;9.50;1877.00;-0.03;843
54;floating_harbor;1355.00;9.50;2083.00;0.13;920
54;floating_harbor;1312.64;9.50;1981.14;-0.94;1094
54;floating_harbor;1355.00;9.50;2083.00;0.23;1652
54;floating_harbor;1431.95;9.50;1985.95;-0.79;1653
54;floating_harbor;1355.00;9.50;2083.00;0.55;1654
54;floating_harbor;1355.00;9.50;2083.00;0.64;1996
55;arms_factory;1633.00;12.53;1897.00;5.77;0
55;arms_factory;1670.00;17.35;1941.00;2.14;0
55;arms_factory;1657.00;14.03;2012.00;0.57;0
55;arms_factory;1635.00;11.43;1919.00;0.59;0
55;arms_factory;1666.00;15.93;1914.00;5.48;0
55;arms_factory;1701.00;19.88;1895.00;3.83;0
55;industrial_complex;1666.00;15.95;1918.00;3.05;0
55;industrial_complex;1613.00;11.50;1898.00;0.85;0
55;industrial_complex;1693.00;19.85;1899.00;3.84;0
55;industrial_complex;1658.00;14.98;1901.00;4.14;0
55;industrial_complex;1720.00;17.48;1939.00;3.46;0
55;industrial_complex;1667.00;16.10;1915.00;1.84;0
55;air_base;1670.00;17.83;1927.00;0.93;0
55;supply_node;1671.00;17.23;1968.00;5.48;0
55;supply_node;1671.00;18.00;1907.00;3.17;0
55;supply_node;1656.00;10.85;1832.00;6.22;0
55;supply_node;1641.00;9.50;1936.00;5.57;0
55;supply_node;1633.00;9.50;2075.00;4.10;0
55;bunker;1658.00;14.82;1905.00;4.48;0
55;bunker;1676.00;17.95;1911.00;5.92;0
55;bunker;1659.00;10.55;1834.00;4.01;0
55;bunker;1640.00;9.80;1936.00;5.82;0
55;bunker;1632.00;9.65;2076.00;4.04;0
55;coastal_bunker;1677.00;11.07;1998.00;-3.06;0
55;coastal_bunker;1638.00;9.50;1839.00;-3.14;0
55;coastal_bunker;1757.00;15.00;1905.00;1.57;0
55;coastal_bunker;1632.00;9.65;2076.00;-3.93;0
55;stronghold_network;1605.00;11.40;1930.00;4.59;0
55;dockyard;1696.00;11.95;1954.00;-3.06;0
55;anti_air_building;1708.00;15.75;1934.00;5.67;0
55;anti_air_building;1689.00;18.18;1931.00;4.04;0
55;anti_air_building;1652.00;16.48;1973.00;1.43;0
55;synthetic_refinery;1727.00;25.18;1905.00;3.68;0
55;fuel_silo;1725.00;23.55;1896.00;3.91;0
55;radar_station;1670.00;17.52;1951.00;6.08;0
55;naval_supply_hub;1694.00;9.85;1965.00;-3.06;0
55;naval_supply_hub;1757.00;13.43;1891.00;1.57;0
55;naval_supply_hub;1654.00;9.60;1829.00;-3.14;0
55;naval_supply_hub;1632.00;9.50;2075.00;-3.93;0
55;naval_headquarters;1701.00;12.20;1947.00;0.91;0
55;naval_headquarters;1670.00;9.50;1824.00;-3.14;0
55;naval_headquarters;1753.00;14.30;1918.00;1.57;0
55;naval_headquarters;1636.00;9.50;2074.00;-3.93;0
55;nuclear_reactor_spawn;1671.00;17.58;1911.00;6.24;0
55;special_project_facility_spawn;1692.00;21.52;1933.00;1.68;0
55;special_project_facility_spawn;1648.00;13.73;1897.00;1.01;0
55;special_project_facility_spawn;1659.00;10.55;1834.00;1.44;0
55;special_project_facility_spawn;1644.00;9.50;1935.00;4.18;0
55;special_project_facility_spawn;1633.00;9.50;2075.00;3.69;0
55;rocket_site_spawn;1674.00;17.52;1964.00;1.06;0
55;floating_harbor;1630.00;9.50;2075.00;0.50;810
55;floating_harbor;1891.00;9.50;1971.00;-1.31;962
55;floating_harbor;1656.00;9.50;1840.00;0.00;1596
56;arms_factory;1004.00;11.15;1947.00;0.57;0
56;arms_factory;1165.00;9.62;2289.00;0.59;0
56;arms_factory;1556.00;11.30;2528.00;5.48;0
56;arms_factory;715.00;9.60;2247.00;3.83;0
56;arms_factory;601.00;10.15;2322.00;3.05;0
56;arms_factory;1126.00;10.28;2003.00;0.85;0
56;industrial_complex;957.00;11.20;1979.00;3.84;0
56;industrial_complex;1158.00;9.60;2190.00;4.14;0
56;industrial_complex;875.00;13.35;2047.00;3.46;0
56;industrial_complex;966.00;12.70;2330.00;1.84;0
56;industrial_complex;1176.00;9.70;2102.00;0.93;0
56;industrial_complex;895.00;10.65;2144.00;4.88;0
56;air_base;1178.00;9.85;1860.00;6.07;0
56;supply_node;1156.00;9.60;2154.00;6.22;0
56;supply_node;716.00;9.85;2277.00;5.57;0
56;supply_node;915.00;12.35;1895.00;4.10;0
56;supply_node;1043.00;12.18;1948.00;3.20;0
56;supply_node;1289.00;9.68;2223.00;2.23;0
56;supply_node;822.00;9.98;2233.00;4.91;0
56;supply_node;704.00;9.98;2194.00;5.77;0
56;supply_node;1502.00;11.48;2319.00;0.02;0
56;supply_node;1036.00;10.00;2132.00;0.36;0
56;supply_node;983.00;10.50;2091.00;3.24;0
56;supply_node;1240.00;9.60;2174.00;1.27;0
56;supply_node;652.00;9.80;2251.00;5.23;0
56;supply_node;936.00;11.28;2207.00;1.38;0
56;supply_node;841.00;11.50;2001.00;1.01;0
56;supply_node;1202.00;9.70;2165.00;0.97;0
56;supply_node;772.00;10.12;2162.00;4.33;0
56;supply_node;1550.00;10.20;2304.00;1.01;0
56;supply_node;795.00;10.93;2091.00;4.37;0
56;supply_node;1146.00;9.70;2239.00;5.71;0
56;supply_node;1010.00;10.70;2237.00;6.08;0
56;supply_node;953.00;11.50;2265.00;2.91;0
56;supply_node;1023.00;10.00;2193.00;1.97;0
56;supply_node;1222.00;9.68;2252.00;0.09;0
56;supply_node;779.00;10.78;2132.00;3.21;0
56;supply_node;663.00;10.05;2315.00;4.49;0
56;supply_node;1354.00;9.75;2352.00;2.98;0
56;supply_node;980.00;11.85;2205.00;1.85;0
56;supply_node;869.00;10.38;2262.00;0.68;0
56;supply_node;1162.00;9.60;2300.00;3.84;0
56;supply_node;719.00;9.73;2239.00;2.15;0
56;supply_node;1512.00;9.73;2217.00;4.60;0
56;supply_node;1291.00;9.70;2360.00;2.37;0
56;supply_node;797.00;9.82;2205.00;1.29;0
56;supply_node;728.00;9.93;2322.00;4.78;0
56;supply_node;759.00;10.48;2101.00;5.30;0
56;supply_node;903.00;10.10;2279.00;1.23;0
56;supply_node;757.00;9.80;2210.00;5.04;0
56;supply_node;1394.00;10.78;2356.00;5.10;0
56;supply_node;1061.00;9.90;2276.00;2.20;0
56;supply_node;1260.00;9.60;2278.00;5.67;0
56;supply_node;784.00;10.00;2177.00;3.48;0
56;supply_node;1588.00;9.50;2253.00;1.08;0
56;supply_node;1093.00;9.70;2109.00;4.48;0
56;supply_node;842.00;12.18;2069.00;3.13;0
56;supply_node;1350.00;9.50;2260.00;3.10;0
56;supply_node;845.00;10.18;2265.00;5.64;0
56;supply_node;1105.00;9.70;2279.00;3.89;0
56;supply_node;1380.00;9.68;2324.00;2.82;0
56;supply_node;696.00;10.15;2319.00;5.55;0
56;supply_node;945.00;10.75;2288.00;1.62;0
56;supply_node;871.00;9.93;2159.00;0.31;0
56;supply_node;812.00;9.90;2285.00;2.59;0
56;supply_node;724.00;10.40;2152.00;5.01;0
56;supply_node;947.00;10.40;2148.00;5.14;0
56;supply_node;890.00;10.38;2220.00;2.86;0
56;supply_node;1206.00;9.60;2114.00;3.24;0
56;supply_node;1597.00;11.32;2136.00;3.25;0
56;supply_node;1222.00;9.93;2223.00;6.07;0
56;supply_node;1457.00;12.73;2351.00;4.21;0
56;supply_node;1299.00;9.70;2270.00;4.49;0
56;supply_node;1566.00;10.30;2180.00;4.24;0
56;supply_node;881.00;11.53;2108.00;2.78;0
56;supply_node;1087.00;9.90;2230.00;2.16;0
56;supply_node;1181.00;9.70;2190.00;5.91;0
56;supply_node;774.00;10.10;2327.00;5.56;0
56;supply_node;1223.00;9.65;2149.00;1.90;0
56;supply_node;1062.00;10.30;2013.00;5.70;0
56;supply_node;1005.00;12.62;1915.00;6.05;0
56;supply_node;1360.00;9.68;2287.00;2.06;0
56;supply_node;1159.00;9.50;2081.00;5.55;0
56;supply_node;1243.00;9.60;2191.00;6.09;0
56;supply_node;1237.00;9.62;2154.00;0.22;0
56;supply_node;1590.00;9.65;2210.00;2.69;0
56;supply_node;1623.00;9.70;2164.00;2.95;0
56;supply_node;809.00;10.62;2071.00;4.05;0
56;supply_node;1019.00;10.98;2302.00;3.57;0
56;supply_node;1574.00;9.60;2285.00;0.78;0
56;supply_node;681.00;10.43;2181.00;0.54;0
56;supply_node;1478.00;10.38;2232.00;3.46;0
56;supply_node;1178.00;9.70;2253.00;4.18;0
56;supply_node;1254.00;9.50;2163.00;4.63;0
56;supply_node;1528.00;9.78;2255.00;4.23;0
56;supply_node;1156.00;9.62;1942.00;1.30;0
56;supply_node;1219.00;9.65;2288.00;4.01;0
56;supply_node;1414.00;12.15;2372.00;5.80;0
56;supply_node;1571.00;10.93;2155.00;3.89;0
56;supply_node;747.00;10.23;2153.00;4.43;0
56;supply_node;796.00;10.88;2114.00;5.16;0
56;supply_node;1254.00;9.62;2306.00;3.45;0
56;supply_node;1132.00;9.80;2271.00;5.34;0
56;supply_node;612.00;9.90;2314.00;4.49;0
56;supply_node;1541.00;9.80;2205.00;6.19;0
56;supply_node;1190.00;9.60;2219.00;1.06;0
56;supply_node;1312.00;9.70;2358.00;5.37;0
56;supply_node;851.00;9.95;2309.00;0.66;0
56;supply_node;948.00;11.18;2034.00;1.01;0
56;supply_node;823.00;11.60;2119.00;4.58;0
56;supply_node;1423.00;11.75;2333.00;4.61;0
56;supply_node;1253.00;9.70;2225.00;2.97;0
56;supply_node;769.00;9.80;2295.00;3.98;0
56;supply_node;897.00;14.18;2033.00;1.21;0
56;supply_node;1014.00;11.48;2266.00;0.55;0
56;supply_node;1517.00;10.00;2232.00;2.30;0
56;supply_node;1618.00;9.98;2191.00;4.92;0
56;supply_node;1131.00;9.70;2198.00;0.46;0
56;supply_node;831.00;10.10;2190.00;0.35;0
56;supply_node;1325.00;10.05;2505.00;0.35;0
56;supply_node;1411.00;10.85;2458.00;1.81;0
56;supply_node;1563.00;10.60;2524.00;3.22;0
56;supply_node;1448.00;9.80;2507.00;2.76;0
56;supply_node;1306.00;10.28;2523.00;2.96;0
56;supply_node;1369.00;10.15;2516.00;3.39;0
56;supply_node;1341.00;9.90;2444.00;3.85;0
56;supply_node;1416.00;10.20;2537.00;3.95;0
56;supply_node;888.00;9.65;2331.00;1.93;0
56;supply_node;962.00;10.95;2369.00;3.82;0
56;supply_node;862.00;9.85;2343.00;0.26;0
56;supply_node;1007.00;10.28;2369.00;3.88;0
56;supply_node;921.00;9.50;2356.00;1.18;0
56;supply_node;1074.00;9.50;2333.00;3.48;0
56;supply_node;946.00;10.40;2331.00;5.87;0
56;supply_node;880.00;10.15;2384.00;4.71;0
56;supply_node;1045.00;10.85;2348.00;3.07;0
56;supply_node;841.00;12.82;2418.00;4.83;0
56;supply_node;771.00;10.35;2409.00;4.78;0
56;supply_node;1281.00;9.80;2417.00;1.10;0
56;supply_node;1230.00;9.50;2431.00;5.97;0
56;supply_node;1300.00;10.07;2406.00;2.05;0
56;supply_node;1346.00;10.12;2406.00;4.34;0
56;supply_node;1385.00;14.80;2402.00;4.91;0
56;supply_node;1282.00;12.50;2484.00;3.57;0
56;supply_node;1217.00;11.05;2498.00;3.38;0
56;supply_node;906.00;9.75;2437.00;4.16;0
56;supply_node;938.00;11.18;2453.00;4.12;0
56;supply_node;1201.00;9.62;2346.00;2.80;0
56;supply_node;1222.00;9.60;2343.00;5.33;0
56;supply_node;1192.00;9.70;2391.00;4.76;0
56;supply_node;1183.00;9.65;2353.00;5.78;0
56;supply_node;1222.00;9.78;2392.00;0.98;0
56;supply_node;1331.00;9.50;2196.00;3.04;0
56;supply_node;1349.00;9.70;2202.00;5.36;0
56;supply_node;1361.00;9.60;2222.00;5.11;0
56;supply_node;1092.00;9.90;2388.00;4.51;0
56;supply_node;1120.00;10.10;2394.00;2.00;0
56;supply_node;1149.00;9.90;2382.00;5.29;0
56;supply_node;1110.00;10.30;2442.00;6.28;0
56;supply_node;847.00;10.68;2485.00;5.19;0
56;supply_node;799.00;10.18;2477.00;3.26;0
56;supply_node;1082.00;9.73;2488.00;1.18;0
56;supply_node;934.00;10.55;2486.00;2.17;0
56;supply_node;1374.00;9.85;2150.00;0.93;0
56;supply_node;1371.00;9.50;2131.00;4.95;0
56;supply_node;1191.00;9.55;2423.00;0.15;0
56;supply_node;1164.00;9.93;2477.00;3.32;0
56;supply_node;1468.00;11.93;2284.00;5.93;0
56;supply_node;934.00;10.00;2509.00;0.97;0
56;supply_node;1418.00;9.85;2121.00;1.03;0
56;supply_node;1443.00;9.73;2188.00;5.75;0
56;supply_node;1194.00;9.65;2463.00;0.50;0
56;supply_node;834.00;11.15;2464.00;4.45;0
56;supply_node;1459.00;9.75;2196.00;1.16;0
56;supply_node;1038.00;10.38;2472.00;3.43;0
56;supply_node;1257.00;9.62;2454.00;6.04;0
56;supply_node;1051.00;10.20;2434.00;3.90;0
56;supply_node;1548.00;10.55;2152.00;3.21;0
56;supply_node;1496.00;9.60;2286.00;0.91;0
56;supply_node;957.00;9.60;2111.00;2.12;0
56;supply_node;899.00;10.48;2499.00;1.68;0
56;supply_node;1126.00;9.50;2505.00;3.39;0
56;supply_node;1429.00;9.90;2304.00;1.65;0
56;supply_node;1629.00;9.98;2101.00;1.01;0
56;supply_node;1113.00;9.60;2319.00;0.78;0
56;supply_node;901.00;9.73;2478.00;1.17;0
56;supply_node;1185.00;9.53;2327.00;4.11;0
56;supply_node;1454.00;10.38;2311.00;2.06;0
56;supply_node;1086.00;9.50;2474.00;2.59;0
56;supply_node;1584.00;9.90;2074.00;3.91;0
56;supply_node;1627.00;9.82;2111.00;5.06;0
56;supply_node;1497.00;9.75;2151.00;0.33;0
56;supply_node;1086.00;9.60;2315.00;1.86;0
56;supply_node;1320.00;9.50;2324.00;5.76;0
56;supply_node;1110.00;9.50;2352.00;4.54;0
56;supply_node;966.00;9.60;2129.00;0.54;0
56;supply_node;1268.00;9.50;2438.00;4.31;0
56;supply_node;996.00;9.50;2413.00;4.76;0
56;supply_node;1416.00;9.57;2417.00;1.36;0
56;supply_node;1432.00;9.85;2312.00;3.68;0
56;supply_node;1154.00;9.57;2417.00;0.74;0
56;supply_node;1070.00;9.50;2482.00;4.66;0
56;supply_node;1617.00;9.78;2109.00;2.75;0
56;supply_node;1183.00;9.50;2415.00;4.18;0
56;supply_node;1426.00;9.75;2290.00;3.14;0
56;supply_node;1430.00;9.50;2294.00;2.82;0
56;supply_node;905.00;10.12;2485.00;1.13;0
56;bunker;792.00;11.05;2131.00;2.72;0
56;bunker;1349.00;9.60;2295.00;6.11;0
56;bunker;1156.00;9.70;2233.00;4.12;0
56;bunker;1394.00;11.18;2476.00;1.12;0
56;bunker;912.00;13.62;2029.00;1.36;0
56;bunker;1150.00;9.70;2131.00;4.20;0
56;bunker;817.00;9.90;2318.00;6.12;0
56;bunker;663.00;9.90;2257.00;3.48;0
56;bunker;1499.00;9.80;2226.00;2.01;0
56;bunker;1615.00;9.70;2250.00;4.87;0
56;bunker;799.00;9.90;2219.00;3.38;0
56;bunker;1050.00;9.90;2203.00;2.56;0
56;bunker;1030.00;10.80;2355.00;0.48;0
56;bunker;977.00;11.93;2349.00;5.56;0
56;bunker;1004.00;13.45;1905.00;1.27;0
56;bunker;1571.00;10.65;2175.00;5.86;0
56;bunker;943.00;10.65;2161.00;6.23;0
56;bunker;935.00;11.07;2200.00;3.92;0
56;bunker;889.00;10.32;2216.00;0.78;0
56;bunker;1077.00;9.85;2157.00;0.12;0
56;bunker;1318.00;10.57;2443.00;3.23;0
56;bunker;925.00;10.38;2254.00;1.49;0
56;bunker;1367.00;9.85;2375.00;3.02;0
56;bunker;1187.00;9.70;2079.00;5.38;0
56;bunker;876.00;12.12;1861.00;6.19;0
56;bunker;943.00;10.65;2356.00;2.49;0
56;bunker;1311.00;9.73;2404.00;1.04;0
56;bunker;1174.00;10.30;1949.00;2.95;0
56;bunker;1022.00;10.60;2237.00;3.99;0
56;bunker;857.00;11.82;1973.00;0.21;0
56;bunker;1156.00;9.70;2299.00;2.08;0
56;bunker;980.00;10.50;2101.00;0.79;0
56;bunker;1064.00;9.95;2073.00;0.97;0
56;bunker;1089.00;9.85;2227.00;0.26;0
56;bunker;878.00;10.20;2398.00;0.79;0
56;bunker;1510.00;10.75;2328.00;2.01;0
56;bunker;1135.00;9.60;2204.00;0.23;0
56;bunker;1267.00;9.60;2303.00;0.27;0
56;bunker;1529.00;9.78;2527.00;5.76;0
56;bunker;1531.00;9.75;2248.00;5.90;0
56;bunker;991.00;10.15;2374.00;4.05;0
56;bunker;1032.00;10.65;2035.00;3.98;0
56;bunker;1190.00;9.60;2123.00;6.25;0
56;bunker;762.00;9.70;2214.00;0.59;0
56;bunker;864.00;10.25;2244.00;0.62;0
56;bunker;1514.00;9.60;2541.00;5.23;0
56;bunker;1421.00;10.35;2316.00;3.07;0
56;bunker;1213.00;9.60;2237.00;0.18;0
56;bunker;666.00;9.75;2291.00;4.34;0
56;bunker;1631.00;9.62;2165.00;1.94;0
56;bunker;865.00;10.20;2186.00;5.63;0
56;bunker;808.00;10.00;2299.00;0.08;0
56;bunker;1344.00;10.20;2515.00;4.53;0
56;bunker;697.00;10.30;2179.00;4.21;0
56;bunker;728.00;9.75;2344.00;2.39;0
56;bunker;1473.00;9.50;2557.00;1.38;0
56;bunker;1270.00;9.60;2211.00;5.82;0
56;bunker;1591.00;9.53;2218.00;1.34;0
56;bunker;800.00;11.00;2089.00;3.61;0
56;bunker;757.00;10.85;2386.00;5.43;0
56;bunker;1201.00;9.70;2163.00;4.92;0
56;bunker;963.00;12.75;2225.00;2.28;0
56;bunker;868.00;12.35;2079.00;5.46;0
56;bunker;1109.00;9.60;2261.00;2.25;0
56;bunker;774.00;9.60;2251.00;0.78;0
56;bunker;819.00;9.90;2208.00;4.57;0
56;bunker;1233.00;9.60;2183.00;5.44;0
56;bunker;790.00;9.80;2311.00;1.58;0
56;bunker;857.00;9.78;2339.00;2.57;0
56;bunker;1319.00;9.70;2348.00;3.52;0
56;bunker;908.00;10.10;2277.00;4.83;0
56;bunker;1380.00;10.18;2344.00;2.75;0
56;bunker;815.00;12.18;2139.00;3.00;0
56;bunker;816.00;10.62;2052.00;2.07;0
56;bunker;1072.00;9.80;2270.00;2.77;0
56;bunker;1032.00;10.85;2262.00;2.99;0
56;bunker;1250.00;9.50;2163.00;3.61;0
56;bunker;1570.00;9.60;2297.00;2.24;0
56;bunker;714.00;9.98;2293.00;0.19;0
56;bunker;932.00;10.25;2370.00;0.00;0
56;bunker;1226.00;9.60;2272.00;3.00;0
56;bunker;1239.00;9.65;2432.00;1.20;0
56;bunker;1426.00;10.50;2355.00;4.81;0
56;bunker;684.00;11.05;2334.00;2.38;0
56;bunker;1244.00;9.70;2233.00;5.49;0
56;bunker;621.00;9.85;2340.00;4.00;0
56;bunker;1634.00;9.55;2191.00;3.73;0
56;bunker;1222.00;9.60;2150.00;1.41;0
56;bunker;1064.00;10.03;2332.00;5.36;0
56;bunker;811.00;10.60;2072.00;1.10;0
56;bunker;820.00;9.90;2226.00;0.37;0
56;bunker;1523.00;9.82;2231.00;4.02;0
56;bunker;734.00;10.45;2163.00;5.49;0
56;bunker;1169.00;9.60;2265.00;4.25;0
56;bunker;780.00;9.85;2335.00;3.24;0
56;bunker;1302.00;9.80;2270.00;5.96;0
56;bunker;1033.00;11.15;2284.00;3.33;0
56;bunker;752.00;9.78;2180.00;0.52;0
56;bunker;1254.00;9.60;2278.00;1.80;0
56;bunker;977.00;10.70;2067.00;0.39;0
56;bunker;1553.00;9.98;2295.00;3.07;0
56;bunker;1043.00;13.48;1932.00;1.28;0
56;bunker;1346.00;10.00;2410.00;3.05;0
56;bunker;1544.00;9.98;2194.00;3.30;0
56;bunker;1202.00;9.60;2242.00;4.36;0
56;bunker;959.00;13.35;2289.00;0.63;0
56;bunker;1232.00;9.60;2195.00;1.49;0
56;bunker;848.00;10.10;2236.00;5.63;0
56;bunker;761.00;10.12;2151.00;0.12;0
56;bunker;1287.00;10.70;2523.00;0.49;0
56;bunker;741.00;10.30;2105.00;0.50;0
56;bunker;1572.00;11.35;2158.00;1.72;0
56;bunker;1166.00;9.60;2215.00;2.65;0
56;bunker;1350.00;9.55;2261.00;3.95;0
56;bunker;861.00;10.62;2419.00;2.10;0
56;bunker;704.00;10.25;2156.00;1.60;0
56;bunker;1160.00;9.60;2182.00;1.85;0
56;bunker;800.00;11.25;2111.00;2.95;0
56;bunker;776.00;10.20;2160.00;2.39;0
56;bunker;1383.00;11.00;2397.00;2.30;0
56;bunker;1447.00;10.78;2360.00;2.68;0
56;bunker;1328.00;9.95;2504.00;5.63;0
56;bunker;1314.00;9.85;2483.00;5.21;0
56;bunker;1194.00;9.73;2499.00;3.79;0
56;bunker;1600.00;9.78;2150.00;0.73;0
56;bunker;1509.00;9.60;2216.00;2.83;0
56;bunker;1428.00;11.40;2373.00;1.65;0
56;bunker;1125.00;9.70;2273.00;2.54;0
56;bunker;1240.00;9.50;2162.00;5.67;0
56;bunker;887.00;10.12;2338.00;0.76;0
56;bunker;1283.00;9.80;2415.00;0.00;0
56;bunker;1282.00;9.50;2360.00;4.19;0
56;bunker;909.00;9.80;2437.00;2.18;0
56;bunker;967.00;9.68;2468.00;0.18;0
56;bunker;1197.00;9.60;2364.00;4.65;0
56;bunker;1234.00;9.50;2345.00;0.83;0
56;bunker;1199.00;9.60;2402.00;3.46;0
56;bunker;1179.00;9.60;2357.00;3.23;0
56;bunker;1204.00;9.70;2382.00;1.89;0
56;bunker;1328.00;9.60;2208.00;0.12;0
56;bunker;1337.00;9.60;2204.00;0.92;0
56;bunker;1382.00;9.85;2216.00;2.56;0
56;bunker;1107.00;9.85;2388.00;2.97;0
56;bunker;1125.00;9.85;2403.00;1.76;0
56;bunker;1144.00;9.65;2368.00;4.52;0
56;bunker;1092.00;10.35;2441.00;2.26;0
56;bunker;870.00;10.38;2493.00;1.64;0
56;bunker;795.00;9.90;2475.00;0.69;0
56;bunker;1084.00;9.80;2490.00;5.55;0
56;bunker;944.00;9.95;2477.00;0.99;0
56;bunker;1371.00;9.78;2146.00;0.71;0
56;bunker;1376.00;9.50;2135.00;2.22;0
56;bunker;1203.00;9.55;2420.00;5.18;0
56;bunker;1161.00;9.60;2471.00;6.21;0
56;bunker;1463.00;12.62;2284.00;2.34;0
56;bunker;944.00;9.85;2506.00;1.28;0
56;bunker;1419.00;9.78;2114.00;2.55;0
56;bunker;1439.00;9.78;2198.00;5.03;0
56;bunker;1203.00;9.75;2462.00;4.36;0
56;bunker;831.00;10.53;2465.00;6.00;0
56;bunker;1456.00;9.75;2200.00;0.72;0
56;bunker;1031.00;9.90;2476.00;5.50;0
56;bunker;1253.00;9.60;2455.00;1.41;0
56;bunker;1046.00;10.43;2436.00;0.30;0
56;bunker;1545.00;9.93;2160.00;3.72;0
56;bunker;1492.00;9.57;2285.00;5.20;0
56;bunker;951.00;9.62;2109.00;3.06;0
56;bunker;898.00;10.57;2503.00;1.08;0
56;bunker;1118.00;10.12;2507.00;3.71;0
56;bunker;1431.00;9.93;2306.00;3.68;0
56;bunker;1632.00;10.10;2102.00;5.45;0
56;bunker;1113.00;9.60;2317.00;3.02;0
56;bunker;897.00;10.07;2479.00;2.43;0
56;bunker;1187.00;9.50;2328.00;6.25;0
56;bunker;1457.00;10.03;2309.00;2.04;0
56;bunker;1087.00;9.62;2475.00;3.57;0
56;bunker;1585.00;9.95;2075.00;1.03;0
56;bunker;1626.00;9.75;2113.00;4.63;0
56;bunker;1498.00;9.78;2151.00;1.87;0
56;bunker;1087.00;9.62;2316.00;6.02;0
56;bunker;1321.00;9.50;2324.00;4.01;0
56;bunker;1112.00;9.60;2352.00;0.04;0
56;bunker;966.00;9.60;2129.00;2.60;0
56;bunker;1268.00;9.57;2439.00;2.51;0
56;bunker;997.00;9.80;2414.00;0.08;0
56;bunker;1417.00;10.62;2418.00;0.97;0
56;bunker;1435.00;9.50;2314.00;4.11;0
56;bunker;1153.00;9.60;2417.00;2.14;0
56;bunker;1067.00;9.50;2482.00;5.13;0
56;bunker;1617.00;9.78;2109.00;1.68;0
56;bunker;1183.00;9.50;2415.00;5.31;0
56;bunker;1428.00;9.75;2290.00;4.75;0
56;bunker;1431.00;10.10;2295.00;0.93;0
56;bunker;906.00;9.80;2485.00;3.68;0
56;coastal_bunker;1610.00;9.50;2170.00;-0.28;0
56;coastal_bunker;1398.00;10.25;2423.00;-1.43;0
56;coastal_bunker;1374.00;10.25;2469.00;0.75;0
56;coastal_bunker;1578.00;9.50;2314.00;-3.70;0
56;coastal_bunker;932.00;10.00;2403.00;-1.65;0
56;coastal_bunker;1295.00;9.50;2308.00;-3.51;0
56;coastal_bunker;1119.00;9.55;2297.00;-3.14;0
56;coastal_bunker;1437.00;9.95;2376.00;-2.12;0
56;coastal_bunker;998.00;9.65;2378.00;-2.85;0
56;coastal_bunker;1178.00;9.50;2446.00;-1.77;0
56;coastal_bunker;1344.00;9.50;2350.00;-2.80;0
56;coastal_bunker;701.00;9.65;2335.00;-3.19;0
56;coastal_bunker;1458.00;9.50;2215.00;-0.40;0
56;coastal_bunker;1358.00;9.50;2473.00;-1.41;0
56;coastal_bunker;1049.00;9.82;2370.00;-3.77;0
56;coastal_bunker;1260.00;9.50;2519.00;-1.41;0
56;coastal_bunker;1360.00;9.50;2252.00;0.67;0
56;coastal_bunker;957.00;10.53;2300.00;-3.65;0
56;coastal_bunker;1619.00;9.57;2267.00;1.29;0
56;coastal_bunker;1584.00;9.50;2224.00;-4.27;0
56;coastal_bunker;1601.00;9.50;2275.00;-4.07;0
56;coastal_bunker;1082.00;9.60;2296.00;-3.69;0
56;coastal_bunker;1284.00;9.50;2370.00;-1.25;0
56;coastal_bunker;1095.00;9.65;2344.00;-4.64;0
56;coastal_bunker;1350.00;9.50;2318.00;-1.23;0
56;coastal_bunker;1023.00;9.93;2310.00;-2.68;0
56;coastal_bunker;1384.00;9.55;2288.00;1.54;0
56;coastal_bunker;1229.00;9.55;2127.00;1.01;0
56;coastal_bunker;952.00;10.18;2396.00;-2.96;0
56;coastal_bunker;1595.00;9.65;2164.00;-4.62;0
56;coastal_bunker;1607.00;9.50;2514.00;1.50;0
56;coastal_bunker;893.00;9.57;2313.00;-4.12;0
56;coastal_bunker;1534.00;9.50;2195.00;-0.59;0
56;coastal_bunker;1424.00;9.85;2365.00;-1.89;0
56;coastal_bunker;1277.00;9.50;2310.00;-3.78;0
56;coastal_bunker;977.00;9.50;2318.00;0.12;0
56;coastal_bunker;849.00;9.75;2410.00;1.25;0
56;coastal_bunker;974.00;9.50;2299.00;-4.01;0
56;coastal_bunker;1330.00;9.68;2511.00;-1.57;0
56;coastal_bunker;994.00;9.50;2279.00;-2.30;0
56;coastal_bunker;1638.00;9.50;2189.00;1.51;0
56;coastal_bunker;1211.00;9.57;2035.00;-4.01;0
56;coastal_bunker;884.00;9.60;2296.00;-3.01;0
56;coastal_bunker;928.00;9.50;2352.00;-1.46;0
56;coastal_bunker;744.00;9.80;2425.00;-1.81;0
56;coastal_bunker;679.00;10.32;2355.00;-3.31;0
56;coastal_bunker;1236.00;9.50;2128.00;0.59;0
56;coastal_bunker;1190.00;9.50;2317.00;-3.29;0
56;coastal_bunker;844.00;9.50;2343.00;-2.55;0
56;coastal_bunker;1265.00;9.50;2195.00;1.41;0
56;coastal_bunker;1353.00;9.50;2394.00;-4.07;0
56;coastal_bunker;1579.00;9.50;2189.00;1.47;0
56;coastal_bunker;1304.00;9.50;2211.00;1.19;0
56;coastal_bunker;1354.00;9.50;2505.00;-0.08;0
56;coastal_bunker;1472.00;9.50;2304.00;-1.03;0
56;coastal_bunker;731.00;9.62;2346.00;-3.32;0
56;coastal_bunker;1390.00;9.57;2551.00;-2.54;0
56;coastal_bunker;1234.00;9.57;2139.00;0.79;0
56;coastal_bunker;1194.00;9.50;2288.00;-2.74;0
56;coastal_bunker;1405.00;10.70;2401.00;1.46;0
56;coastal_bunker;1307.00;9.50;2329.00;-0.39;0
56;coastal_bunker;880.00;9.50;2330.00;-0.20;0
56;coastal_bunker;603.00;9.70;2339.00;-3.47;0
56;coastal_bunker;1295.00;9.50;2475.00;1.39;0
56;coastal_bunker;1238.00;9.50;2318.00;-3.99;0
56;coastal_bunker;1566.00;9.50;2147.00;-1.71;0
56;coastal_bunker;796.00;9.60;2332.00;-4.25;0
56;coastal_bunker;1409.00;10.18;2361.00;-4.25;0
56;coastal_bunker;1222.00;10.05;2521.00;-3.14;0
56;coastal_bunker;1293.00;9.65;2421.00;-4.02;0
56;coastal_bunker;1510.00;9.50;2211.00;-1.57;0
56;coastal_bunker;1517.00;9.50;2271.00;-2.54;0
56;coastal_bunker;1429.00;10.20;2324.00;0.79;0
56;coastal_bunker;1264.00;9.50;2171.00;1.45;0
56;coastal_bunker;1255.00;9.50;2160.00;0.79;0
56;coastal_bunker;1315.00;9.50;2396.00;-3.93;0
56;coastal_bunker;899.00;9.50;2437.00;-2.36;0
56;coastal_bunker;912.00;10.18;2468.00;-1.74;0
56;coastal_bunker;1192.00;9.50;2272.00;-3.81;0
56;coastal_bunker;1207.00;9.50;2327.00;-0.19;0
56;coastal_bunker;1221.00;9.50;2330.00;1.57;0
56;coastal_bunker;1207.00;9.50;2069.00;1.15;0
56;coastal_bunker;1190.00;9.50;2372.00;-2.36;0
56;coastal_bunker;1138.00;9.50;2294.00;-3.22;0
56;coastal_bunker;1172.00;9.50;2355.00;-1.57;0
56;coastal_bunker;1203.00;9.50;2370.00;-4.61;0
56;coastal_bunker;1321.00;9.50;2199.00;0.00;0
56;coastal_bunker;1352.00;9.50;2188.00;1.06;0
56;coastal_bunker;1408.00;9.53;2200.00;1.57;0
56;coastal_bunker;1099.00;9.50;2383.00;-1.57;0
56;coastal_bunker;1125.00;9.62;2407.00;-2.53;0
56;coastal_bunker;1172.00;9.50;2383.00;1.57;0
56;coastal_bunker;1062.00;9.50;2445.00;-1.71;0
56;coastal_bunker;842.00;9.50;2481.00;-4.51;0
56;coastal_bunker;766.00;9.50;2475.00;-1.37;0
56;coastal_bunker;1091.00;9.75;2495.00;-1.85;0
56;coastal_bunker;929.00;9.50;2473.00;-1.89;0
56;coastal_bunker;1360.00;9.50;2141.00;-3.61;0
56;coastal_bunker;1364.00;9.50;2127.00;0.00;0
56;coastal_bunker;1193.00;9.50;2430.00;-2.16;0
56;coastal_bunker;1154.00;9.50;2473.00;1.57;0
56;coastal_bunker;1480.00;9.88;2292.00;-3.93;0
56;coastal_bunker;923.00;9.50;2506.00;-1.57;0
56;coastal_bunker;1425.00;9.55;2125.00;-3.93;0
56;coastal_bunker;1439.00;9.50;2186.00;-3.14;0
56;coastal_bunker;1214.00;9.55;2463.00;1.52;0
56;coastal_bunker;833.00;9.85;2460.00;1.57;0
56;coastal_bunker;1458.00;9.62;2204.00;-1.57;0
56;coastal_bunker;1027.00;9.50;2477.00;1.57;0
56;coastal_bunker;1250.00;9.50;2453.00;-1.57;0
56;coastal_bunker;1056.00;9.85;2437.00;-3.14;0
56;coastal_bunker;1546.00;9.53;2158.00;-3.14;0
56;coastal_bunker;1497.00;9.50;2284.00;1.57;0
56;coastal_bunker;895.00;9.75;2499.00;-3.14;0
56;coastal_bunker;1137.00;9.50;2502.00;-3.14;0
56;coastal_bunker;1431.00;9.82;2307.00;-3.93;0
56;coastal_bunker;1630.00;9.55;2098.00;-3.14;0
56;coastal_bunker;1117.00;9.60;2324.00;-3.93;0
56;coastal_bunker;894.00;9.50;2479.00;-3.14;0
56;coastal_bunker;1185.00;9.50;2323.00;-3.14;0
56;coastal_bunker;1457.00;9.50;2308.00;1.57;0
56;coastal_bunker;1089.00;9.50;2474.00;-3.93;0
56;coastal_bunker;1587.00;9.82;2077.00;1.57;0
56;coastal_bunker;1629.00;9.53;2108.00;1.57;0
56;coastal_bunker;1500.00;9.50;2148.00;-1.57;0
56;coastal_bunker;1088.00;9.50;2313.00;1.57;0
56;coastal_bunker;1319.00;9.50;2325.00;-3.14;0
56;coastal_bunker;1112.00;9.60;2353.00;-1.57;0
56;coastal_bunker;1268.00;9.57;2440.00;-3.14;0
56;coastal_bunker;998.00;9.50;2413.00;-3.14;0
56;coastal_bunker;1414.00;9.65;2416.00;-3.14;0
56;coastal_bunker;1436.00;9.50;2312.00;1.57;0
56;coastal_bunker;1152.00;9.50;2416.00;-1.57;0
56;coastal_bunker;1072.00;9.70;2483.00;-1.57;0
56;coastal_bunker;1618.00;9.75;2110.00;1.57;0
56;coastal_bunker;1180.00;9.50;2416.00;-3.93;0
56;coastal_bunker;1426.00;9.50;2292.00;-3.93;0
56;coastal_bunker;1431.00;9.65;2294.00;-3.93;0
56;coastal_bunker;905.00;9.50;2484.00;-1.57;0
56;stronghold_network;906.00;12.85;1917.00;0.20;0
56;dockyard;986.00;9.50;2314.00;-2.68;0
56;anti_air_building;1432.00;10.32;2460.00;4.42;0
56;anti_air_building;1232.00;9.60;2288.00;6.11;0
56;anti_air_building;1068.00;9.90;2289.00;2.90;0
56;synthetic_refinery;989.00;10.12;2111.00;2.01;0
56;fuel_silo;1497.00;11.73;2325.00;3.33;0
56;radar_station;1121.00;9.50;2177.00;0.71;0
56;naval_supply_hub;1222.00;9.50;2315.00;-2.74;0
56;naval_supply_hub;1277.00;9.50;2199.00;1.19;0
56;naval_supply_hub;1391.00;9.57;2280.00;1.54;0
56;naval_supply_hub;871.00;9.90;2422.00;1.25;0
56;naval_supply_hub;1459.00;9.50;2558.00;-2.54;0
56;naval_supply_hub;1378.00;9.73;2382.00;-2.80;0
56;naval_supply_hub;1029.00;9.50;2326.00;-0.57;0
56;naval_supply_hub;1495.00;9.62;2481.00;0.48;0
56;naval_supply_hub;1245.00;9.50;1996.00;-4.01;0
56;naval_supply_hub;768.00;9.75;2441.00;-3.52;0
56;naval_supply_hub;1429.00;9.50;2442.00;0.75;0
56;naval_supply_hub;1308.00;9.50;2339.00;-0.39;0
56;naval_supply_hub;1602.00;9.57;2151.00;-4.62;0
56;naval_supply_hub;1632.00;9.50;2162.00;1.05;0
56;naval_supply_hub;992.00;9.78;2409.00;-2.85;0
56;naval_supply_hub;1285.00;9.75;2440.00;-1.43;0
56;naval_supply_hub;1089.00;9.50;2322.00;-4.64;0
56;naval_supply_hub;1241.00;9.50;2160.00;0.79;0
56;naval_supply_hub;1587.00;9.50;2283.00;-4.07;0
56;naval_supply_hub;913.00;9.50;2358.00;-1.46;0
56;naval_supply_hub;1223.00;9.50;2113.00;1.01;0
56;naval_supply_hub;828.00;9.50;2398.00;-1.65;0
56;naval_supply_hub;1471.00;9.50;2313.00;-1.03;0
56;naval_supply_hub;1073.00;9.60;2297.00;-3.69;0
56;naval_supply_hub;1186.00;9.50;2287.00;-3.29;0
56;naval_supply_hub;1643.00;9.50;2530.00;1.50;0
56;naval_supply_hub;986.00;9.50;2304.00;-2.68;0
56;naval_supply_hub;1515.00;9.50;2284.00;-2.54;0
56;naval_supply_hub;1573.00;9.50;2318.00;-3.70;0
56;naval_supply_hub;1585.00;9.50;2224.00;-4.27;0
56;naval_supply_hub;1298.00;9.65;2531.00;-1.41;0
56;naval_supply_hub;1581.00;9.50;2245.00;1.29;0
56;naval_supply_hub;1627.00;9.60;2181.00;1.51;0
56;naval_supply_hub;1375.00;9.50;2315.00;0.93;0
56;naval_supply_hub;686.00;10.03;2353.00;-3.19;0
56;naval_supply_hub;1299.00;9.75;2419.00;-4.02;0
56;naval_supply_hub;1230.00;9.50;2430.00;-1.77;0
56;naval_supply_hub;1490.00;9.90;2355.00;-4.16;0
56;naval_supply_hub;1487.00;9.75;2240.00;-2.82;0
56;naval_supply_hub;659.00;9.73;2350.00;-3.47;0
56;naval_supply_hub;734.00;9.50;2337.00;-3.32;0
56;naval_supply_hub;1292.00;9.50;2312.00;-3.51;0
56;naval_supply_hub;1124.00;9.55;2297.00;-3.14;0
56;naval_supply_hub;992.00;10.70;2283.00;-4.01;0
56;naval_supply_hub;952.00;10.18;2396.00;-2.96;0
56;naval_supply_hub;1241.00;9.50;2319.00;-3.99;0
56;naval_supply_hub;1510.00;9.50;2211.00;-1.57;0
56;naval_supply_hub;1406.00;9.82;2373.00;-1.89;0
56;naval_supply_hub;894.00;9.50;2307.00;-4.12;0
56;naval_supply_hub;998.00;9.50;2283.00;-2.30;0
56;naval_supply_hub;664.00;9.78;2351.00;-3.31;0
56;naval_supply_hub;1351.00;9.75;2415.00;-4.07;0
56;naval_supply_hub;1135.00;9.50;2294.00;-3.22;0
56;naval_supply_hub;1424.00;10.38;2357.00;-4.25;0
56;naval_supply_hub;949.00;9.50;2312.00;0.12;0
56;naval_supply_hub;1207.00;9.50;2072.00;1.15;0
56;naval_supply_hub;1292.00;9.50;2397.00;-1.14;0
56;naval_supply_hub;1291.00;9.50;2379.00;-1.25;0
56;naval_supply_hub;1264.00;9.50;2195.00;1.41;0
56;naval_supply_hub;1340.00;9.50;2502.00;-0.08;0
56;naval_supply_hub;895.00;9.50;2329.00;-0.20;0
56;naval_supply_hub;938.00;9.50;2295.00;-3.65;0
56;naval_supply_hub;1282.00;9.50;2307.00;-3.78;0
56;naval_supply_hub;1399.00;9.50;2395.00;1.46;0
56;naval_supply_hub;1434.00;9.50;2325.00;0.79;0
56;naval_supply_hub;860.00;9.60;2348.00;-2.55;0
56;naval_supply_hub;895.00;9.60;2294.00;-3.01;0
56;naval_supply_hub;1292.00;9.80;2473.00;1.39;0
56;naval_supply_hub;805.00;9.60;2330.00;-4.25;0
56;naval_supply_hub;1366.00;9.50;2246.00;0.67;0
56;naval_supply_hub;1214.00;9.50;2477.00;-3.14;0
56;naval_supply_hub;1532.00;9.50;2189.00;-0.59;0
56;naval_supply_hub;1577.00;9.50;2192.00;1.47;0
56;naval_supply_hub;1545.00;9.50;2166.00;-1.71;0
56;naval_supply_hub;1258.00;9.50;2166.00;0.79;0
56;naval_supply_hub;1236.00;9.50;2131.00;0.59;0
56;naval_supply_hub;1318.00;9.75;2508.00;-1.57;0
56;naval_supply_hub;896.00;9.50;2440.00;-2.36;0
56;naval_supply_hub;887.00;9.85;2475.00;-1.74;0
56;naval_supply_hub;1202.00;9.50;2331.00;-0.19;0
56;naval_supply_hub;1227.00;9.50;2352.00;1.57;0
56;naval_supply_hub;1183.00;9.50;2398.00;-2.36;0
56;naval_supply_hub;1173.00;9.50;2345.00;-1.57;0
56;naval_supply_hub;1242.00;9.55;2401.00;-4.61;0
56;naval_supply_hub;1316.00;9.53;2204.00;0.00;0
56;naval_supply_hub;1358.00;9.50;2195.00;1.06;0
56;naval_supply_hub;1403.00;9.50;2206.00;1.57;0
56;naval_supply_hub;1075.00;9.50;2391.00;-1.57;0
56;naval_supply_hub;1109.00;9.50;2395.00;-2.53;0
56;naval_supply_hub;1157.00;9.50;2405.00;1.57;0
56;naval_supply_hub;1264.00;9.50;2170.00;1.45;0
56;naval_supply_hub;1147.00;9.73;2450.00;-1.71;0
56;naval_supply_hub;880.00;10.15;2491.00;-4.51;0
56;naval_supply_hub;784.00;9.73;2480.00;-1.37;0
56;naval_supply_hub;1128.00;9.73;2477.00;-1.85;0
56;naval_supply_hub;919.00;9.50;2493.00;-1.89;0
56;naval_supply_hub;1381.00;9.50;2143.00;-3.61;0
56;naval_supply_hub;1367.00;9.50;2131.00;0.00;0
56;naval_supply_hub;1171.00;9.50;2426.00;-2.16;0
56;naval_supply_hub;1159.00;9.50;2473.00;1.57;0
56;naval_supply_hub;1461.00;9.95;2294.00;-3.93;0
56;naval_supply_hub;949.00;9.65;2511.00;-1.57;0
56;naval_supply_hub;1416.00;9.50;2106.00;-3.93;0
56;naval_supply_hub;1450.00;9.62;2184.00;-3.14;0
56;naval_supply_hub;1213.00;9.50;2459.00;1.52;0
56;naval_supply_hub;843.00;10.32;2469.00;1.57;0
56;naval_supply_hub;1464.00;9.73;2198.00;-1.57;0
56;naval_supply_hub;1034.00;9.85;2476.00;1.57;0
56;naval_supply_hub;1265.00;9.65;2456.00;-1.57;0
56;naval_supply_hub;1048.00;9.50;2439.00;-3.14;0
56;naval_supply_hub;1552.00;10.38;2153.00;-3.14;0
56;naval_supply_hub;1500.00;9.60;2288.00;1.57;0
56;naval_supply_hub;905.00;9.50;2496.00;-3.14;0
56;naval_supply_hub;1136.00;9.82;2506.00;-3.14;0
56;naval_supply_hub;1424.00;9.50;2301.00;-3.93;0
56;naval_supply_hub;1623.00;9.50;2104.00;-3.14;0
56;naval_supply_hub;1116.00;9.60;2319.00;-3.93;0
56;naval_supply_hub;902.00;9.50;2477.00;-3.14;0
56;naval_supply_hub;1182.00;9.50;2326.00;-3.14;0
56;naval_supply_hub;1454.00;10.35;2315.00;1.57;0
56;naval_supply_hub;1093.00;9.60;2475.00;-3.93;0
56;naval_supply_hub;1586.00;9.50;2072.00;1.57;0
56;naval_supply_hub;1631.00;9.78;2109.00;1.57;0
56;naval_supply_hub;1495.00;9.50;2152.00;-1.57;0
56;naval_supply_hub;1090.00;9.60;2317.00;1.57;0
56;naval_supply_hub;1316.00;9.50;2325.00;-3.14;0
56;naval_supply_hub;1111.00;9.60;2353.00;-1.57;0
56;naval_supply_hub;1271.00;9.50;2437.00;-3.14;0
56;naval_supply_hub;998.00;9.75;2415.00;-3.14;0
56;naval_supply_hub;1418.00;10.00;2417.00;-3.14;0
56;naval_supply_hub;1434.00;9.90;2312.00;1.57;0
56;naval_supply_hub;1156.00;9.50;2418.00;-1.57;0
56;naval_supply_hub;1070.00;9.50;2481.00;-1.57;0
56;naval_supply_hub;1616.00;9.50;2108.00;1.57;0
56;naval_supply_hub;1180.00;9.50;2416.00;-3.93;0
56;naval_supply_hub;1192.00;9.50;2272.00;-3.81;0
56;naval_supply_hub;1428.00;9.75;2290.00;-3.93;0
56;naval_supply_hub;1430.00;9.50;2294.00;-3.93;0
56;naval_supply_hub;905.00;10.12;2485.00;-1.57;0
56;naval_headquarters;999.00;9.93;2283.00;-2.30;0
56;naval_headquarters;929.00;10.15;2403.00;-1.65;0
56;naval_headquarters;992.00;10.70;2283.00;-4.01;0
56;naval_headquarters;1229.00;9.50;2421.00;-1.77;0
56;naval_headquarters;1218.00;9.50;2305.00;-2.74;0
56;naval_headquarters;1618.00;9.50;2216.00;-4.27;0
56;naval_headquarters;1404.00;9.50;2373.00;-1.89;0
56;naval_headquarters;1258.00;9.78;2522.00;-1.41;0
56;naval_headquarters;1471.00;9.60;2466.00;-4.58;0
56;naval_headquarters;1599.00;9.50;2184.00;-1.08;0
56;naval_headquarters;1399.00;10.03;2356.00;-4.25;0
56;naval_headquarters;1323.00;9.75;2495.00;-1.41;0
56;naval_headquarters;1515.00;9.50;2482.00;1.50;0
56;naval_headquarters;1317.00;9.55;2386.00;-3.74;0
56;naval_headquarters;1519.00;9.50;2203.00;-0.59;0
56;naval_headquarters;1367.00;9.50;2315.00;-1.23;0
56;naval_headquarters;1587.00;9.50;2233.00;1.29;0
56;naval_headquarters;1314.00;9.73;2454.00;-1.43;0
56;naval_headquarters;1011.00;9.82;2333.00;-2.85;0
56;naval_headquarters;1207.00;9.50;2049.00;1.15;0
56;naval_headquarters;1081.00;9.62;2338.00;-4.64;0
56;naval_headquarters;687.00;10.10;2351.00;-3.19;0
56;naval_headquarters;1413.00;9.55;2552.00;-2.54;0
56;naval_headquarters;1496.00;9.50;2222.00;-1.57;0
56;naval_headquarters;1384.00;9.50;2264.00;1.54;0
56;naval_headquarters;1606.00;9.65;2147.00;-4.62;0
56;naval_headquarters;773.00;9.50;2442.00;-3.52;0
56;naval_headquarters;1486.00;9.50;2219.00;-0.40;0
56;naval_headquarters;1305.00;9.50;2240.00;1.19;0
56;naval_headquarters;756.00;9.60;2342.00;-2.16;0
56;naval_headquarters;616.00;9.70;2342.00;-3.47;0
56;naval_headquarters;1237.00;9.65;2008.00;-4.01;0
56;naval_headquarters;1581.00;9.50;2288.00;-4.07;0
56;naval_headquarters;1452.00;9.73;2371.00;-2.12;0
56;naval_headquarters;1529.00;10.12;2335.00;-3.82;0
56;naval_headquarters;1295.00;9.50;2309.00;-3.51;0
56;naval_headquarters;1623.00;9.50;2160.00;-0.28;0
56;naval_headquarters;1513.00;9.50;2289.00;-2.54;0
56;naval_headquarters;1142.00;9.50;2305.00;-3.29;0
56;naval_headquarters;1540.00;9.50;2170.00;-1.71;0
56;naval_headquarters;872.00;9.60;2322.00;-4.12;0
56;naval_headquarters;1271.00;9.57;2307.00;-3.99;0
56;naval_headquarters;972.00;9.50;2318.00;0.12;0
56;naval_headquarters;922.00;9.73;2294.00;-3.01;0
56;naval_headquarters;1140.00;9.50;2298.00;-3.22;0
56;naval_headquarters;1057.00;9.60;2301.00;-3.07;0
56;naval_headquarters;1565.00;9.53;2324.00;-3.70;0
56;naval_headquarters;857.00;9.50;2333.00;-0.20;0
56;naval_headquarters;1341.00;9.50;2351.00;-2.80;0
56;naval_headquarters;1381.00;9.50;2505.00;-0.08;0
56;naval_headquarters;1260.00;9.50;2195.00;1.41;0
56;naval_headquarters;744.00;9.62;2330.00;-3.32;0
56;naval_headquarters;1257.00;9.50;2165.00;0.79;0
56;naval_headquarters;1307.00;9.50;2395.00;-3.93;0
56;naval_headquarters;670.00;9.78;2353.00;-3.31;0
56;naval_headquarters;1246.00;9.50;2147.00;0.79;0
56;naval_headquarters;1329.00;9.65;2511.00;-1.57;0
56;naval_headquarters;969.00;9.88;2295.00;-3.65;0
56;naval_headquarters;1282.00;9.50;2307.00;-3.78;0
56;naval_headquarters;848.00;10.32;2433.00;-3.01;0
56;naval_headquarters;928.00;9.50;2354.00;-1.46;0
56;naval_headquarters;1284.00;9.50;2370.00;-1.25;0
56;naval_headquarters;1229.00;9.60;2125.00;1.01;0
56;naval_headquarters;996.00;9.75;2315.00;-2.68;0
56;naval_headquarters;1069.00;9.50;2357.00;-3.77;0
56;naval_headquarters;844.00;9.50;2343.00;-2.55;0
56;naval_headquarters;1386.00;10.40;2415.00;-4.07;0
56;naval_headquarters;955.00;9.95;2404.00;-2.96;0
56;naval_headquarters;1429.00;9.50;2318.00;0.79;0
56;naval_headquarters;1365.00;9.50;2254.00;0.67;0
56;naval_headquarters;1362.00;9.50;2398.00;1.46;0
56;naval_headquarters;1259.00;9.50;2467.00;1.39;0
56;naval_headquarters;1590.00;9.62;2174.00;1.47;0
56;naval_headquarters;1211.00;9.88;2526.00;-3.14;0
56;naval_headquarters;1299.00;9.75;2419.00;-4.02;0
56;naval_headquarters;1087.00;9.60;2296.00;-3.14;0
56;naval_headquarters;1237.00;9.50;2131.00;0.59;0
56;naval_headquarters;1192.00;9.50;2272.00;-3.81;0
56;naval_headquarters;898.00;9.50;2441.00;-2.36;0
56;naval_headquarters;960.00;9.50;2466.00;-4.59;0
56;naval_headquarters;1264.00;9.50;2174.00;1.45;0
56;naval_headquarters;1192.00;9.50;2331.00;-0.19;0
56;naval_headquarters;1231.00;9.50;2347.00;1.57;0
56;naval_headquarters;1185.00;9.50;2401.00;-2.36;0
56;naval_headquarters;1173.00;9.50;2344.00;-1.57;0
56;naval_headquarters;1213.00;9.50;2382.00;-4.61;0
56;naval_headquarters;1337.00;9.50;2178.00;0.00;0
56;naval_headquarters;1359.00;9.50;2197.00;1.06;0
56;naval_headquarters;1373.00;9.50;2232.00;1.57;0
56;naval_headquarters;1088.00;9.50;2384.00;-1.57;0
56;naval_headquarters;1107.00;9.50;2395.00;-2.53;0
56;naval_headquarters;1154.00;9.50;2367.00;1.57;0
56;naval_headquarters;1124.00;9.90;2454.00;-1.71;0
56;naval_headquarters;843.00;9.80;2494.00;-4.51;0
56;naval_headquarters;798.00;9.50;2473.00;-1.37;0
56;naval_headquarters;1092.00;9.50;2480.00;-1.85;0
56;naval_headquarters;946.00;9.70;2482.00;-4.64;0
56;naval_headquarters;1383.00;9.53;2148.00;-3.61;0
56;naval_headquarters;1373.00;9.50;2129.00;0.00;0
56;naval_headquarters;1193.00;9.50;2432.00;-2.16;0
56;naval_headquarters;1176.00;9.70;2479.00;1.57;0
56;naval_headquarters;1480.00;9.78;2293.00;-3.93;0
56;naval_headquarters;942.00;9.50;2503.00;-1.57;0
56;naval_headquarters;1423.00;9.55;2111.00;-3.93;0
56;naval_headquarters;1450.00;9.57;2181.00;-3.14;0
56;naval_headquarters;1214.00;9.55;2463.00;1.52;0
56;naval_headquarters;827.00;10.55;2463.00;1.57;0
56;naval_headquarters;1462.00;9.62;2200.00;-1.57;0
56;naval_headquarters;1045.00;10.25;2470.00;1.57;0
56;naval_headquarters;1267.00;9.50;2452.00;-1.57;0
56;naval_headquarters;1045.00;9.50;2433.00;-3.14;0
56;naval_headquarters;1541.00;9.50;2163.00;-3.14;0
56;naval_headquarters;1506.00;9.62;2286.00;1.57;0
56;naval_headquarters;907.00;10.12;2499.00;-3.14;0
56;naval_headquarters;1123.00;9.50;2506.00;-3.14;0
56;naval_headquarters;1435.00;9.88;2307.00;-3.93;0
56;naval_headquarters;1627.00;9.90;2105.00;-3.14;0
56;naval_headquarters;1119.00;9.50;2320.00;-3.93;0
56;naval_headquarters;905.00;9.50;2478.00;-3.14;0
56;naval_headquarters;1183.00;9.50;2326.00;-3.14;0
56;naval_headquarters;1456.00;9.50;2308.00;1.57;0
56;naval_headquarters;1080.00;9.50;2474.00;-3.93;0
56;naval_headquarters;1582.00;9.55;2073.00;-2.36;0
56;naval_headquarters;1630.00;9.82;2110.00;1.57;0
56;naval_headquarters;1498.00;9.50;2150.00;-1.57;0
56;naval_headquarters;1087.00;9.60;2317.00;1.57;0
56;naval_headquarters;1316.00;9.50;2325.00;-3.14;0
56;naval_headquarters;1112.00;9.60;2353.00;-1.57;0
56;naval_headquarters;1270.00;9.50;2437.00;-3.14;0
56;naval_headquarters;995.00;9.50;2415.00;-3.14;0
56;naval_headquarters;1417.00;9.50;2417.00;-3.14;0
56;naval_headquarters;1433.00;9.50;2314.00;1.57;0
56;naval_headquarters;1154.00;9.50;2416.00;-1.57;0
56;naval_headquarters;1070.00;9.73;2483.00;-1.57;0
56;naval_headquarters;1618.00;9.53;2108.00;1.57;0
56;naval_headquarters;1181.00;9.50;2416.00;-3.93;0
56;naval_headquarters;1425.00;9.50;2290.00;-3.93;0
56;naval_headquarters;1430.00;9.50;2293.00;-3.93;0
56;naval_headquarters;904.00;9.50;2486.00;-1.57;0
56;nuclear_reactor_spawn;720.00;9.90;2279.00;2.12;0
56;special_project_facility_spawn;1064.00;10.30;2292.00;2.62;0
56;special_project_facility_spawn;1439.00;11.70;2331.00;4.68;0
56;special_project_facility_spawn;759.00;9.60;2255.00;0.94;0
56;special_project_facility_spawn;699.00;10.07;2266.00;5.59;0
56;special_project_facility_spawn;985.00;10.45;2187.00;0.75;0
56;special_project_facility_spawn;1383.00;9.75;2327.00;0.14;0
56;special_project_facility_spawn;753.00;10.00;2377.00;2.52;0
56;special_project_facility_spawn;795.00;9.90;2287.00;0.31;0
56;special_project_facility_spawn;1000.00;13.62;1902.00;1.55;0
56;special_project_facility_spawn;847.00;12.15;2046.00;5.25;0
56;special_project_facility_spawn;821.00;10.30;2165.00;0.17;0
56;special_project_facility_spawn;1328.00;9.50;2286.00;1.37;0
56;special_project_facility_spawn;1235.00;9.60;2180.00;1.18;0
56;special_project_facility_spawn;972.00;11.00;2080.00;2.88;0
56;special_project_facility_spawn;1187.00;9.60;2448.00;2.83;0
56;special_project_facility_spawn;1052.00;9.90;2166.00;5.08;0
56;special_project_facility_spawn;936.00;10.30;2261.00;4.55;0
56;special_project_facility_spawn;1169.00;9.60;2205.00;3.10;0
56;special_project_facility_spawn;1225.00;9.70;2254.00;3.48;0
56;special_project_facility_spawn;754.00;10.38;2104.00;3.45;0
56;special_project_facility_spawn;614.00;9.70;2289.00;0.53;0
56;special_project_facility_spawn;1091.00;9.70;2199.00;0.06;0
56;special_project_facility_spawn;679.00;11.50;2347.00;0.03;0
56;special_project_facility_spawn;918.00;12.10;1891.00;4.51;0
56;special_project_facility_spawn;1527.00;10.80;2286.00;5.23;0
56;special_project_facility_spawn;1548.00;9.82;2501.00;0.94;0
56;special_project_facility_spawn;836.00;11.20;2013.00;4.43;0
56;special_project_facility_spawn;1321.00;9.70;2377.00;0.20;0
56;special_project_facility_spawn;849.00;10.40;2144.00;0.76;0
56;special_project_facility_spawn;1018.00;11.10;2258.00;1.75;0
56;special_project_facility_spawn;1142.00;9.70;2258.00;4.55;0
56;special_project_facility_spawn;1306.00;9.68;2275.00;1.97;0
56;special_project_facility_spawn;1219.00;9.70;2197.00;4.64;0
56;special_project_facility_spawn;746.00;9.70;2328.00;1.23;0
56;special_project_facility_spawn;701.00;9.80;2221.00;6.22;0
56;special_project_facility_spawn;965.00;9.95;2143.00;2.76;0
56;special_project_facility_spawn;845.00;10.00;2399.00;6.16;0
56;special_project_facility_spawn;978.00;11.82;2368.00;6.04;0
56;special_project_facility_spawn;1164.00;10.45;1966.00;4.63;0
56;special_project_facility_spawn;1364.00;9.70;2533.00;6.17;0
56;special_project_facility_spawn;1086.00;9.70;2325.00;1.37;0
56;special_project_facility_spawn;878.00;10.10;2225.00;1.81;0
56;special_project_facility_spawn;956.00;10.82;2337.00;0.92;0
56;special_project_facility_spawn;1048.00;13.18;1914.00;1.42;0
56;special_project_facility_spawn;1014.00;9.95;2376.00;3.43;0
56;special_project_facility_spawn;1086.00;9.70;2279.00;2.35;0
56;special_project_facility_spawn;689.00;10.00;2154.00;1.76;0
56;special_project_facility_spawn;858.00;11.20;2106.00;3.19;0
56;special_project_facility_spawn;1575.00;9.50;2239.00;2.53;0
56;special_project_facility_spawn;950.00;11.32;2012.00;4.25;0
56;special_project_facility_spawn;802.00;10.48;2034.00;1.14;0
56;special_project_facility_spawn;1568.00;9.75;2285.00;0.53;0
56;special_project_facility_spawn;933.00;10.10;2364.00;2.58;0
56;special_project_facility_spawn;787.00;10.57;2095.00;3.67;0
56;special_project_facility_spawn;1235.00;9.60;2302.00;2.59;0
56;special_project_facility_spawn;880.00;13.45;2053.00;5.14;0
56;special_project_facility_spawn;698.00;10.03;2331.00;1.95;0
56;special_project_facility_spawn;791.00;10.20;2161.00;2.55;0
56;special_project_facility_spawn;1309.00;9.65;2417.00;0.84;0
56;special_project_facility_spawn;1533.00;9.57;2265.00;3.58;0
56;special_project_facility_spawn;1183.00;9.68;2163.00;2.43;0
56;special_project_facility_spawn;1017.00;9.90;2173.00;0.21;0
56;special_project_facility_spawn;1169.00;9.70;2225.00;3.61;0
56;special_project_facility_spawn;627.00;9.70;2259.00;1.02;0
56;special_project_facility_spawn;833.00;11.73;2101.00;5.58;0
56;special_project_facility_spawn;749.00;9.85;2309.00;4.30;0
56;special_project_facility_spawn;1197.00;9.60;2148.00;5.10;0
56;special_project_facility_spawn;1173.00;9.60;2268.00;3.27;0
56;special_project_facility_spawn;901.00;10.18;2269.00;3.41;0
56;special_project_facility_spawn;1272.00;9.62;2245.00;0.77;0
56;special_project_facility_spawn;1474.00;13.03;2329.00;5.07;0
56;special_project_facility_spawn;1553.00;9.60;2223.00;0.35;0
56;special_project_facility_spawn;815.00;9.88;2240.00;4.37;0
56;special_project_facility_spawn;1378.00;9.65;2537.00;4.36;0
56;special_project_facility_spawn;1492.00;9.60;2530.00;6.23;0
56;special_project_facility_spawn;863.00;10.28;2272.00;0.14;0
56;special_project_facility_spawn;889.00;9.82;2333.00;5.72;0
56;special_project_facility_spawn;1114.00;9.62;2054.00;0.51;0
56;special_project_facility_spawn;805.00;9.90;2209.00;3.39;0
56;special_project_facility_spawn;1045.00;10.70;2338.00;5.73;0
56;special_project_facility_spawn;1363.00;10.00;2340.00;4.33;0
56;special_project_facility_spawn;1154.00;9.60;2195.00;3.32;0
56;special_project_facility_spawn;807.00;9.62;2329.00;3.19;0
56;special_project_facility_spawn;1173.00;9.50;2302.00;0.52;0
56;special_project_facility_spawn;1107.00;9.60;2089.00;2.18;0
56;special_project_facility_spawn;1264.00;9.60;2275.00;5.18;0
56;special_project_facility_spawn;1453.00;12.25;2232.00;5.13;0
56;special_project_facility_spawn;932.00;11.00;2183.00;5.14;0
56;special_project_facility_spawn;1626.00;9.68;2197.00;0.08;0
56;special_project_facility_spawn;1066.00;11.55;1993.00;5.09;0
56;special_project_facility_spawn;1447.00;10.78;2360.00;4.68;0
56;special_project_facility_spawn;1138.00;9.70;2243.00;3.05;0
56;special_project_facility_spawn;750.00;10.75;2130.00;4.30;0
56;special_project_facility_spawn;1428.00;10.88;2375.00;0.19;0
56;special_project_facility_spawn;735.00;10.45;2132.00;1.83;0
56;special_project_facility_spawn;1587.00;10.07;2167.00;6.23;0
56;special_project_facility_spawn;1212.00;9.65;2101.00;0.35;0
56;special_project_facility_spawn;1308.00;9.60;2236.00;2.76;0
56;special_project_facility_spawn;1255.00;9.62;2311.00;3.22;0
56;special_project_facility_spawn;1628.00;9.75;2172.00;3.27;0
56;special_project_facility_spawn;851.00;10.30;2259.00;2.98;0
56;special_project_facility_spawn;1593.00;10.45;2134.00;3.01;0
56;special_project_facility_spawn;932.00;10.30;2284.00;1.71;0
56;special_project_facility_spawn;1227.00;9.80;2225.00;0.26;0
56;special_project_facility_spawn;793.00;10.80;2111.00;2.46;0
56;special_project_facility_spawn;1342.00;10.05;2531.00;0.24;0
56;special_project_facility_spawn;828.00;9.90;2307.00;1.81;0
56;special_project_facility_spawn;993.00;12.12;2235.00;1.94;0
56;special_project_facility_spawn;1020.00;10.28;2319.00;1.60;0
56;special_project_facility_spawn;1348.00;9.55;2395.00;3.97;0
56;special_project_facility_spawn;774.00;10.65;2118.00;0.94;0
56;special_project_facility_spawn;766.00;9.75;2197.00;0.13;0
56;special_project_facility_spawn;1387.00;10.95;2360.00;2.81;0
56;special_project_facility_spawn;1223.00;9.75;2140.00;3.92;0
56;special_project_facility_spawn;1414.00;11.85;2433.00;3.56;0
56;special_project_facility_spawn;828.00;16.02;2423.00;4.21;0
56;special_project_facility_spawn;805.00;11.68;2145.00;5.68;0
56;special_project_facility_spawn;1329.00;10.65;2440.00;6.15;0
56;special_project_facility_spawn;1559.00;11.03;2163.00;0.22;0
56;special_project_facility_spawn;1275.00;9.70;2418.00;3.35;0
56;special_project_facility_spawn;1297.00;9.60;2352.00;1.46;0
56;special_project_facility_spawn;1523.00;9.65;2227.00;2.22;0
56;special_project_facility_spawn;1580.00;9.60;2213.00;0.17;0
56;special_project_facility_spawn;851.00;9.65;2346.00;5.55;0
56;special_project_facility_spawn;1514.00;9.62;2209.00;1.36;0
56;special_project_facility_spawn;1249.00;9.50;2161.00;2.58;0
56;special_project_facility_spawn;1235.00;9.68;2156.00;1.01;0
56;special_project_facility_spawn;1397.00;15.00;2407.00;3.94;0
56;special_project_facility_spawn;1277.00;10.10;2498.00;2.35;0
56;special_project_facility_spawn;1217.00;10.15;2481.00;3.11;0
56;special_project_facility_spawn;1337.00;9.95;2504.00;6.14;0
56;special_project_facility_spawn;1351.00;9.60;2262.00;1.32;0
56;special_project_facility_spawn;911.00;9.75;2436.00;5.26;0
56;special_project_facility_spawn;1009.00;13.03;2446.00;4.32;0
56;special_project_facility_spawn;1209.00;9.60;2347.00;2.38;0
56;special_project_facility_spawn;1217.00;9.60;2358.00;2.85;0
56;special_project_facility_spawn;1193.00;9.62;2396.00;2.43;0
56;special_project_facility_spawn;1175.00;9.50;2339.00;1.03;0
56;special_project_facility_spawn;1211.00;9.53;2380.00;1.04;0
56;special_project_facility_spawn;1318.00;9.50;2199.00;2.17;0
56;special_project_facility_spawn;1350.00;9.68;2199.00;0.58;0
56;special_project_facility_spawn;1403.00;9.68;2200.00;3.86;0
56;special_project_facility_spawn;1103.00;9.75;2382.00;4.10;0
56;special_project_facility_spawn;1098.00;9.73;2403.00;2.93;0
56;special_project_facility_spawn;1134.00;9.85;2378.00;1.10;0
56;special_project_facility_spawn;1130.00;9.70;2430.00;0.76;0
56;special_project_facility_spawn;874.00;10.68;2492.00;3.21;0
56;special_project_facility_spawn;798.00;10.18;2478.00;4.54;0
56;special_project_facility_spawn;1074.00;9.80;2488.00;3.47;0
56;special_project_facility_spawn;943.00;9.93;2495.00;3.90;0
56;special_project_facility_spawn;1374.00;9.78;2145.00;3.43;0
56;special_project_facility_spawn;1375.00;9.50;2133.00;3.44;0
56;special_project_facility_spawn;1208.00;9.60;2422.00;5.72;0
56;special_project_facility_spawn;1173.00;9.80;2473.00;3.30;0
56;special_project_facility_spawn;1473.00;10.40;2291.00;5.02;0
56;special_project_facility_spawn;928.00;10.28;2510.00;0.71;0
56;special_project_facility_spawn;1416.00;9.60;2108.00;4.14;0
56;special_project_facility_spawn;1445.00;9.82;2183.00;0.98;0
56;special_project_facility_spawn;1186.00;9.65;2463.00;1.16;0
56;special_project_facility_spawn;844.00;10.62;2467.00;6.18;0
56;special_project_facility_spawn;1456.00;9.60;2195.00;1.75;0
56;special_project_facility_spawn;1035.00;10.20;2473.00;1.18;0
56;special_project_facility_spawn;1253.00;9.60;2455.00;3.96;0
56;special_project_facility_spawn;1056.00;9.93;2433.00;0.70;0
56;special_project_facility_spawn;1552.00;10.45;2152.00;3.68;0
56;special_project_facility_spawn;1495.00;9.60;2286.00;5.64;0
56;special_project_facility_spawn;951.00;9.60;2110.00;2.69;0
56;special_project_facility_spawn;898.00;11.00;2501.00;0.91;0
56;special_project_facility_spawn;1136.00;9.93;2504.00;4.33;0
56;special_project_facility_spawn;1430.00;9.98;2304.00;1.83;0
56;special_project_facility_spawn;1626.00;10.00;2104.00;5.98;0
56;special_project_facility_spawn;1112.00;9.60;2319.00;5.89;0
56;special_project_facility_spawn;903.00;10.23;2479.00;3.73;0
56;special_project_facility_spawn;1186.00;9.53;2329.00;0.97;0
56;special_project_facility_spawn;1454.00;10.38;2311.00;3.68;0
56;special_project_facility_spawn;1084.00;9.65;2475.00;5.41;0
56;special_project_facility_spawn;1586.00;9.98;2076.00;3.35;0
56;special_project_facility_spawn;1628.00;9.88;2110.00;4.24;0
56;special_project_facility_spawn;1500.00;9.75;2149.00;1.73;0
56;special_project_facility_spawn;1086.00;9.60;2315.00;2.58;0
56;special_project_facility_spawn;1321.00;9.50;2325.00;2.21;0
56;special_project_facility_spawn;1108.00;9.60;2353.00;1.69;0
56;special_project_facility_spawn;967.00;9.50;2128.00;5.29;0
56;special_project_facility_spawn;1268.00;9.57;2439.00;0.54;0
56;special_project_facility_spawn;996.00;9.82;2414.00;1.38;0
56;special_project_facility_spawn;1418.00;10.75;2418.00;2.25;0
56;special_project_facility_spawn;1434.00;9.90;2312.00;4.53;0
56;special_project_facility_spawn;1153.00;9.60;2417.00;0.77;0
56;special_project_facility_spawn;1067.00;9.50;2482.00;0.30;0
56;special_project_facility_spawn;1617.00;9.78;2109.00;5.58;0
56;special_project_facility_spawn;1183.00;9.50;2416.00;1.24;0
56;special_project_facility_spawn;1427.00;10.20;2290.00;2.97;0
56;special_project_facility_spawn;1431.00;10.10;2295.00;4.69;0
56;special_project_facility_spawn;905.00;10.12;2485.00;5.55;0
56;rocket_site_spawn;885.00;13.55;1945.00;3.49;0
56;floating_harbor;1355.00;9.50;2083.00;-2.75;749
56;floating_harbor;1471.00;9.50;2300.40;-4.17;769
56;floating_harbor;1270.95;9.50;2170.13;-1.70;780
56;floating_harbor;1565.74;9.50;2328.92;-0.56;806
56;floating_harbor;989.36;9.50;2295.50;-0.87;821
56;floating_harbor;671.21;9.50;2361.90;-0.17;828
56;floating_harbor;1329.00;9.73;2468.00;0.19;829
56;floating_harbor;1119.00;10.23;2437.00;0.35;838
56;floating_harbor;1496.00;9.50;2217.00;1.57;861
56;floating_harbor;1119.00;10.23;2437.00;1.14;866
56;floating_harbor;732.22;9.50;2345.89;-0.17;880
56;floating_harbor;900.07;9.50;2300.94;0.13;903
56;floating_harbor;1412.26;9.50;2365.13;-1.11;913
56;floating_harbor;1078.64;9.50;2304.98;-0.55;917
56;floating_harbor;1284.17;9.50;2310.62;-0.64;930
56;floating_harbor;1661.00;9.50;2312.00;-0.67;937
56;floating_harbor;1358.37;9.50;2249.53;-2.47;943
56;floating_harbor;1105.00;9.50;2303.00;0.00;945
56;floating_harbor;1397.60;9.50;2310.80;-2.21;959
56;floating_harbor;697.32;9.50;2347.99;-0.05;960
56;floating_harbor;953.40;9.50;2303.12;-0.51;967
56;floating_harbor;1227.94;9.50;2100.29;-2.13;993
56;floating_harbor;1587.40;9.50;2120.00;-3.68;994
56;floating_harbor;1475.96;9.50;2362.67;-1.02;1007
56;floating_harbor;1310.55;9.50;2299.52;-0.37;1026
56;floating_harbor;1592.97;9.50;2177.30;-1.67;1028
56;floating_harbor;796.26;9.50;2338.13;-1.11;1039
56;floating_harbor;1238.88;9.50;2125.18;-2.55;1045
56;floating_harbor;1395.00;9.50;2285.75;-1.61;1060
56;floating_harbor;1212.39;9.50;2057.14;-1.99;1073
56;floating_harbor;1268.91;9.50;2186.91;-1.73;1074
56;floating_harbor;1245.95;9.50;2145.05;-2.36;1078
56;floating_harbor;1613.33;9.50;2220.98;-1.13;1081
56;floating_harbor;1636.08;9.50;2156.53;-2.09;1083
56;floating_harbor;904.00;10.28;2372.00;1.06;1091
56;floating_harbor;1591.60;9.50;2298.20;-0.93;1098
56;floating_harbor;1472.79;9.50;2247.64;0.32;1104
56;floating_harbor;1119.00;10.23;2437.00;0.42;1106
56;floating_harbor;1259.95;9.50;2157.05;-2.36;1108
56;floating_harbor;1511.05;9.50;2279.78;0.60;1109
56;floating_harbor;1245.35;9.50;2017.52;-0.87;1115
56;floating_harbor;1119.00;10.23;2437.00;0.61;1116
56;floating_harbor;1329.00;9.73;2468.00;0.71;1117
56;floating_harbor;1537.00;9.50;2135.00;-3.88;1118
56;floating_harbor;1268.23;9.50;2318.65;-0.84;1136
56;floating_harbor;1134.58;9.50;2301.98;-0.08;1137
56;floating_harbor;624.28;9.50;2349.62;-0.33;1140
56;floating_harbor;1527.12;9.50;2184.18;-3.73;1142
56;floating_harbor;1329.00;9.73;2468.00;-0.04;1150
56;floating_harbor;904.00;10.28;2372.00;-0.64;1156
56;floating_harbor;1439.95;9.50;2316.05;-2.36;1171
56;floating_harbor;904.00;10.28;2372.00;0.80;1190
56;floating_harbor;1641.99;9.50;2189.59;-1.63;1196
56;floating_harbor;1329.00;9.73;2468.00;-2.98;1390
56;floating_harbor;1428.76;9.50;2438.87;-2.39;1391
56;floating_harbor;1638.00;10.25;2503.00;-1.89;1392
56;floating_harbor;1329.00;9.73;2468.00;-4.19;1393
56;floating_harbor;1329.00;9.73;2468.00;-2.56;1394
56;floating_harbor;1329.00;9.73;2468.00;-3.97;1395
56;floating_harbor;1329.00;9.73;2468.00;0.21;1396
56;floating_harbor;1403.02;9.50;2555.76;0.61;1397
56;floating_harbor;885.63;9.50;2319.14;-3.34;1398
56;floating_harbor;954.71;9.50;2407.88;0.19;1399
56;floating_harbor;856.12;9.50;2351.82;0.59;1400
56;floating_harbor;904.00;10.28;2372.00;-4.43;1401
56;floating_harbor;905.04;9.50;2351.23;-4.60;1402
56;floating_harbor;1092.98;9.50;2333.54;-1.49;1403
56;floating_harbor;948.82;9.50;2307.05;-3.02;1404
56;floating_harbor;904.00;10.28;2372.00;-1.91;1405
56;floating_harbor;1060.14;9.50;2368.64;-0.63;1406
56;floating_harbor;859.64;9.50;2411.79;-1.89;1457
56;floating_harbor;795.27;9.50;2377.45;-2.49;1458
56;floating_harbor;1292.38;9.50;2426.48;-0.88;1468
56;floating_harbor;1119.00;10.23;2437.00;1.56;1469
56;floating_harbor;1280.64;9.50;2397.07;-4.28;1470
56;floating_harbor;1363.60;9.50;2419.20;-0.93;1471
56;floating_harbor;1329.00;9.73;2468.00;0.77;1472
56;floating_harbor;1329.00;9.73;2468.00;-1.94;1473
56;floating_harbor;1119.00;10.23;2437.00;-4.01;1474
56;floating_harbor;900.05;9.50;2442.95;0.79;1479
56;floating_harbor;845.00;9.50;2506.00;0.73;1480
56;floating_harbor;1196.71;9.50;2323.12;-3.33;1489
56;floating_harbor;1119.00;10.23;2437.00;0.86;1490
56;floating_harbor;1119.00;10.23;2437.00;1.02;1491
56;floating_harbor;1170.00;9.50;2353.00;1.57;1492
56;floating_harbor;1119.00;10.23;2437.00;1.20;1493
56;floating_harbor;1329.00;9.50;2186.00;-3.14;1508
56;floating_harbor;1364.12;9.50;2193.60;-2.08;1509
56;floating_harbor;1355.00;9.50;2083.00;-3.23;1510
56;floating_harbor;1119.00;10.23;2437.00;-0.53;1514
56;floating_harbor;1108.99;9.50;2409.73;0.61;1515
56;floating_harbor;1119.00;10.23;2437.00;0.59;1516
56;floating_harbor;1119.00;10.23;2437.00;-1.93;1530
56;floating_harbor;845.00;9.50;2506.00;0.34;1531
56;floating_harbor;845.00;9.50;2506.00;-1.04;1532
56;floating_harbor;1119.00;10.23;2437.00;-2.45;1540
56;floating_harbor;953.98;9.50;2487.54;-1.49;1550
56;floating_harbor;1355.00;9.50;2083.00;-3.43;1552
56;floating_harbor;1370.00;9.50;2123.00;-3.14;1553
56;floating_harbor;1119.00;10.23;2437.00;1.40;1565
56;floating_harbor;1119.00;10.23;2437.00;-4.00;1569
56;floating_harbor;1441.00;9.50;2273.00;-4.31;1570
56;floating_harbor;845.00;9.50;2506.00;-4.68;1577
56;floating_harbor;1355.00;9.50;2083.00;-4.17;1579
56;floating_harbor;1355.00;9.50;2083.00;-3.83;1595
56;floating_harbor;1119.00;10.23;2437.00;-4.35;1605
56;floating_harbor;845.00;9.50;2506.00;-0.23;1628
56;floating_harbor;1355.00;9.50;2083.00;-3.89;1637
56;floating_harbor;1046.00;9.50;2472.00;-1.57;1638
56;floating_harbor;1329.00;9.73;2468.00;-1.38;1639
56;floating_harbor;1051.00;9.50;2442.00;0.00;1656
56;floating_harbor;1548.00;9.50;2161.00;0.00;1658
56;floating_harbor;1441.00;9.50;2273.00;-4.48;1671
56;floating_harbor;899.00;9.50;2507.00;0.00;1673
56;floating_harbor;1126.00;9.50;2513.00;0.00;1676
56;floating_harbor;1434.95;9.50;2309.95;-0.79;1709
56;floating_harbor;1630.00;9.50;2075.00;-3.10;1718
56;floating_harbor;1118.95;9.50;2324.95;-0.79;1734
56;floating_harbor;901.00;9.50;2486.00;0.00;1743
56;floating_harbor;1119.00;10.23;2437.00;0.54;1754
56;floating_harbor;1462.00;9.50;2311.00;-1.57;1759
56;floating_harbor;1091.95;9.50;2479.95;-0.79;1768
56;floating_harbor;1578.05;9.50;2079.95;0.79;1779
56;floating_harbor;1635.00;9.50;2111.00;-1.57;1799
56;floating_harbor;1537.00;9.50;2135.00;-1.95;1803
56;floating_harbor;1094.00;9.50;2315.00;-1.57;1826
56;floating_harbor;1119.00;10.23;2437.00;1.06;1856
56;floating_harbor;1119.00;10.23;2437.00;-0.11;1924
56;floating_harbor;1268.00;9.50;2446.00;0.00;1941
56;floating_harbor;996.00;9.50;2421.00;0.00;1963
56;floating_harbor;1329.00;9.73;2468.00;1.05;1964
56;floating_harbor;1440.00;9.50;2312.00;-1.57;2001
56;floating_harbor;1119.00;10.23;2437.00;1.05;2051
56;floating_harbor;1119.00;10.23;2437.00;-2.31;2052
56;floating_harbor;1625.00;9.50;2109.00;-1.57;2122
56;floating_harbor;1119.00;10.23;2437.00;1.26;2160
56;floating_harbor;1441.00;9.50;2273.00;-2.48;2252
56;floating_harbor;1435.95;9.50;2299.95;-0.79;2253
56;floating_harbor;845.00;9.50;2506.00;1.23;2260
57;arms_factory;817.00;11.88;1749.00;3.05;0
57;arms_factory;854.00;11.98;1696.00;0.85;0
57;arms_factory;842.00;10.88;1552.00;3.84;0
57;arms_factory;871.00;12.20;1544.00;4.14;0
57;arms_factory;905.00;14.23;1540.00;3.46;0
57;arms_factory;805.00;12.12;1751.00;1.84;0
57;industrial_complex;844.00;11.95;1736.00;0.93;0
57;industrial_complex;897.00;16.12;1569.00;4.88;0
57;industrial_complex;833.00;15.90;1675.00;6.07;0
57;industrial_complex;873.00;13.03;1674.00;4.14;0
57;industrial_complex;865.00;21.68;1609.00;4.76;0
57;industrial_complex;847.00;16.30;1625.00;2.99;0
57;air_base;872.00;13.55;1576.00;4.48;0
57;supply_node;859.00;13.55;1553.00;2.23;0
57;supply_node;839.00;12.95;1694.00;4.91;0
57;supply_node;902.00;14.48;1538.00;5.77;0
57;supply_node;856.00;14.15;1599.00;0.02;0
57;supply_node;852.00;9.50;1535.00;0.36;0
57;bunker;867.00;11.53;1746.00;3.47;0
57;bunker;867.00;13.95;1579.00;1.10;0
57;bunker;911.00;12.18;1526.00;3.81;0
57;bunker;861.00;13.28;1558.00;4.59;0
57;bunker;854.00;10.00;1536.00;0.09;0
57;coastal_bunker;785.00;9.50;1705.00;-1.02;0
57;coastal_bunker;822.00;9.50;1578.00;-1.42;0
57;coastal_bunker;870.00;9.90;1537.00;-0.73;0
57;coastal_bunker;891.00;9.50;1505.00;-0.58;0
57;coastal_bunker;853.00;10.00;1536.00;-3.14;0
57;stronghold_network;823.00;14.70;1627.00;2.11;0
57;dockyard;871.00;9.50;1532.00;-1.18;0
57;anti_air_building;885.00;13.57;1567.00;2.35;0
57;anti_air_building;918.00;17.73;1514.00;1.08;0
57;anti_air_building;920.00;16.75;1521.00;5.10;0
57;synthetic_refinery;802.00;12.07;1743.00;2.07;0
57;fuel_silo;882.00;12.88;1549.00;0.50;0
57;radar_station;874.00;19.88;1625.00;1.85;0
57;naval_supply_hub;809.00;9.50;1608.00;-1.02;0
57;naval_supply_hub;822.00;9.50;1581.00;-1.42;0
57;naval_supply_hub;842.00;9.50;1545.00;-0.73;0
57;naval_supply_hub;876.00;9.50;1530.00;-1.18;0
57;naval_supply_hub;850.00;9.50;1536.00;-3.14;0
57;naval_headquarters;860.00;9.50;1539.00;-0.73;0
57;naval_headquarters;836.00;9.50;1558.00;-1.42;0
57;naval_headquarters;785.00;9.50;1704.00;-1.02;0
57;naval_headquarters;888.00;10.03;1513.00;-0.58;0
57;naval_headquarters;852.00;9.50;1535.00;-3.14;0
57;nuclear_reactor_spawn;876.00;12.32;1691.00;4.03;0
57;special_project_facility_spawn;860.00;11.93;1694.00;2.32;0
57;special_project_facility_spawn;867.00;19.80;1619.00;3.96;0
57;special_project_facility_spawn;867.00;13.30;1555.00;2.86;0
57;special_project_facility_spawn;894.00;12.65;1513.00;4.43;0
57;special_project_facility_spawn;853.00;10.00;1536.00;5.94;0
57;rocket_site_spawn;871.00;17.08;1649.00;5.73;0
57;floating_harbor;846.35;9.50;1538.77;-3.87;794
57;floating_harbor;787.02;9.50;1662.36;-4.17;933
57;floating_harbor;871.54;9.50;1525.31;-4.32;975
57;floating_harbor;815.07;9.50;1592.98;-4.57;1154
57;floating_harbor;852.00;9.50;1543.00;0.00;2296
58;arms_factory;339.00;10.35;2268.00;3.84;0
58;arms_factory;883.00;12.53;1804.00;4.14;0
58;arms_factory;741.00;11.05;1939.00;3.46;0
58;arms_factory;209.00;9.50;2186.00;1.84;0
58;arms_factory;585.00;12.00;2092.00;0.93;0
58;arms_factory;304.00;9.60;2159.00;4.88;0
58;industrial_complex;548.00;10.30;2220.00;6.07;0
58;industrial_complex;321.00;9.50;2071.00;4.14;0
58;industrial_complex;361.00;10.20;2247.00;4.76;0
58;industrial_complex;664.00;14.57;2052.00;2.99;0
58;industrial_complex;394.00;10.10;2155.00;4.48;0
58;industrial_complex;440.00;10.75;2138.00;5.92;0
58;air_base;390.00;9.95;2196.00;4.01;0
58;supply_node;528.00;13.57;2306.00;5.77;0
58;supply_node;216.00;9.60;2099.00;0.02;0
58;supply_node;259.00;9.50;2274.00;0.36;0
58;supply_node;444.00;10.12;2113.00;3.24;0
58;supply_node;410.00;10.88;2237.00;1.27;0
58;supply_node;396.00;10.40;2333.00;5.23;0
58;supply_node;691.00;10.93;2069.00;1.38;0
58;supply_node;756.00;10.10;1891.00;1.01;0
58;supply_node;459.00;11.30;2227.00;0.97;0
58;supply_node;290.00;9.60;2199.00;4.33;0
58;supply_node;394.00;10.00;2183.00;1.01;0
58;supply_node;191.00;9.50;2212.00;4.37;0
58;supply_node;362.00;10.65;2283.00;5.71;0
58;supply_node;225.00;9.50;2305.00;6.08;0
58;supply_node;505.00;11.38;2209.00;2.91;0
58;supply_node;256.00;9.50;2323.00;1.97;0
58;supply_node;344.00;9.80;2344.00;0.09;0
58;supply_node;348.00;9.60;2063.00;3.21;0
58;supply_node;836.00;11.60;1810.00;4.49;0
58;supply_node;303.00;9.70;2106.00;2.98;0
58;supply_node;241.00;9.50;2241.00;1.85;0
58;supply_node;730.00;10.38;2043.00;0.68;0
58;supply_node;247.00;9.60;2175.00;3.84;0
58;supply_node;231.00;9.50;2063.00;2.15;0
58;supply_node;182.00;9.50;2278.00;4.60;0
58;supply_node;718.00;10.70;1987.00;2.37;0
58;supply_node;506.00;10.43;2176.00;1.29;0
58;supply_node;307.00;9.50;2074.00;4.78;0
58;supply_node;307.00;9.60;2240.00;5.30;0
58;supply_node;430.00;10.43;2181.00;1.23;0
58;supply_node;396.00;9.75;2145.00;5.04;0
58;supply_node;371.00;9.60;2126.00;5.10;0
58;supply_node;230.00;9.50;2278.00;2.20;0
58;supply_node;441.00;10.18;2079.00;5.67;0
58;supply_node;307.00;9.53;2047.00;3.48;0
58;supply_node;769.00;11.28;1935.00;1.08;0
58;supply_node;328.00;10.00;2272.00;4.48;0
58;supply_node;615.00;11.12;2113.00;3.13;0
58;supply_node;687.00;12.07;2010.00;3.10;0
58;supply_node;207.00;9.50;2263.00;5.64;0
58;supply_node;355.00;10.10;2248.00;3.89;0
58;supply_node;297.00;9.60;2278.00;2.82;0
58;supply_node;787.00;10.30;2007.00;5.55;0
58;supply_node;768.00;10.85;2052.00;1.62;0
58;supply_node;357.00;10.00;2217.00;0.31;0
58;supply_node;355.00;10.40;2321.00;2.59;0
58;supply_node;255.00;9.73;2073.00;5.01;0
58;supply_node;478.00;10.82;2253.00;5.14;0
58;supply_node;279.00;9.60;2082.00;2.86;0
58;supply_node;377.00;9.85;2343.00;3.24;0
58;supply_node;239.00;9.88;2217.00;3.25;0
58;supply_node;568.00;10.00;2256.00;6.07;0
58;supply_node;601.00;10.12;2045.00;4.21;0
58;supply_node;342.00;9.70;2148.00;4.49;0
58;supply_node;298.00;9.50;2143.00;4.24;0
58;supply_node;510.00;12.07;2108.00;2.78;0
58;supply_node;564.00;12.10;2130.00;2.16;0
58;supply_node;565.00;11.05;2316.00;5.91;0
58;supply_node;589.00;10.53;2159.00;5.56;0
58;supply_node;465.00;10.35;2315.00;1.90;0
58;supply_node;534.00;13.35;2085.00;5.70;0
58;supply_node;336.00;10.05;2184.00;6.05;0
58;supply_node;763.00;10.62;1979.00;2.06;0
58;supply_node;258.00;9.75;2211.00;5.55;0
58;supply_node;215.00;9.50;2053.00;6.09;0
58;supply_node;612.00;9.80;2218.00;0.22;0
58;supply_node;269.00;9.50;2251.00;2.69;0
58;supply_node;695.00;10.25;2106.00;2.95;0
58;supply_node;259.00;9.90;2132.00;4.05;0
58;supply_node;794.00;12.03;1898.00;3.57;0
58;supply_node;650.00;11.07;2137.00;0.78;0
58;supply_node;375.00;9.85;2082.00;0.54;0
58;supply_node;589.00;11.48;2078.00;3.46;0
58;supply_node;423.00;11.20;2294.00;4.18;0
58;supply_node;471.00;10.23;2162.00;4.63;0
58;supply_node;393.00;11.60;2289.00;4.23;0
58;supply_node;193.00;9.50;2180.00;1.30;0
58;supply_node;799.00;10.80;1965.00;4.01;0
58;supply_node;527.00;10.60;2139.00;5.80;0
58;supply_node;546.00;10.40;2190.00;3.89;0
58;supply_node;644.00;11.15;2050.00;4.43;0
58;supply_node;841.00;11.53;1895.00;5.16;0
58;supply_node;326.00;9.60;2109.00;3.45;0
58;supply_node;415.00;10.00;2068.00;5.34;0
58;supply_node;388.00;11.40;2310.00;4.49;0
58;supply_node;286.00;9.50;2315.00;6.19;0
58;supply_node;288.00;9.50;2224.00;1.06;0
58;supply_node;735.00;11.10;1970.00;5.37;0
58;supply_node;523.00;10.75;2247.00;0.66;0
58;supply_node;667.00;10.32;2155.00;1.01;0
58;supply_node;371.00;11.05;2314.00;4.58;0
58;supply_node;274.00;9.60;2111.00;4.61;0
58;supply_node;326.00;9.70;2324.00;2.97;0
58;supply_node;626.00;10.50;2164.00;3.98;0
58;supply_node;371.00;9.90;2176.00;1.21;0
58;supply_node;290.00;9.50;2170.00;0.55;0
58;supply_node;349.00;9.60;2108.00;2.30;0
58;supply_node;744.00;10.68;2019.00;4.92;0
58;supply_node;310.00;9.50;1998.00;0.46;0
58;supply_node;661.00;10.48;2179.00;0.35;0
58;supply_node;495.00;11.38;2283.00;0.35;0
58;supply_node;766.00;10.75;1835.00;1.81;0
58;supply_node;371.00;9.50;1997.00;3.22;0
58;supply_node;372.00;9.65;2007.00;2.76;0
58;supply_node;629.00;9.50;2003.00;2.96;0
58;supply_node;675.00;9.73;1914.00;3.39;0
58;supply_node;96.00;9.50;2138.00;3.85;0
58;supply_node;117.00;9.50;2134.00;3.95;0
58;supply_node;667.00;9.90;1961.00;1.93;0
58;supply_node;186.00;9.50;2043.00;3.82;0
58;supply_node;643.00;9.85;2010.00;0.26;0
58;supply_node;223.00;9.50;1943.00;3.88;0
58;supply_node;659.00;10.35;1989.00;1.18;0
58;supply_node;184.00;9.50;1920.00;3.48;0
58;supply_node;687.00;9.78;1963.00;5.87;0
58;supply_node;385.00;9.68;2023.00;4.71;0
58;supply_node;722.00;10.05;1904.00;3.07;0
58;supply_node;161.00;9.50;1910.00;4.83;0
58;supply_node;648.00;10.23;1987.00;4.78;0
58;supply_node;631.00;9.65;2016.00;1.10;0
58;supply_node;76.00;9.50;1888.00;5.97;0
58;supply_node;459.00;9.90;2066.00;2.05;0
58;supply_node;45.00;9.50;1879.00;4.34;0
58;supply_node;664.00;9.50;1948.00;4.91;0
58;supply_node;474.00;10.07;2074.00;3.57;0
58;supply_node;4998.00;9.50;1898.00;3.38;0
58;supply_node;647.00;9.88;1977.00;4.16;0
58;supply_node;270.00;9.50;1955.00;4.12;0
58;supply_node;666.00;9.95;1980.00;2.80;0
58;supply_node;685.00;9.50;1950.00;5.33;0
58;supply_node;656.00;9.80;1973.00;4.76;0
58;supply_node;625.00;9.50;1998.00;5.78;0
58;supply_node;78.00;9.50;2054.00;0.98;0
58;supply_node;448.00;9.50;2065.00;3.04;0
58;supply_node;25.00;9.50;1878.00;5.36;0
58;supply_node;89.00;9.50;1886.00;5.11;0
58;supply_node;719.00;9.55;1898.00;4.51;0
58;supply_node;799.00;9.85;1819.00;2.00;0
58;supply_node;699.00;9.50;1927.00;5.29;0
58;supply_node;811.00;9.50;1805.00;6.28;0
58;supply_node;197.00;9.50;1929.00;5.19;0
58;supply_node;364.00;9.50;1983.00;3.26;0
58;supply_node;281.00;9.50;1952.00;1.18;0
58;supply_node;454.00;9.50;2072.00;2.17;0
58;supply_node;757.00;9.50;1857.00;0.93;0
58;supply_node;5094.00;9.50;1883.00;4.95;0
58;supply_node;725.00;9.50;1895.00;0.15;0
58;supply_node;734.00;9.50;1875.00;3.32;0
58;supply_node;716.00;9.50;1910.00;5.93;0
58;supply_node;681.00;9.50;1956.00;0.97;0
58;supply_node;650.00;9.50;2013.00;1.03;0
58;supply_node;36.00;9.50;1879.00;5.75;0
58;supply_node;698.00;9.82;1951.00;0.50;0
58;supply_node;656.00;9.50;1966.00;4.45;0
58;supply_node;790.00;9.50;1772.00;1.16;0
58;supply_node;807.00;9.82;1815.00;3.43;0
58;supply_node;5055.00;9.50;1882.00;6.04;0
58;supply_node;655.00;9.50;2009.00;3.90;0
58;supply_node;128.00;9.50;1897.00;3.21;0
58;supply_node;201.00;9.50;1931.00;0.91;0
58;supply_node;695.00;9.50;1947.00;2.12;0
58;supply_node;650.00;9.50;1976.00;1.68;0
58;bunker;432.00;10.68;2295.00;3.98;0
58;bunker;652.00;10.60;2145.00;4.40;0
58;bunker;763.00;11.07;1944.00;3.90;0
58;bunker;480.00;10.75;2272.00;4.67;0
58;bunker;809.00;11.40;1778.00;2.17;0
58;bunker;651.00;10.75;2175.00;3.88;0
58;bunker;597.00;10.40;2149.00;2.97;0
58;bunker;632.00;10.73;2137.00;4.58;0
58;bunker;461.00;10.28;2094.00;4.38;0
58;bunker;539.00;10.48;2136.00;3.15;0
58;bunker;289.00;9.50;2112.00;5.97;0
58;bunker;512.00;10.32;2070.00;3.21;0
58;bunker;458.00;13.23;2211.00;0.94;0
58;bunker;702.00;10.30;1943.00;5.63;0
58;bunker;224.00;9.50;2274.00;4.86;0
58;bunker;369.00;10.95;2280.00;1.37;0
58;bunker;660.00;9.95;1991.00;5.08;0
58;bunker;572.00;13.10;2091.00;1.62;0
58;bunker;538.00;10.53;2213.00;0.18;0
58;bunker;750.00;9.73;1900.00;5.66;0
58;bunker;518.00;15.75;2278.00;3.45;0
58;bunker;438.00;10.80;2179.00;5.37;0
58;bunker;391.00;11.32;2308.00;3.23;0
58;bunker;304.00;9.50;2335.00;3.61;0
58;bunker;367.00;9.70;2059.00;2.53;0
58;bunker;303.00;9.60;2264.00;3.26;0
58;bunker;319.00;9.55;2098.00;2.72;0
58;bunker;353.00;10.45;2266.00;6.11;0
58;bunker;283.00;9.50;1980.00;4.12;0
58;bunker;610.00;9.80;2236.00;1.12;0
58;bunker;384.00;10.75;2262.00;1.36;0
58;bunker;739.00;10.70;2015.00;4.20;0
58;bunker;716.00;10.30;2043.00;6.12;0
58;bunker;318.00;9.50;2057.00;3.48;0
58;bunker;678.00;11.05;1993.00;2.01;0
58;bunker;324.00;9.85;2238.00;4.87;0
58;bunker;343.00;9.90;2208.00;3.38;0
58;bunker;325.00;9.70;2292.00;2.56;0
58;bunker;704.00;10.07;2123.00;0.48;0
58;bunker;286.00;9.50;2236.00;5.56;0
58;bunker;487.00;11.38;2274.00;1.27;0
58;bunker;242.00;9.78;2107.00;5.86;0
58;bunker;297.00;9.50;2320.00;6.23;0
58;bunker;791.00;10.30;2024.00;3.92;0
58;bunker;192.00;9.50;2185.00;0.78;0
58;bunker;634.00;12.12;2086.00;0.12;0
58;bunker;493.00;11.40;2195.00;3.23;0
58;bunker;722.00;10.23;2085.00;1.49;0
58;bunker;481.00;9.95;2122.00;3.02;0
58;bunker;661.00;13.48;2065.00;5.38;0
58;bunker;215.00;9.50;2314.00;6.19;0
58;bunker;272.00;9.65;2164.00;2.49;0
58;bunker;411.00;10.88;2152.00;1.04;0
58;bunker;258.00;9.82;2164.00;2.95;0
58;bunker;305.00;9.50;2071.00;3.99;0
58;bunker;392.00;11.78;2292.00;0.21;0
58;bunker;245.00;9.60;2140.00;2.08;0
58;bunker;259.00;9.68;2072.00;0.79;0
58;bunker;788.00;10.30;2030.00;0.97;0
58;bunker;265.00;9.50;2330.00;0.26;0
58;bunker;366.00;9.90;2189.00;0.79;0
58;bunker;360.00;9.60;2121.00;2.01;0
58;bunker;600.00;9.65;2035.00;0.23;0
58;bunker;819.00;11.50;1898.00;0.27;0
58;bunker;342.00;9.62;2072.00;5.76;0
58;bunker;440.00;10.40;2074.00;5.90;0
58;bunker;429.00;10.43;2076.00;4.05;0
58;bunker;221.00;9.50;2059.00;3.98;0
58;bunker;249.00;9.60;2242.00;6.25;0
58;bunker;250.00;9.50;2060.00;0.59;0
58;bunker;757.00;10.70;1983.00;0.62;0
58;bunker;122.00;9.50;2133.00;5.23;0
58;bunker;304.00;9.60;2100.00;3.07;0
58;bunker;603.00;9.70;2266.00;0.18;0
58;bunker;260.00;9.73;2211.00;4.34;0
58;bunker;274.00;9.60;2080.00;1.94;0
58;bunker;764.00;10.73;1960.00;5.63;0
58;bunker;467.00;10.07;2307.00;0.08;0
58;bunker;517.00;11.45;2121.00;4.53;0
58;bunker;342.00;9.60;2134.00;4.21;0
58;bunker;561.00;12.15;2143.00;2.39;0
58;bunker;314.00;9.60;2192.00;1.38;0
58;bunker;318.00;9.60;2197.00;5.82;0
58;bunker;282.00;9.62;2152.00;1.34;0
58;bunker;190.00;9.50;2288.00;3.61;0
58;bunker;251.00;9.68;2223.00;5.43;0
58;bunker;807.00;11.85;1881.00;4.92;0
58;bunker;643.00;9.85;2011.00;2.28;0
58;bunker;696.00;9.98;1956.00;5.46;0
58;bunker;345.00;10.07;2310.00;2.25;0
58;bunker;254.00;9.50;2270.00;0.78;0
58;bunker;205.00;9.60;2208.00;4.57;0
58;bunker;507.00;12.20;2217.00;5.44;0
58;bunker;367.00;9.75;2349.00;1.58;0
58;bunker;763.00;10.00;1831.00;2.57;0
58;bunker;566.00;9.93;2331.00;3.52;0
58;bunker;372.00;11.23;2303.00;4.83;0
58;bunker;636.00;9.98;1996.00;2.75;0
58;bunker;385.00;9.93;2173.00;3.00;0
58;bunker;426.00;9.75;2343.00;2.07;0
58;bunker;207.00;9.50;2270.00;2.77;0
58;bunker;647.00;9.80;1976.00;2.99;0
58;bunker;516.00;11.50;2316.00;3.61;0
58;bunker;647.00;10.57;2193.00;2.24;0
58;bunker;354.00;10.05;2343.00;0.19;0
58;bunker;274.00;9.50;2255.00;0.00;0
58;bunker;340.00;9.60;2126.00;3.00;0
58;bunker;184.00;9.50;1919.00;1.20;0
58;bunker;231.00;9.50;1944.00;4.81;0
58;bunker;271.00;9.50;1957.00;2.38;0
58;bunker;364.00;9.70;2002.00;5.49;0
58;bunker;671.00;9.75;1955.00;4.00;0
58;bunker;96.00;9.50;2136.00;3.73;0
58;bunker;382.00;9.70;2003.00;1.41;0
58;bunker;184.00;9.50;2041.00;5.36;0
58;bunker;725.00;10.03;1903.00;1.10;0
58;bunker;632.00;9.70;2016.00;0.37;0
58;bunker;386.00;9.70;2025.00;4.02;0
58;bunker;673.00;9.70;1918.00;5.49;0
58;bunker;42.00;9.50;1878.00;4.25;0
58;bunker;164.00;9.50;1914.00;3.24;0
58;bunker;690.00;9.90;1963.00;5.96;0
58;bunker;4998.00;9.50;1899.00;3.33;0
58;bunker;667.00;9.98;1980.00;0.52;0
58;bunker;648.00;10.32;1991.00;1.80;0
58;bunker;684.00;9.50;1950.00;0.39;0
58;bunker;476.00;9.88;2075.00;3.07;0
58;bunker;456.00;9.95;2063.00;1.28;0
58;bunker;663.00;9.78;1951.00;3.05;0
58;bunker;80.00;9.50;1890.00;3.30;0
58;bunker;657.00;9.88;1974.00;4.36;0
58;bunker;626.00;9.68;1999.00;0.63;0
58;bunker;78.00;9.50;2055.00;1.49;0
58;bunker;452.00;9.98;2065.00;5.63;0
58;bunker;27.00;9.50;1879.00;0.12;0
58;bunker;89.00;9.50;1885.00;0.49;0
58;bunker;720.00;9.95;1898.00;0.50;0
58;bunker;799.00;9.50;1821.00;1.72;0
58;bunker;701.00;9.50;1926.00;2.65;0
58;bunker;813.00;9.50;1803.00;3.95;0
58;bunker;196.00;9.50;1930.00;2.10;0
58;bunker;363.00;9.55;1984.00;1.60;0
58;bunker;282.00;9.50;1954.00;1.85;0
58;bunker;453.00;9.50;2070.00;2.95;0
58;bunker;758.00;9.82;1858.00;2.39;0
58;bunker;5094.00;9.50;1883.00;2.30;0
58;bunker;726.00;9.93;1896.00;2.68;0
58;bunker;733.00;9.50;1877.00;5.63;0
58;bunker;717.00;9.82;1910.00;5.21;0
58;bunker;682.00;9.82;1957.00;3.79;0
58;bunker;651.00;9.50;2010.00;0.73;0
58;bunker;37.00;9.50;1878.00;2.83;0
58;bunker;698.00;9.50;1950.00;1.65;0
58;bunker;655.00;9.50;1967.00;2.54;0
58;bunker;790.00;9.50;1771.00;5.67;0
58;bunker;807.00;9.82;1816.00;0.76;0
58;bunker;5058.00;9.50;1884.00;0.00;0
58;bunker;656.00;9.88;2009.00;4.19;0
58;bunker;128.00;9.50;1898.00;2.18;0
58;bunker;202.00;9.50;1933.00;0.18;0
58;bunker;694.00;9.50;1948.00;4.65;0
58;bunker;651.00;9.50;1975.00;0.83;0
58;coastal_bunker;323.00;9.50;2034.00;-0.79;0
58;coastal_bunker;220.00;9.50;2246.00;-0.07;0
58;coastal_bunker;569.00;9.50;2053.00;-0.67;0
58;coastal_bunker;399.00;9.50;2066.00;-0.64;0
58;coastal_bunker;666.00;9.75;1997.00;-0.58;0
58;coastal_bunker;373.00;9.55;2040.00;0.74;0
58;coastal_bunker;755.00;9.50;1830.00;-0.79;0
58;coastal_bunker;677.00;9.73;1923.00;0.79;0
58;coastal_bunker;385.00;9.50;2003.00;0.00;0
58;coastal_bunker;622.00;9.50;2039.00;-0.29;0
58;coastal_bunker;789.00;9.50;1784.00;-1.74;0
58;coastal_bunker;274.00;9.50;1966.00;-0.82;0
58;coastal_bunker;188.00;9.50;2158.00;-0.24;0
58;coastal_bunker;653.00;10.18;1987.00;1.57;0
58;coastal_bunker;451.00;9.50;2084.00;0.75;0
58;coastal_bunker;747.00;9.50;1899.00;-0.88;0
58;coastal_bunker;171.00;9.50;2226.00;-1.73;0
58;coastal_bunker;70.00;9.50;1885.00;-1.57;0
58;coastal_bunker;472.00;9.65;2076.00;-3.93;0
58;coastal_bunker;223.00;9.50;2130.00;-1.95;0
58;coastal_bunker;566.00;9.70;2333.00;-2.80;0
58;coastal_bunker;690.00;9.50;1955.00;0.00;0
58;coastal_bunker;668.00;9.85;1985.00;-1.57;0
58;coastal_bunker;498.00;9.65;2072.00;-0.46;0
58;coastal_bunker;218.00;9.50;2043.00;-1.19;0
58;coastal_bunker;421.00;9.68;2343.00;-4.30;0
58;coastal_bunker;663.00;9.80;1954.00;1.57;0
58;coastal_bunker;240.00;9.50;2232.00;-1.07;0
58;coastal_bunker;617.00;9.60;2021.00;0.79;0
58;coastal_bunker;535.00;9.73;2328.00;-2.98;0
58;coastal_bunker;184.00;9.50;2265.00;-1.57;0
58;coastal_bunker;446.00;10.38;2082.00;1.11;0
58;coastal_bunker;632.00;9.62;2020.00;-4.25;0
58;coastal_bunker;384.00;9.60;2064.00;0.52;0
58;coastal_bunker;193.00;9.50;1922.00;-1.57;0
58;coastal_bunker;181.00;9.50;2045.00;-3.14;0
58;coastal_bunker;430.00;9.50;2345.00;-2.30;0
58;coastal_bunker;701.00;9.60;1936.00;-1.39;0
58;coastal_bunker;651.00;9.82;2003.00;-3.93;0
58;coastal_bunker;676.00;9.50;1944.00;0.59;0
58;coastal_bunker;156.00;9.50;1905.00;-1.57;0
58;coastal_bunker;238.00;9.50;2136.00;-1.66;0
58;coastal_bunker;104.00;9.50;2140.00;-3.93;0
58;coastal_bunker;392.00;9.65;2346.00;-4.25;0
58;coastal_bunker;458.00;9.85;2064.00;-1.57;0
58;coastal_bunker;209.00;9.50;2315.00;-2.31;0
58;coastal_bunker;350.00;9.50;2352.00;-2.55;0
58;coastal_bunker;236.00;9.50;1944.00;1.57;0
58;coastal_bunker;50.00;9.50;1880.00;-3.14;0
58;coastal_bunker;698.00;9.85;1968.00;-0.62;0
58;coastal_bunker;202.00;9.50;2070.00;0.53;0
58;coastal_bunker;389.00;9.75;2009.00;-4.41;0
58;coastal_bunker;106.00;9.50;2136.00;1.11;0
58;coastal_bunker;665.00;9.50;1979.00;-1.57;0
58;coastal_bunker;577.00;9.98;2060.00;-0.84;0
58;coastal_bunker;719.00;9.50;1903.00;-3.14;0
58;coastal_bunker;4998.00;9.50;1898.00;-3.14;0
58;coastal_bunker;239.00;9.50;2182.00;-0.94;0
58;coastal_bunker;257.00;9.50;2032.00;0.15;0
58;coastal_bunker;394.00;9.70;2023.00;-3.93;0
58;coastal_bunker;686.00;9.50;1949.00;-3.93;0
58;coastal_bunker;698.00;9.50;1943.00;-1.00;0
58;coastal_bunker;274.00;9.50;2343.00;-3.21;0
58;coastal_bunker;307.00;9.50;2346.00;-2.53;0
58;coastal_bunker;646.00;9.50;1978.00;-1.57;0
58;coastal_bunker;224.00;9.50;2224.00;-2.27;0
58;coastal_bunker;270.00;9.50;1958.00;1.57;0
58;coastal_bunker;296.00;9.50;2348.00;-3.29;0
58;coastal_bunker;496.00;10.40;2082.00;-0.45;0
58;coastal_bunker;656.00;9.53;1975.00;-1.57;0
58;coastal_bunker;627.00;9.73;1998.00;1.57;0
58;coastal_bunker;76.00;9.50;2057.00;-3.93;0
58;coastal_bunker;451.00;10.03;2066.00;-3.93;0
58;coastal_bunker;25.00;9.50;1882.00;-3.14;0
58;coastal_bunker;86.00;9.50;1886.00;-1.57;0
58;coastal_bunker;717.00;9.50;1901.00;-1.57;0
58;coastal_bunker;799.00;9.88;1820.00;-1.57;0
58;coastal_bunker;698.00;9.50;1927.00;1.57;0
58;coastal_bunker;811.00;9.80;1806.00;-1.57;0
58;coastal_bunker;198.00;9.50;1930.00;-3.14;0
58;coastal_bunker;365.00;9.50;1983.00;-3.14;0
58;coastal_bunker;280.00;9.50;1951.00;-1.57;0
58;coastal_bunker;455.00;9.93;2072.00;-3.14;0
58;coastal_bunker;757.00;9.50;1857.00;-3.14;0
58;coastal_bunker;5093.00;9.50;1883.00;-1.57;0
58;coastal_bunker;726.00;9.90;1897.00;1.57;0
58;coastal_bunker;734.00;9.50;1876.00;-1.57;0
58;coastal_bunker;716.00;9.50;1910.00;-3.93;0
58;coastal_bunker;680.00;9.50;1957.00;-1.57;0
58;coastal_bunker;650.00;9.50;2013.00;1.57;0
58;coastal_bunker;36.00;9.50;1879.00;-3.93;0
58;coastal_bunker;699.00;9.50;1950.00;1.57;0
58;coastal_bunker;657.00;9.50;1966.00;-3.93;0
58;coastal_bunker;790.00;9.50;1774.00;1.57;0
58;coastal_bunker;807.00;9.82;1816.00;-1.57;0
58;coastal_bunker;5054.00;9.50;1882.00;-3.93;0
58;coastal_bunker;657.00;9.50;2008.00;1.57;0
58;coastal_bunker;129.00;9.50;1899.00;1.57;0
58;coastal_bunker;201.00;9.50;1933.00;-3.93;0
58;coastal_bunker;695.00;9.50;1946.00;-3.14;0
58;coastal_bunker;651.00;9.85;1976.00;-1.57;0
58;stronghold_network;395.00;10.05;2176.00;4.62;0
58;dockyard;370.00;9.53;2042.00;0.74;0
58;anti_air_building;501.00;12.03;2222.00;1.79;0
58;anti_air_building;558.00;10.10;2225.00;0.49;0
58;anti_air_building;632.00;9.80;2239.00;0.93;0
58;synthetic_refinery;361.00;10.35;2341.00;0.97;0
58;fuel_silo;356.00;9.70;2029.00;3.86;0
58;radar_station;378.00;9.50;2057.00;4.79;0
58;naval_supply_hub;577.00;9.98;2060.00;-0.84;0
58;naval_supply_hub;640.00;9.50;2027.00;-0.29;0
58;naval_supply_hub;184.00;9.50;2233.00;-3.65;0
58;naval_supply_hub;254.00;9.50;1955.00;-0.82;0
58;naval_supply_hub;700.00;9.88;1962.00;-0.62;0
58;naval_supply_hub;788.00;9.50;1788.00;-1.74;0
58;naval_supply_hub;797.00;9.98;1815.00;-0.79;0
58;naval_supply_hub;252.00;9.50;2032.00;0.53;0
58;naval_supply_hub;682.00;9.75;1928.00;0.79;0
58;naval_supply_hub;648.00;10.07;1992.00;1.57;0
58;naval_supply_hub;470.00;9.50;2091.00;0.75;0
58;naval_supply_hub;204.00;9.50;2057.00;-1.19;0
58;naval_supply_hub;471.00;9.50;2071.00;-3.93;0
58;naval_supply_hub;630.00;9.62;2019.00;-4.25;0
58;naval_supply_hub;665.00;9.50;1980.00;-1.57;0
58;naval_supply_hub;450.00;9.50;2089.00;1.11;0
58;naval_supply_hub;651.00;9.50;2006.00;-3.93;0
58;naval_supply_hub;455.00;9.75;2339.00;-3.75;0
58;naval_supply_hub;383.00;9.50;2002.00;0.00;0
58;naval_supply_hub;219.00;9.50;2322.00;-2.31;0
58;naval_supply_hub;519.00;9.95;2321.00;-2.98;0
58;naval_supply_hub;205.00;9.50;2166.00;-0.24;0
58;naval_supply_hub;241.00;9.50;2174.00;-0.94;0
58;naval_supply_hub;656.00;10.07;1979.00;-2.77;0
58;naval_supply_hub;414.00;9.88;2052.00;-0.64;0
58;naval_supply_hub;200.00;9.50;2106.00;-1.95;0
58;naval_supply_hub;712.00;9.90;1931.00;-1.39;0
58;naval_supply_hub;271.00;9.50;2040.00;-0.79;0
58;naval_supply_hub;461.00;9.93;2068.00;-1.57;0
58;naval_supply_hub;675.00;9.73;1980.00;-0.58;0
58;naval_supply_hub;206.00;9.50;2247.00;-0.07;0
58;naval_supply_hub;339.00;9.50;2351.00;-2.55;0
58;naval_supply_hub;369.00;9.62;2350.00;-4.25;0
58;naval_supply_hub;387.00;9.50;2021.00;-3.93;0
58;naval_supply_hub;648.00;9.80;1981.00;-1.57;0
58;naval_supply_hub;566.00;9.50;2335.00;-2.80;0
58;naval_supply_hub;219.00;9.50;1938.00;1.57;0
58;naval_supply_hub;104.00;9.50;2137.00;-3.93;0
58;naval_supply_hub;749.00;9.50;1894.00;-0.88;0
58;naval_supply_hub;668.00;9.50;1946.00;1.57;0
58;naval_supply_hub;289.00;9.50;2350.00;-3.29;0
58;naval_supply_hub;723.00;9.50;1899.00;-3.14;0
58;naval_supply_hub;172.00;9.50;2271.00;-1.57;0
58;naval_supply_hub;686.00;9.50;1962.00;0.00;0
58;naval_supply_hub;601.00;9.60;2032.00;-0.67;0
58;naval_supply_hub;509.00;9.50;2065.00;-0.46;0
58;naval_supply_hub;184.00;9.50;1926.00;-1.57;0
58;naval_supply_hub;112.00;9.50;2131.00;1.11;0
58;naval_supply_hub;412.00;9.75;2342.00;-4.30;0
58;naval_supply_hub;53.00;9.50;1881.00;-3.14;0
58;naval_supply_hub;316.00;9.50;2347.00;-2.53;0
58;naval_supply_hub;165.00;9.50;1917.00;-1.57;0
58;naval_supply_hub;174.00;9.50;2044.00;-3.14;0
58;naval_supply_hub;614.00;9.50;2019.00;0.79;0
58;naval_supply_hub;263.00;9.55;2040.00;0.15;0
58;naval_supply_hub;389.00;9.70;2006.00;-4.41;0
58;naval_supply_hub;5002.00;9.50;1900.00;-3.14;0
58;naval_supply_hub;666.00;9.60;1990.00;-1.57;0
58;naval_supply_hub;705.00;9.50;1949.00;-1.00;0
58;naval_supply_hub;270.00;9.50;1957.00;1.57;0
58;naval_supply_hub;686.00;9.82;1951.00;-3.93;0
58;naval_supply_hub;222.00;9.50;2245.00;-1.07;0
58;naval_supply_hub;378.00;9.50;2062.00;0.52;0
58;naval_supply_hub;241.00;9.50;2332.00;-3.21;0
58;naval_supply_hub;73.00;9.50;1885.00;-1.57;0
58;naval_supply_hub;227.00;9.50;2229.00;-2.27;0
58;naval_supply_hub;659.00;9.93;1975.00;-1.57;0
58;naval_supply_hub;237.00;9.50;2132.00;-1.66;0
58;naval_supply_hub;627.00;9.50;1996.00;1.57;0
58;naval_supply_hub;371.00;9.57;2040.00;0.74;0
58;naval_supply_hub;78.00;9.50;2054.00;-3.93;0
58;naval_supply_hub;450.00;9.50;2066.00;-3.93;0
58;naval_supply_hub;24.00;9.50;1881.00;-3.14;0
58;naval_supply_hub;92.00;9.50;1886.00;-1.57;0
58;naval_supply_hub;718.00;9.55;1900.00;-1.57;0
58;naval_supply_hub;800.00;9.90;1822.00;-1.57;0
58;naval_supply_hub;702.00;9.50;1927.00;1.57;0
58;naval_supply_hub;812.00;9.80;1805.00;-1.57;0
58;naval_supply_hub;495.00;10.43;2081.00;-0.45;0
58;naval_supply_hub;198.00;9.50;1929.00;-3.14;0
58;naval_supply_hub;364.00;9.55;1985.00;-3.14;0
58;naval_supply_hub;279.00;9.50;1950.00;-1.57;0
58;naval_supply_hub;455.00;9.50;2071.00;-3.14;0
58;naval_supply_hub;759.00;9.82;1859.00;-3.14;0
58;naval_supply_hub;5096.00;9.50;1883.00;-1.57;0
58;naval_supply_hub;727.00;9.90;1896.00;1.57;0
58;naval_supply_hub;734.00;9.50;1878.00;-1.57;0
58;naval_supply_hub;716.00;9.50;1911.00;-3.93;0
58;naval_supply_hub;680.00;9.50;1957.00;-1.57;0
58;naval_supply_hub;648.00;9.50;2016.00;1.57;0
58;naval_supply_hub;37.00;9.50;1881.00;-3.93;0
58;naval_supply_hub;700.00;9.50;1951.00;1.57;0
58;naval_supply_hub;655.00;9.50;1967.00;-3.93;0
58;naval_supply_hub;790.00;9.50;1773.00;1.57;0
58;naval_supply_hub;807.00;9.82;1816.00;-1.57;0
58;naval_supply_hub;5059.00;9.50;1883.00;-3.93;0
58;naval_supply_hub;657.00;9.50;2008.00;1.57;0
58;naval_supply_hub;130.00;9.50;1898.00;1.57;0
58;naval_supply_hub;202.00;9.50;1932.00;-3.93;0
58;naval_supply_hub;696.00;9.50;1949.00;-3.14;0
58;naval_supply_hub;651.00;9.88;1977.00;-1.57;0
58;naval_headquarters;511.00;9.78;2326.00;-3.75;0
58;naval_headquarters;737.00;9.50;1879.00;-0.88;0
58;naval_headquarters;163.00;9.50;2195.00;-0.24;0
58;naval_headquarters;754.00;9.50;1835.00;-0.79;0
58;naval_headquarters;679.00;9.80;1968.00;-0.12;0
58;naval_headquarters;632.00;9.73;2034.00;-0.29;0
58;naval_headquarters;417.00;9.73;2087.00;-0.64;0
58;naval_headquarters;661.00;9.50;1969.00;-2.77;0
58;naval_headquarters;640.00;9.50;1977.00;0.79;0
58;naval_headquarters;795.00;9.50;1838.00;-1.74;0
58;naval_headquarters;230.00;9.50;1941.00;1.57;0
58;naval_headquarters;323.00;9.50;2036.00;-0.79;0
58;naval_headquarters;313.00;9.50;1987.00;-0.82;0
58;naval_headquarters;115.00;9.50;2138.00;1.11;0
58;naval_headquarters;572.00;9.90;2062.00;-0.67;0
58;naval_headquarters;220.00;9.50;2222.00;-3.65;0
58;naval_headquarters;698.00;9.85;1968.00;-0.62;0
58;naval_headquarters;196.00;9.50;2255.00;-0.07;0
58;naval_headquarters;703.00;9.50;1915.00;-1.39;0
58;naval_headquarters;220.00;9.50;2323.00;-2.31;0
58;naval_headquarters;369.00;9.50;1992.00;0.00;0
58;naval_headquarters;190.00;9.50;1921.00;-1.57;0
58;naval_headquarters;396.00;9.65;2346.00;-4.25;0
58;naval_headquarters;549.00;9.50;2061.00;-0.46;0
58;naval_headquarters;645.00;9.50;1986.00;1.57;0
58;naval_headquarters;236.00;9.50;2131.00;-1.66;0
58;naval_headquarters;241.00;9.50;2178.00;-0.94;0
58;naval_headquarters;647.00;9.70;2020.00;-3.93;0
58;naval_headquarters;278.00;9.50;2344.00;-3.21;0
58;naval_headquarters;185.00;9.50;2050.00;-3.14;0
58;naval_headquarters;330.00;9.50;2350.00;-2.55;0
58;naval_headquarters;238.00;9.50;2046.00;0.53;0
58;naval_headquarters;201.00;9.50;2057.00;-1.19;0
58;naval_headquarters;692.00;9.85;1959.00;0.00;0
58;naval_headquarters;441.00;9.98;2082.00;1.11;0
58;naval_headquarters;237.00;9.50;2237.00;-1.07;0
58;naval_headquarters;369.00;9.50;2004.00;-1.74;0
58;naval_headquarters;181.00;9.50;2289.00;-1.57;0
58;naval_headquarters;102.00;9.50;2137.00;-3.93;0
58;naval_headquarters;193.00;9.50;2079.00;-1.95;0
58;naval_headquarters;72.00;9.50;1886.00;-1.57;0
58;naval_headquarters;379.00;9.50;2024.00;-3.93;0
58;naval_headquarters;367.00;9.50;2032.00;0.54;0
58;naval_headquarters;458.00;9.50;2089.00;0.75;0
58;naval_headquarters;648.00;9.88;1977.00;-1.57;0
58;naval_headquarters;688.00;9.50;1889.00;0.79;0
58;naval_headquarters;163.00;9.50;1916.00;-1.57;0
58;naval_headquarters;304.00;9.50;2346.00;-2.53;0
58;naval_headquarters;384.00;9.60;2068.00;0.52;0
58;naval_headquarters;664.00;9.50;1948.00;1.57;0
58;naval_headquarters;475.00;9.50;2076.00;-3.93;0
58;naval_headquarters;5000.00;9.50;1897.00;-3.14;0
58;naval_headquarters;271.00;9.50;1954.00;1.57;0
58;naval_headquarters;524.00;9.50;2323.00;-2.98;0
58;naval_headquarters;455.00;9.82;2062.00;-1.57;0
58;naval_headquarters;569.00;9.50;2334.00;-2.80;0
58;naval_headquarters;44.00;9.50;1882.00;-3.14;0
58;naval_headquarters;652.00;9.50;1994.00;-1.57;0
58;naval_headquarters;288.00;9.50;2350.00;-3.29;0
58;naval_headquarters;573.00;9.50;2065.00;-0.84;0
58;naval_headquarters;417.00;9.75;2342.00;-4.30;0
58;naval_headquarters;636.00;9.65;2017.00;-4.25;0
58;naval_headquarters;498.00;9.50;2082.00;-0.45;0
58;naval_headquarters;262.00;9.50;2037.00;0.15;0
58;naval_headquarters;697.00;9.50;1943.00;-1.00;0
58;naval_headquarters;720.00;9.50;1902.00;-3.14;0
58;naval_headquarters;667.00;9.50;1978.00;-1.57;0
58;naval_headquarters;225.00;9.50;2225.00;-2.27;0
58;naval_headquarters;686.00;9.78;1954.00;-3.93;0
58;naval_headquarters;656.00;9.50;1972.00;-1.57;0
58;naval_headquarters;627.00;9.50;1996.00;1.57;0
58;naval_headquarters;75.00;9.50;2056.00;-3.93;0
58;naval_headquarters;448.00;9.50;2065.00;-3.93;0
58;naval_headquarters;26.00;9.50;1879.00;-3.14;0
58;naval_headquarters;91.00;9.50;1886.00;-1.57;0
58;naval_headquarters;718.00;9.50;1899.00;-1.57;0
58;naval_headquarters;799.00;9.50;1821.00;-1.57;0
58;naval_headquarters;701.00;9.50;1926.00;1.57;0
58;naval_headquarters;811.00;9.80;1806.00;-1.57;0
58;naval_headquarters;197.00;9.50;1929.00;-3.14;0
58;naval_headquarters;365.00;9.60;1984.00;-3.14;0
58;naval_headquarters;279.00;9.50;1952.00;-1.57;0
58;naval_headquarters;455.00;9.98;2073.00;-3.14;0
58;naval_headquarters;756.00;9.50;1857.00;-3.14;0
58;naval_headquarters;5093.00;9.50;1882.00;-1.57;0
58;naval_headquarters;725.00;9.50;1895.00;1.57;0
58;naval_headquarters;735.00;9.73;1876.00;-1.57;0
58;naval_headquarters;718.00;9.82;1911.00;-3.93;0
58;naval_headquarters;682.00;9.82;1957.00;-1.57;0
58;naval_headquarters;649.00;9.50;2015.00;1.57;0
58;naval_headquarters;37.00;9.50;1882.00;-3.93;0
58;naval_headquarters;699.00;9.88;1951.00;1.57;0
58;naval_headquarters;655.00;9.50;1967.00;-3.93;0
58;naval_headquarters;790.00;9.50;1773.00;1.57;0
58;naval_headquarters;806.00;9.50;1816.00;-1.57;0
58;naval_headquarters;5055.00;9.50;1883.00;-3.93;0
58;naval_headquarters;657.00;9.95;2010.00;1.57;0
58;naval_headquarters;130.00;9.50;1898.00;1.57;0
58;naval_headquarters;202.00;9.50;1932.00;-3.93;0
58;naval_headquarters;695.00;9.50;1950.00;-3.14;0
58;naval_headquarters;650.00;9.50;1978.00;-1.57;0
58;nuclear_reactor_spawn;499.00;10.30;2181.00;6.14;0
58;special_project_facility_spawn;797.00;10.82;1942.00;5.04;0
58;special_project_facility_spawn;280.00;9.60;2128.00;2.45;0
58;special_project_facility_spawn;333.00;9.75;2160.00;1.95;0
58;special_project_facility_spawn;607.00;11.05;2111.00;2.75;0
58;special_project_facility_spawn;760.00;11.15;1924.00;5.87;0
58;special_project_facility_spawn;867.00;13.12;1824.00;3.76;0
58;special_project_facility_spawn;534.00;13.45;2087.00;4.23;0
58;special_project_facility_spawn;820.00;10.05;1963.00;4.11;0
58;special_project_facility_spawn;753.00;10.70;2000.00;1.45;0
58;special_project_facility_spawn;237.00;9.50;2191.00;2.06;0
58;special_project_facility_spawn;641.00;11.48;2061.00;1.70;0
58;special_project_facility_spawn;298.00;9.50;2043.00;5.72;0
58;special_project_facility_spawn;270.00;9.60;2242.00;1.84;0
58;special_project_facility_spawn;203.00;9.60;2192.00;4.93;0
58;special_project_facility_spawn;560.00;11.25;2179.00;0.21;0
58;special_project_facility_spawn;472.00;10.45;2288.00;4.64;0
58;special_project_facility_spawn;493.00;10.40;2184.00;3.68;0
58;special_project_facility_spawn;401.00;10.30;2237.00;3.93;0
58;special_project_facility_spawn;684.00;11.23;2026.00;3.33;0
58;special_project_facility_spawn;788.00;10.20;1813.00;5.40;0
58;special_project_facility_spawn;558.00;12.93;2138.00;2.61;0
58;special_project_facility_spawn;409.00;10.93;2324.00;2.37;0
58;special_project_facility_spawn;773.00;10.28;2017.00;0.83;0
58;special_project_facility_spawn;369.00;9.80;2070.00;2.62;0
58;special_project_facility_spawn;683.00;12.20;2075.00;2.70;0
58;special_project_facility_spawn;371.00;9.60;2118.00;4.48;0
58;special_project_facility_spawn;629.00;10.38;2175.00;1.33;0
58;special_project_facility_spawn;271.00;9.55;2278.00;4.35;0
58;special_project_facility_spawn;432.00;9.90;2091.00;3.51;0
58;special_project_facility_spawn;734.00;10.35;2073.00;5.37;0
58;special_project_facility_spawn;545.00;10.90;2133.00;0.59;0
58;special_project_facility_spawn;242.00;9.50;2243.00;6.05;0
58;special_project_facility_spawn;534.00;16.48;2295.00;2.18;0
58;special_project_facility_spawn;228.00;9.50;2259.00;5.71;0
58;special_project_facility_spawn;347.00;10.32;2250.00;1.17;0
58;special_project_facility_spawn;500.00;12.55;2263.00;4.68;0
58;special_project_facility_spawn;286.00;9.57;2164.00;5.89;0
58;special_project_facility_spawn;656.00;10.50;2189.00;3.47;0
58;special_project_facility_spawn;670.00;9.68;1924.00;1.24;0
58;special_project_facility_spawn;338.00;10.00;2216.00;4.12;0
58;special_project_facility_spawn;714.00;10.03;2129.00;0.20;0
58;special_project_facility_spawn;314.00;9.70;2271.00;5.01;0
58;special_project_facility_spawn;596.00;10.40;2163.00;2.10;0
58;special_project_facility_spawn;505.00;10.65;2121.00;6.10;0
58;special_project_facility_spawn;304.00;9.60;2118.00;6.02;0
58;special_project_facility_spawn;320.00;9.50;2030.00;4.46;0
58;special_project_facility_spawn;299.00;9.60;2252.00;5.90;0
58;special_project_facility_spawn;472.00;14.55;2216.00;0.15;0
58;special_project_facility_spawn;599.00;10.28;2184.00;2.01;0
58;special_project_facility_spawn;447.00;10.53;2173.00;0.30;0
58;special_project_facility_spawn;870.00;11.80;1867.00;1.69;0
58;special_project_facility_spawn;226.00;9.50;2293.00;1.26;0
58;special_project_facility_spawn;208.00;9.57;2092.00;1.73;0
58;special_project_facility_spawn;424.00;9.93;2065.00;1.74;0
58;special_project_facility_spawn;223.00;9.60;2209.00;3.45;0
58;special_project_facility_spawn;368.00;11.03;2302.00;4.24;0
58;special_project_facility_spawn;342.00;10.20;2169.00;4.56;0
58;special_project_facility_spawn;721.00;10.32;2045.00;5.75;0
58;special_project_facility_spawn;240.00;9.70;2205.00;0.73;0
58;special_project_facility_spawn;794.00;11.40;1881.00;1.00;0
58;special_project_facility_spawn;400.00;11.12;2281.00;4.55;0
58;special_project_facility_spawn;593.00;11.40;2074.00;1.52;0
58;special_project_facility_spawn;775.00;10.90;1984.00;0.85;0
58;special_project_facility_spawn;646.00;10.10;1989.00;5.28;0
58;special_project_facility_spawn;320.00;9.60;2329.00;0.32;0
58;special_project_facility_spawn;250.00;9.60;2039.00;2.01;0
58;special_project_facility_spawn;413.00;10.95;2151.00;3.42;0
58;special_project_facility_spawn;333.00;9.60;2105.00;0.48;0
58;special_project_facility_spawn;257.00;9.60;2035.00;4.94;0
58;special_project_facility_spawn;550.00;10.20;2235.00;4.92;0
58;special_project_facility_spawn;505.00;10.90;2321.00;3.91;0
58;special_project_facility_spawn;729.00;10.70;1982.00;0.48;0
58;special_project_facility_spawn;375.00;10.00;2174.00;3.05;0
58;special_project_facility_spawn;279.00;9.50;2287.00;0.08;0
58;special_project_facility_spawn;459.00;11.57;2189.00;3.84;0
58;special_project_facility_spawn;431.00;10.18;2079.00;1.19;0
58;special_project_facility_spawn;674.00;10.30;2162.00;2.97;0
58;special_project_facility_spawn;307.00;9.55;2085.00;3.14;0
58;special_project_facility_spawn;207.00;9.50;2059.00;1.38;0
58;special_project_facility_spawn;357.00;9.60;2110.00;1.04;0
58;special_project_facility_spawn;643.00;12.15;2130.00;5.80;0
58;special_project_facility_spawn;280.00;9.68;2146.00;6.14;0
58;special_project_facility_spawn;566.00;10.48;2327.00;1.41;0
58;special_project_facility_spawn;281.00;9.60;2083.00;5.40;0
58;special_project_facility_spawn;188.00;9.50;2273.00;5.78;0
58;special_project_facility_spawn;333.00;9.60;2067.00;3.44;0
58;special_project_facility_spawn;503.00;10.62;2235.00;1.93;0
58;special_project_facility_spawn;393.00;11.18;2312.00;1.04;0
58;special_project_facility_spawn;606.00;10.75;2054.00;0.92;0
58;special_project_facility_spawn;367.00;9.75;2349.00;0.71;0
58;special_project_facility_spawn;244.00;9.50;2328.00;1.06;0
58;special_project_facility_spawn;289.00;9.50;2266.00;5.50;0
58;special_project_facility_spawn;376.00;10.60;2326.00;2.14;0
58;special_project_facility_spawn;529.00;10.78;2212.00;4.11;0
58;special_project_facility_spawn;749.00;10.88;2015.00;3.20;0
58;special_project_facility_spawn;303.00;9.50;2192.00;1.30;0
58;special_project_facility_spawn;395.00;10.00;2189.00;4.18;0
58;special_project_facility_spawn;212.00;9.50;2246.00;5.22;0
58;special_project_facility_spawn;261.00;9.62;2212.00;2.55;0
58;special_project_facility_spawn;284.00;9.60;2119.00;1.71;0
58;special_project_facility_spawn;274.00;9.50;2216.00;3.11;0
58;special_project_facility_spawn;673.00;9.82;1951.00;0.91;0
58;special_project_facility_spawn;639.00;9.90;1981.00;4.76;0
58;special_project_facility_spawn;350.00;10.10;2323.00;1.19;0
58;special_project_facility_spawn;725.00;10.03;1903.00;2.00;0
58;special_project_facility_spawn;381.00;9.88;2009.00;5.90;0
58;special_project_facility_spawn;349.00;10.03;2334.00;0.72;0
58;special_project_facility_spawn;367.00;10.88;2311.00;4.82;0
58;special_project_facility_spawn;644.00;9.85;2014.00;2.67;0
58;special_project_facility_spawn;190.00;9.50;2041.00;0.57;0
58;special_project_facility_spawn;226.00;9.50;1948.00;0.34;0
58;special_project_facility_spawn;165.00;9.50;1915.00;4.38;0
58;special_project_facility_spawn;120.00;9.50;2135.00;1.89;0
58;special_project_facility_spawn;633.00;9.70;2018.00;0.85;0
58;special_project_facility_spawn;374.00;9.65;2001.00;1.74;0
58;special_project_facility_spawn;686.00;9.85;1965.00;4.53;0
58;special_project_facility_spawn;184.00;9.50;1918.00;3.54;0
58;special_project_facility_spawn;660.00;10.05;1989.00;2.50;0
58;special_project_facility_spawn;94.00;9.50;2141.00;4.46;0
58;special_project_facility_spawn;456.00;9.95;2063.00;4.23;0
58;special_project_facility_spawn;270.00;9.50;1956.00;2.04;0
58;special_project_facility_spawn;384.00;9.68;2022.00;3.19;0
58;special_project_facility_spawn;4997.00;9.50;1898.00;4.26;0
58;special_project_facility_spawn;80.00;9.50;1891.00;4.05;0
58;special_project_facility_spawn;476.00;9.88;2075.00;1.72;0
58;special_project_facility_spawn;666.00;9.88;1979.00;0.98;0
58;special_project_facility_spawn;685.00;9.50;1952.00;3.95;0
58;special_project_facility_spawn;663.00;9.78;1951.00;2.97;0
58;special_project_facility_spawn;647.00;9.88;1977.00;1.27;0
58;special_project_facility_spawn;44.00;9.50;1879.00;2.45;0
58;special_project_facility_spawn;657.00;9.88;1974.00;2.26;0
58;special_project_facility_spawn;626.00;9.73;1997.00;1.78;0
58;special_project_facility_spawn;82.00;9.50;2053.00;2.41;0
58;special_project_facility_spawn;448.00;9.53;2067.00;5.11;0
58;special_project_facility_spawn;24.00;9.50;1882.00;4.75;0
58;special_project_facility_spawn;93.00;9.50;1886.00;5.23;0
58;special_project_facility_spawn;721.00;9.93;1897.00;4.91;0
58;special_project_facility_spawn;798.00;9.50;1817.00;0.62;0
58;special_project_facility_spawn;699.00;9.50;1929.00;5.30;0
58;special_project_facility_spawn;811.00;9.50;1804.00;0.81;0
58;special_project_facility_spawn;196.00;9.50;1930.00;4.01;0
58;special_project_facility_spawn;363.00;9.55;1984.00;0.85;0
58;special_project_facility_spawn;279.00;9.50;1952.00;2.27;0
58;special_project_facility_spawn;455.00;9.57;2075.00;3.83;0
58;special_project_facility_spawn;758.00;9.82;1858.00;4.96;0
58;special_project_facility_spawn;5094.00;9.50;1883.00;4.55;0
58;special_project_facility_spawn;726.00;9.93;1896.00;1.49;0
58;special_project_facility_spawn;734.00;9.75;1877.00;5.14;0
58;special_project_facility_spawn;717.00;9.82;1910.00;4.96;0
58;special_project_facility_spawn;681.00;9.50;1957.00;0.33;0
58;special_project_facility_spawn;650.00;9.50;2013.00;3.58;0
58;special_project_facility_spawn;35.00;9.50;1879.00;4.51;0
58;special_project_facility_spawn;698.00;9.50;1952.00;1.74;0
58;special_project_facility_spawn;655.00;9.50;1967.00;4.51;0
58;special_project_facility_spawn;790.00;9.50;1770.00;5.19;0
58;special_project_facility_spawn;805.00;9.50;1815.00;5.17;0
58;special_project_facility_spawn;5058.00;9.50;1884.00;4.79;0
58;special_project_facility_spawn;656.00;9.88;2009.00;3.93;0
58;special_project_facility_spawn;127.00;9.50;1896.00;2.50;0
58;special_project_facility_spawn;202.00;9.50;1932.00;2.68;0
58;special_project_facility_spawn;695.00;9.50;1947.00;1.69;0
58;special_project_facility_spawn;650.00;9.50;1977.00;2.74;0
58;rocket_site_spawn;252.00;9.53;2059.00;1.26;0
58;floating_harbor;523.91;9.50;2331.91;0.16;739
58;floating_harbor;105.00;9.50;2060.00;-4.31;744
58;floating_harbor;474.76;9.50;2079.87;-2.39;759
58;floating_harbor;425.42;9.50;2345.79;-1.16;767
58;floating_harbor;725.00;9.50;1828.00;-3.49;776
58;floating_harbor;203.43;9.50;2234.10;-0.51;789
58;floating_harbor;208.82;9.50;2319.71;0.83;792
58;floating_harbor;257.50;9.50;2343.98;-0.07;801
58;floating_harbor;336.12;9.50;2355.82;0.59;812
58;floating_harbor;374.73;9.50;2033.84;-2.40;815
58;floating_harbor;725.00;9.50;1828.00;1.42;834
58;floating_harbor;223.85;9.50;2231.65;-4.21;848
58;floating_harbor;230.34;9.50;2162.88;-4.08;857
58;floating_harbor;247.56;9.50;2034.97;-2.61;858
58;floating_harbor;115.00;9.50;2409.00;0.42;862
58;floating_harbor;725.00;9.50;1828.00;-2.96;863
58;floating_harbor;451.26;9.50;2073.87;-2.03;887
58;floating_harbor;291.05;9.50;2031.05;-3.93;889
58;floating_harbor;725.00;9.50;1828.00;-2.98;893
58;floating_harbor;509.00;9.50;1995.00;1.50;902
58;floating_harbor;205.53;9.50;2241.02;-3.21;905
58;floating_harbor;262.06;9.50;2027.08;-2.99;926
58;floating_harbor;391.26;9.50;2350.13;-1.11;938
58;floating_harbor;115.00;9.50;2409.00;0.55;939
58;floating_harbor;592.63;9.50;2034.53;-3.82;948
58;floating_harbor;493.96;9.50;2074.69;-3.59;957
58;floating_harbor;556.67;9.50;2339.60;0.34;989
58;floating_harbor;483.01;9.50;2340.73;-0.61;992
58;floating_harbor;521.87;9.50;2060.74;-3.61;995
58;floating_harbor;203.50;9.50;2048.40;-4.33;1020
58;floating_harbor;230.03;9.50;2134.63;1.48;1032
58;floating_harbor;386.47;9.50;2061.92;-2.62;1041
58;floating_harbor;564.78;9.50;2056.33;-3.98;1056
58;floating_harbor;105.00;9.50;2060.00;-3.80;1068
58;floating_harbor;635.99;9.50;2023.30;-3.43;1079
58;floating_harbor;407.80;9.50;2058.40;-3.79;1090
58;floating_harbor;292.02;9.50;2355.93;-0.15;1105
58;floating_harbor;725.00;9.50;1828.00;-2.97;1114
58;floating_harbor;306.00;9.50;2352.75;0.61;1144
58;floating_harbor;290.00;9.50;1913.00;-3.21;1182
58;floating_harbor;725.00;9.50;1828.00;-4.56;1544
58;floating_harbor;371.00;9.50;1989.00;-3.14;1572
58;floating_harbor;359.10;9.50;2009.15;1.41;1573
58;floating_harbor;509.00;9.50;1995.00;-4.66;1578
58;floating_harbor;660.47;9.50;1925.30;0.91;1581
58;floating_harbor;101.95;9.50;2143.95;-0.79;1582
58;floating_harbor;125.26;9.50;2129.87;-2.03;1583
58;floating_harbor;659.49;9.50;1980.53;0.37;1588
58;floating_harbor;186.00;9.50;2051.00;0.00;1604
58;floating_harbor;648.95;9.50;2015.95;-0.79;1620
58;floating_harbor;290.00;9.50;1913.00;-2.00;1624
58;floating_harbor;509.00;9.50;1995.00;1.53;1633
58;floating_harbor;176.00;9.50;1920.00;1.57;1649
58;floating_harbor;687.00;9.50;1955.00;-3.14;1657
58;floating_harbor;390.95;9.50;2028.95;-0.79;1665
58;floating_harbor;722.00;9.50;1912.00;0.00;1692
58;floating_harbor;290.00;9.50;1913.00;-1.55;1701
58;floating_harbor;509.00;9.50;1995.00;1.51;1720
58;floating_harbor;509.00;9.50;1995.00;-4.54;1758
58;floating_harbor;33.00;9.50;1751.00;-3.45;1778
58;floating_harbor;509.00;9.50;1995.00;-2.53;1784
58;floating_harbor;45.00;9.50;1887.00;0.00;1797
58;floating_harbor;673.00;9.50;1948.00;-1.57;1798
58;floating_harbor;479.95;9.50;2079.95;-0.79;1818
58;floating_harbor;4998.00;9.50;1906.00;0.00;1839
58;floating_harbor;509.00;9.50;1995.00;1.44;1875
58;floating_harbor;278.00;9.50;1955.00;-1.57;1884
58;floating_harbor;509.00;9.50;1995.00;1.48;1899
58;floating_harbor;725.00;9.50;1828.00;-2.83;1911
58;floating_harbor;509.00;9.50;1995.00;1.42;1956
58;floating_harbor;509.00;9.50;1995.00;-4.69;1957
58;floating_harbor;83.95;9.50;2059.95;-0.79;1958
58;floating_harbor;509.00;9.50;1995.00;-2.45;1959
58;floating_harbor;25.00;9.50;1887.00;0.00;1975
58;floating_harbor;33.00;9.50;1751.00;-3.53;1993
58;floating_harbor;725.00;9.50;1828.00;-3.06;1995
58;floating_harbor;725.00;9.50;1828.00;1.45;2021
58;floating_harbor;725.00;9.50;1828.00;-2.89;2022
58;floating_harbor;725.00;9.50;1828.00;1.31;2045
58;floating_harbor;197.00;9.50;1937.00;0.00;2048
58;floating_harbor;364.00;9.50;1991.00;0.00;2049
58;floating_harbor;290.00;9.50;1913.00;-2.91;2079
58;floating_harbor;454.00;9.50;2080.00;0.00;2083
58;floating_harbor;725.00;9.50;1828.00;-3.96;2116
58;floating_harbor;5004.00;9.50;1978.00;0.76;2117
58;floating_harbor;725.00;9.50;1828.00;-3.16;2118
58;floating_harbor;725.00;9.50;1828.00;-3.33;2148
58;floating_harbor;725.00;9.50;1828.00;-3.05;2149
58;floating_harbor;725.00;9.50;1828.00;-2.81;2152
58;floating_harbor;509.00;9.50;1995.00;-4.59;2154
58;floating_harbor;41.95;9.50;1884.95;-0.79;2199
58;floating_harbor;725.00;9.50;1828.00;-2.93;2200
58;floating_harbor;509.00;9.50;1995.00;1.38;2201
58;floating_harbor;725.00;9.50;1828.00;0.87;2243
58;floating_harbor;725.00;9.50;1828.00;1.41;2244
58;floating_harbor;5060.95;9.50;1887.95;-0.79;2245
58;floating_harbor;509.00;9.50;1995.00;-4.62;2247
58;floating_harbor;136.00;9.50;1897.00;-1.57;2305
58;floating_harbor;206.95;9.50;1936.95;-0.79;2306
58;floating_harbor;725.00;9.50;1828.00;-2.90;2307
59;arms_factory;980.00;11.95;1662.00;0.93;0
59;arms_factory;979.00;12.23;1658.00;4.88;0
59;arms_factory;975.00;12.30;1626.00;6.07;0
59;arms_factory;965.00;12.57;1681.00;4.14;0
59;arms_factory;943.00;12.85;1630.00;4.76;0
59;arms_factory;954.00;12.55;1636.00;2.99;0
59;industrial_complex;918.00;14.32;1637.00;4.48;0
59;industrial_complex;917.00;14.38;1634.00;5.92;0
59;industrial_complex;968.00;11.10;1660.00;4.01;0
59;industrial_complex;967.00;12.45;1649.00;5.82;0
59;industrial_complex;956.00;11.60;1605.00;4.04;0
59;industrial_complex;938.00;12.88;1680.00;2.98;0
59;air_base;975.00;11.32;1599.00;3.47;0
59;supply_node;942.00;12.57;1624.00;1.27;0
59;bunker;983.00;11.90;1614.00;3.81;0
59;stronghold_network;896.00;14.12;1654.00;4.59;0
59;anti_air_building;989.00;11.25;1602.00;0.09;0
59;anti_air_building;953.00;10.75;1656.00;5.67;0
59;anti_air_building;996.00;11.70;1659.00;4.04;0
59;synthetic_refinery;955.00;11.78;1599.00;1.43;0
59;fuel_silo;896.00;16.50;1595.00;3.68;0
59;radar_station;947.00;12.03;1619.00;5.71;0
59;nuclear_reactor_spawn;973.00;12.40;1634.00;2.11;0
59;special_project_facility_spawn;934.00;12.82;1673.00;6.13;0
59;rocket_site_spawn;946.00;15.20;1567.00;2.35;0
60;arms_factory;994.00;10.78;1586.00;6.07;0
60;arms_factory;994.00;10.68;1579.00;4.14;0
60;arms_factory;1025.00;10.57;1571.00;4.76;0
60;arms_factory;1017.00;10.30;1584.00;2.99;0
60;arms_factory;1007.00;10.30;1583.00;4.48;0
60;arms_factory;998.00;10.80;1557.00;5.92;0
60;industrial_complex;991.00;11.05;1590.00;4.01;0
60;industrial_complex;1022.00;10.30;1576.00;5.82;0
60;industrial_complex;1020.00;10.30;1580.00;4.04;0
60;industrial_complex;991.00;11.12;1591.00;2.98;0
60;industrial_complex;967.00;11.73;1584.00;3.47;0
60;industrial_complex;1018.00;10.40;1572.00;1.10;0
60;air_base;981.00;11.00;1580.00;3.81;0
60;supply_node;995.00;10.80;1573.00;1.38;0
60;bunker;1010.00;10.30;1585.00;0.09;0
60;stronghold_network;972.00;11.95;1572.00;5.67;0
60;anti_air_building;988.00;10.88;1570.00;4.04;0
60;anti_air_building;1001.00;10.75;1595.00;1.43;0
60;anti_air_building;1010.00;10.60;1568.00;3.68;0
60;synthetic_refinery;976.00;11.25;1591.00;3.91;0
60;fuel_silo;999.00;10.65;1561.00;2.11;0
60;radar_station;998.00;10.70;1575.00;2.91;0
60;nuclear_reactor_spawn;1011.00;10.70;1558.00;2.35;0
60;special_project_facility_spawn;979.00;11.15;1593.00;1.08;0
60;rocket_site_spawn;994.00;10.70;1564.00;5.10;0
61;arms_factory;3218.00;9.90;1559.00;4.76;0
61;arms_factory;3379.00;11.62;1532.00;2.99;0
61;arms_factory;3397.00;16.35;1434.00;4.48;0
61;arms_factory;3250.00;9.90;1568.00;5.92;0
61;arms_factory;3342.00;10.45;1498.00;4.01;0
61;arms_factory;3419.00;10.95;1398.00;5.82;0
61;industrial_complex;3359.00;10.70;1561.00;4.04;0
61;industrial_complex;3220.00;10.00;1553.00;2.98;0
61;industrial_complex;3185.00;9.60;1604.00;3.47;0
61;industrial_complex;3369.00;12.20;1541.00;1.10;0
61;industrial_complex;3259.00;12.32;1466.00;3.81;0
61;industrial_complex;3389.00;20.40;1447.00;4.59;0
61;air_base;3320.00;10.28;1543.00;0.09;0
61;supply_node;3400.00;12.70;1499.00;0.97;0
61;supply_node;3364.00;9.80;1408.00;4.33;0
61;supply_node;3307.00;10.30;1523.00;1.01;0
61;supply_node;3367.00;14.05;1447.00;4.37;0
61;supply_node;3237.00;10.57;1526.00;5.71;0
61;supply_node;3252.00;10.48;1466.00;6.08;0
61;supply_node;3345.00;10.25;1552.00;2.91;0
61;supply_node;3303.00;11.20;1461.00;1.97;0
61;supply_node;3317.00;10.65;1490.00;0.09;0
61;supply_node;3374.00;12.38;1530.00;3.21;0
61;supply_node;3233.00;9.85;1556.00;4.49;0
61;supply_node;3283.00;10.00;1512.00;2.98;0
61;supply_node;3275.00;10.85;1481.00;1.85;0
61;supply_node;3342.00;9.50;1394.00;0.68;0
61;bunker;3411.00;10.95;1396.00;6.24;0
61;bunker;3292.00;11.40;1449.00;1.68;0
61;bunker;3322.00;10.25;1531.00;1.01;0
61;bunker;3274.00;10.05;1497.00;1.44;0
61;bunker;3382.00;11.25;1538.00;4.18;0
61;bunker;3263.00;9.90;1555.00;3.69;0
61;bunker;3335.00;10.88;1453.00;1.06;0
61;bunker;3271.00;9.88;1442.00;2.31;0
61;bunker;3381.00;11.43;1563.00;0.54;0
61;bunker;3351.00;10.78;1486.00;4.03;0
61;bunker;3411.00;13.62;1457.00;2.32;0
61;bunker;3243.00;10.35;1531.00;3.96;0
61;bunker;3284.00;10.00;1512.00;2.86;0
61;bunker;3346.00;9.60;1397.00;4.43;0
61;coastal_bunker;3265.00;9.50;1445.00;0.19;0
61;coastal_bunker;3317.00;9.50;1394.00;-0.84;0
61;coastal_bunker;3335.00;9.50;1391.00;-3.14;0
61;stronghold_network;3365.00;14.23;1523.00;3.28;0
61;dockyard;3295.00;9.50;1409.00;-0.84;0
61;anti_air_building;3359.00;14.50;1513.00;0.47;0
61;anti_air_building;3371.00;13.20;1438.00;1.82;0
61;anti_air_building;3270.00;10.18;1526.00;3.00;0
61;synthetic_refinery;3240.00;10.55;1548.00;5.79;0
61;fuel_silo;3183.00;9.60;1611.00;0.55;0
61;radar_station;3312.00;10.20;1497.00;5.01;0
61;naval_supply_hub;3377.00;9.50;1375.00;-0.84;0
61;naval_supply_hub;3263.00;9.50;1450.00;0.19;0
61;naval_supply_hub;3348.00;9.50;1397.00;-3.14;0
61;naval_headquarters;3293.00;9.50;1410.00;-0.84;0
61;naval_headquarters;3341.00;9.50;1394.00;-3.14;0
61;naval_headquarters;3246.00;9.50;1460.00;0.19;0
61;nuclear_reactor_spawn;3355.00;10.85;1537.00;1.66;0
61;special_project_facility_spawn;3334.00;10.32;1560.00;3.55;0
61;special_project_facility_spawn;3382.00;11.50;1547.00;2.24;0
61;special_project_facility_spawn;3250.00;11.57;1496.00;5.64;0
61;special_project_facility_spawn;3271.00;10.20;1492.00;1.30;0
61;special_project_facility_spawn;3408.00;11.07;1533.00;4.74;0
61;special_project_facility_spawn;3246.00;10.35;1469.00;1.10;0
61;special_project_facility_spawn;3330.00;10.40;1478.00;5.56;0
61;special_project_facility_spawn;3290.00;10.43;1522.00;0.73;0
61;special_project_facility_spawn;3246.00;10.35;1543.00;4.14;0
61;special_project_facility_spawn;3297.00;14.00;1435.00;2.05;0
61;special_project_facility_spawn;3312.00;11.10;1453.00;1.41;0
61;special_project_facility_spawn;3393.00;12.23;1419.00;1.11;0
61;special_project_facility_spawn;3284.00;10.10;1514.00;3.83;0
61;special_project_facility_spawn;3344.00;9.60;1396.00;4.00;0
61;rocket_site_spawn;3350.00;11.93;1507.00;4.79;0
61;floating_harbor;3340.77;9.50;1387.35;-3.99;37
61;floating_harbor;3256.29;9.50;1443.12;-2.96;194
61;floating_harbor;3390.00;9.50;1262.00;-2.80;1809
62;arms_factory;2843.00;9.82;1650.00;4.48;0
62;arms_factory;2835.00;11.00;1651.00;5.92;0
62;arms_factory;2837.00;10.70;1652.00;4.01;0
62;arms_factory;2834.00;10.75;1656.00;5.82;0
62;arms_factory;2841.00;11.10;1675.00;4.04;0
62;arms_factory;2854.00;10.57;1679.00;2.98;0
62;industrial_complex;2841.00;10.57;1658.00;3.47;0
62;industrial_complex;2844.00;10.85;1674.00;1.10;0
62;industrial_complex;2840.00;11.07;1673.00;3.81;0
62;industrial_complex;2836.00;10.82;1653.00;4.59;0
62;industrial_complex;2837.00;10.88;1658.00;0.09;0
62;industrial_complex;2829.00;9.90;1639.00;5.67;0
62;air_base;2838.00;11.03;1667.00;4.04;0
62;supply_node;2837.00;10.80;1659.00;1.01;0
62;bunker;2844.00;10.32;1658.00;3.68;0
62;coastal_bunker;2826.00;9.50;1647.00;-0.46;0
62;stronghold_network;2834.00;10.68;1658.00;2.11;0
62;dockyard;2827.00;9.50;1654.00;-0.46;0
62;anti_air_building;2838.00;10.75;1661.00;2.35;0
62;anti_air_building;2845.00;9.55;1650.00;1.08;0
62;anti_air_building;2835.00;10.88;1648.00;5.10;0
62;synthetic_refinery;2845.00;10.88;1682.00;2.07;0
62;fuel_silo;2837.00;9.80;1627.00;0.50;0
62;radar_station;2841.00;10.57;1658.00;1.85;0
62;naval_supply_hub;2835.00;9.50;1630.00;-0.46;0
62;naval_headquarters;2837.00;9.50;1625.00;-0.46;0
62;nuclear_reactor_spawn;2843.00;11.00;1670.00;1.68;0
62;special_project_facility_spawn;2828.00;9.80;1667.00;1.01;0
62;rocket_site_spawn;2837.00;9.80;1627.00;1.44;0
63;arms_factory;3245.00;10.12;665.00;4.01;0
63;arms_factory;3229.00;10.73;613.00;5.82;0
63;arms_factory;3180.00;13.12;599.00;4.04;0
63;arms_factory;3187.00;15.53;621.00;2.98;0
63;arms_factory;3208.00;10.43;688.00;3.47;0
63;arms_factory;3198.00;10.93;553.00;1.10;0
63;industrial_complex;3223.00;11.03;608.00;3.81;0
63;industrial_complex;3178.00;10.53;625.00;4.59;0
63;industrial_complex;3232.00;10.50;687.00;0.09;0
63;industrial_complex;3235.00;9.68;735.00;5.67;0
63;industrial_complex;3183.00;12.95;605.00;4.04;0
63;industrial_complex;3182.00;9.98;651.00;1.43;0
63;air_base;3225.00;10.65;666.00;3.68;0
63;supply_node;3197.00;10.60;676.00;5.71;0
63;supply_node;3176.00;10.88;576.00;6.08;0
63;supply_node;3200.00;10.95;645.00;2.91;0
63;supply_node;3218.00;11.45;622.00;1.97;0
63;supply_node;3221.00;10.00;704.00;0.09;0
63;supply_node;3207.00;11.10;569.00;3.21;0
63;supply_node;3245.00;10.40;702.00;4.49;0
63;supply_node;3190.00;11.70;600.00;2.98;0
63;supply_node;3335.00;9.75;619.00;1.85;0
63;supply_node;3165.00;9.78;771.00;0.68;0
63;supply_node;3191.00;9.50;752.00;3.84;0
63;supply_node;3182.00;9.62;761.00;2.15;0
63;supply_node;3171.00;9.50;761.00;4.60;0
63;supply_node;3259.00;9.55;686.00;2.37;0
63;bunker;3240.00;10.40;700.00;4.18;0
63;bunker;3186.00;12.07;600.00;3.69;0
63;bunker;3202.00;10.70;666.00;1.06;0
63;bunker;3233.00;11.50;635.00;2.31;0
63;bunker;3201.00;10.78;656.00;0.54;0
63;bunker;3168.00;11.25;591.00;4.03;0
63;bunker;3233.00;9.62;739.00;2.32;0
63;bunker;3216.00;11.05;587.00;3.96;0
63;bunker;3166.00;9.73;769.00;2.86;0
63;bunker;3171.00;9.50;761.00;4.43;0
63;bunker;3336.00;9.73;618.00;5.94;0
63;bunker;3259.00;9.55;686.00;5.73;0
63;bunker;3191.00;9.70;750.00;1.49;0
63;bunker;3183.00;9.68;763.00;3.28;0
63;coastal_bunker;3262.00;9.62;726.00;-3.36;0
63;coastal_bunker;3164.00;9.50;772.00;-3.93;0
63;coastal_bunker;3224.00;9.53;721.00;-3.47;0
63;coastal_bunker;3169.00;9.50;580.00;-2.16;0
63;coastal_bunker;3183.00;9.50;759.00;-3.14;0
63;coastal_bunker;3224.00;9.78;571.00;1.22;0
63;coastal_bunker;3175.00;9.50;663.00;-2.03;0
63;coastal_bunker;3258.00;9.50;685.00;-1.57;0
63;coastal_bunker;3338.00;9.70;622.00;-3.93;0
63;coastal_bunker;3182.00;9.50;643.00;-1.18;0
63;coastal_bunker;3192.00;9.50;748.00;0.24;0
63;coastal_bunker;3234.00;9.73;606.00;1.57;0
63;coastal_bunker;3173.00;9.70;761.00;-1.57;0
63;coastal_bunker;3172.00;10.38;614.00;-2.23;0
63;stronghold_network;3214.00;11.05;579.00;3.55;0
63;dockyard;3220.00;9.50;716.00;-1.95;0
63;anti_air_building;3212.00;13.55;633.00;5.64;0
63;anti_air_building;3184.00;11.68;572.00;1.30;0
63;anti_air_building;3220.00;10.30;683.00;4.74;0
63;synthetic_refinery;3244.00;10.32;676.00;1.10;0
63;fuel_silo;3221.00;12.80;635.00;5.56;0
63;radar_station;3251.00;9.50;663.00;6.05;0
63;naval_supply_hub;3223.00;9.50;565.00;1.22;0
63;naval_supply_hub;3249.00;9.65;662.00;0.40;0
63;naval_supply_hub;3175.00;9.50;671.00;-2.03;0
63;naval_supply_hub;3172.00;9.50;760.00;-1.57;0
63;naval_supply_hub;3206.00;9.62;702.00;-1.95;0
63;naval_supply_hub;3237.00;9.80;625.00;1.57;0
63;naval_supply_hub;3165.00;9.50;777.00;-3.93;0
63;naval_supply_hub;3182.00;9.50;646.00;-1.18;0
63;naval_supply_hub;3170.00;9.50;566.00;-2.16;0
63;naval_supply_hub;3333.00;9.50;618.00;-3.93;0
63;naval_supply_hub;3190.00;9.50;750.00;-3.14;0
63;naval_supply_hub;3261.00;9.50;689.00;-1.57;0
63;naval_supply_hub;3183.00;9.50;765.00;-3.14;0
63;naval_supply_hub;3171.00;10.38;614.00;-2.23;0
63;naval_headquarters;3231.00;9.50;736.00;-3.47;0
63;naval_headquarters;3239.00;9.85;631.00;1.57;0
63;naval_headquarters;3255.00;9.62;753.00;-3.36;0
63;naval_headquarters;3196.00;9.88;543.00;1.22;0
63;naval_headquarters;3181.00;9.50;696.00;-2.03;0
63;naval_headquarters;3174.00;9.50;556.00;-2.16;0
63;naval_headquarters;3339.00;9.50;616.00;-3.93;0
63;naval_headquarters;3182.00;9.50;764.00;-3.14;0
63;naval_headquarters;3193.00;9.50;752.00;-3.14;0
63;naval_headquarters;3259.00;9.50;687.00;-1.57;0
63;naval_headquarters;3166.00;9.78;773.00;-3.93;0
63;naval_headquarters;3170.00;9.50;761.00;-1.57;0
63;naval_headquarters;3179.00;9.50;649.00;-1.18;0
63;naval_headquarters;3171.00;10.38;614.00;-2.23;0
63;nuclear_reactor_spawn;3226.00;10.38;678.00;0.91;0
63;special_project_facility_spawn;3213.00;11.88;623.00;3.39;0
63;special_project_facility_spawn;3247.00;10.28;706.00;2.04;0
63;special_project_facility_spawn;3181.00;14.60;610.00;0.86;0
63;special_project_facility_spawn;3197.00;10.80;651.00;5.05;0
63;special_project_facility_spawn;3208.00;10.12;553.00;3.41;0
63;special_project_facility_spawn;3225.00;9.82;713.00;1.64;0
63;special_project_facility_spawn;3186.00;11.40;567.00;2.74;0
63;special_project_facility_spawn;3210.00;10.68;661.00;6.07;0
63;special_project_facility_spawn;3338.00;9.80;618.00;0.93;0
63;special_project_facility_spawn;3165.00;9.75;775.00;3.92;0
63;special_project_facility_spawn;3191.00;9.70;750.00;3.52;0
63;special_project_facility_spawn;3173.00;9.70;761.00;0.58;0
63;special_project_facility_spawn;3258.00;9.50;686.00;2.41;0
63;special_project_facility_spawn;3183.00;9.68;762.00;4.71;0
63;rocket_site_spawn;3207.00;10.70;557.00;5.47;0
63;floating_harbor;3174.74;9.50;687.13;1.11;1430
63;floating_harbor;3164.18;9.50;583.88;0.98;1431
63;floating_harbor;3171.52;9.50;633.35;-4.32;1432
63;floating_harbor;3245.00;9.50;622.00;-1.57;1433
63;floating_harbor;3204.50;9.50;710.60;1.19;1434
63;floating_harbor;3224.58;9.50;562.61;-1.92;1435
63;floating_harbor;3255.72;9.50;676.55;-2.74;1436
63;floating_harbor;3166.47;9.50;618.30;0.91;1437
63;floating_harbor;3340.95;9.50;624.95;-0.79;1725
63;floating_harbor;3170.95;9.50;776.95;-0.79;1814
63;floating_harbor;3191.00;9.50;760.00;0.00;1829
63;floating_harbor;3182.00;9.50;769.00;0.00;1879
63;floating_harbor;3177.00;9.50;865.00;-0.06;2057
64;arms_factory;2870.00;11.20;1649.00;4.04;0
64;arms_factory;2865.00;9.75;1580.00;2.98;0
64;arms_factory;2850.00;10.78;1627.00;3.47;0
64;arms_factory;2883.00;9.93;1600.00;1.10;0
64;arms_factory;2851.00;10.48;1638.00;3.81;0
64;arms_factory;2861.00;10.03;1591.00;4.59;0
64;industrial_complex;2867.00;10.80;1619.00;0.09;0
64;industrial_complex;2858.00;9.85;1594.00;5.67;0
64;industrial_complex;2867.00;10.78;1624.00;4.04;0
64;industrial_complex;2863.00;10.12;1607.00;1.43;0
64;industrial_complex;2869.00;9.93;1589.00;3.68;0
64;industrial_complex;2871.00;9.85;1605.00;3.91;0
64;air_base;2868.00;9.95;1606.00;2.11;0
64;supply_node;2864.00;10.65;1616.00;2.91;0
64;supply_node;2886.00;9.65;1601.00;1.97;0
64;supply_node;2902.00;9.82;1543.00;0.09;0
64;supply_node;2921.00;9.50;1615.00;3.21;0
64;supply_node;2842.00;9.70;1599.00;4.49;0
64;supply_node;2919.00;9.50;1600.00;2.98;0
64;supply_node;2908.00;9.73;1630.00;1.85;0
64;supply_node;2931.00;9.50;1589.00;0.68;0
64;supply_node;2831.00;9.55;1625.00;3.84;0
64;supply_node;2921.00;9.50;1586.00;2.15;0
64;supply_node;2912.00;9.50;1576.00;4.60;0
64;supply_node;2897.00;9.70;1595.00;2.37;0
64;supply_node;2876.00;9.62;1562.00;1.29;0
64;supply_node;2897.00;9.50;1569.00;4.78;0
64;supply_node;2907.00;9.50;1586.00;5.30;0
64;supply_node;2845.00;9.50;1590.00;1.23;0
64;supply_node;2913.00;9.50;1640.00;5.04;0
64;supply_node;2902.00;9.50;1592.00;5.10;0
64;supply_node;2910.00;9.50;1570.00;2.20;0
64;supply_node;2896.00;9.50;1582.00;5.67;0
64;supply_node;2895.00;9.50;1587.00;3.48;0
64;supply_node;2907.00;9.50;1577.00;1.08;0
64;supply_node;2843.00;9.50;1606.00;4.48;0
64;supply_node;2899.00;9.50;1610.00;3.13;0
64;supply_node;2917.00;9.50;1634.00;3.10;0
64;bunker;2868.00;9.75;1578.00;3.28;0
64;bunker;2883.00;9.98;1598.00;3.40;0
64;bunker;2912.00;9.70;1540.00;0.47;0
64;bunker;2844.00;9.50;1592.00;1.82;0
64;bunker;2909.00;9.73;1578.00;3.00;0
64;bunker;2913.00;9.75;1576.00;5.79;0
64;bunker;2917.00;9.70;1635.00;0.55;0
64;bunker;2841.00;9.65;1599.00;0.79;0
64;bunker;2902.00;9.50;1593.00;0.89;0
64;bunker;2898.00;9.50;1611.00;5.31;0
64;bunker;2897.00;9.75;1582.00;4.77;0
64;bunker;2844.00;9.50;1609.00;3.99;0
64;bunker;2911.00;9.75;1571.00;1.80;0
64;bunker;2922.00;9.62;1587.00;2.69;0
64;bunker;2896.00;9.70;1588.00;1.66;0
64;bunker;2909.00;9.75;1631.00;3.55;0
64;bunker;2920.00;9.62;1603.00;2.24;0
64;bunker;2876.00;9.62;1562.00;5.64;0
64;bunker;2913.00;9.78;1641.00;1.30;0
64;bunker;2908.00;9.62;1586.00;4.74;0
64;bunker;2924.00;9.62;1614.00;1.10;0
64;bunker;2897.00;9.70;1595.00;5.56;0
64;bunker;2931.00;9.68;1590.00;0.73;0
64;bunker;2897.00;9.78;1570.00;4.14;0
64;bunker;2831.00;9.82;1626.00;2.05;0
64;coastal_bunker;2872.00;9.70;1594.00;0.04;0
64;coastal_bunker;2924.00;9.62;1615.00;-3.93;0
64;coastal_bunker;2916.00;9.50;1634.00;-1.57;0
64;coastal_bunker;2906.00;9.50;1588.00;1.57;0
64;coastal_bunker;2890.00;9.50;1543.00;-2.36;0
64;coastal_bunker;2899.00;9.75;1571.00;-3.14;0
64;coastal_bunker;2843.00;9.50;1601.00;-3.14;0
64;coastal_bunker;2891.00;9.65;1595.00;1.57;0
64;coastal_bunker;2920.00;9.50;1601.00;-3.93;0
64;coastal_bunker;2831.00;9.82;1627.00;1.57;0
64;coastal_bunker;2919.00;9.60;1586.00;-3.14;0
64;coastal_bunker;2907.00;9.50;1628.00;1.57;0
64;coastal_bunker;2912.00;9.50;1642.00;-1.57;0
64;coastal_bunker;2930.00;9.50;1589.00;-3.93;0
64;coastal_bunker;2914.00;9.75;1576.00;-3.93;0
64;coastal_bunker;2895.00;9.50;1588.00;-3.93;0
64;coastal_bunker;2899.00;9.65;1595.00;-1.57;0
64;coastal_bunker;2878.00;9.60;1562.00;-1.57;0
64;coastal_bunker;2901.00;9.50;1593.00;1.57;0
64;coastal_bunker;2844.00;9.60;1608.00;-3.93;0
64;coastal_bunker;2845.00;9.50;1590.00;1.57;0
64;coastal_bunker;2900.00;9.50;1608.00;-1.57;0
64;coastal_bunker;2911.00;9.50;1570.00;-3.93;0
64;coastal_bunker;2908.00;9.50;1578.00;1.57;0
64;coastal_bunker;2897.00;9.50;1581.00;1.57;0
64;stronghold_network;2867.00;10.38;1634.00;1.15;0
64;dockyard;2907.00;9.50;1585.00;1.57;0
64;anti_air_building;2868.00;10.68;1641.00;3.39;0
64;anti_air_building;2888.00;9.95;1546.00;2.04;0
64;anti_air_building;2851.00;11.00;1632.00;0.86;0
64;synthetic_refinery;2883.00;10.90;1644.00;5.05;0
64;fuel_silo;2863.00;11.35;1648.00;3.41;0
64;radar_station;2882.00;9.82;1597.00;2.30;0
64;naval_supply_hub;2916.00;9.50;1635.00;-1.57;0
64;naval_supply_hub;2861.00;9.50;1600.00;0.04;0
64;naval_supply_hub;2896.00;9.50;1596.00;-1.57;0
64;naval_supply_hub;2897.00;9.50;1569.00;-3.14;0
64;naval_supply_hub;2924.00;9.50;1613.00;-3.93;0
64;naval_supply_hub;2888.00;9.73;1550.00;-2.36;0
64;naval_supply_hub;2846.00;9.60;1591.00;1.57;0
64;naval_supply_hub;2876.00;9.50;1610.00;1.57;0
64;naval_supply_hub;2902.00;9.50;1592.00;1.57;0
64;naval_supply_hub;2896.00;9.73;1583.00;1.57;0
64;naval_supply_hub;2911.00;9.70;1630.00;1.57;0
64;naval_supply_hub;2931.00;9.65;1591.00;-3.93;0
64;naval_supply_hub;2846.00;9.50;1602.00;-3.14;0
64;naval_supply_hub;2919.00;9.50;1598.00;-3.93;0
64;naval_supply_hub;2843.00;9.50;1607.00;-3.93;0
64;naval_supply_hub;2832.00;9.78;1626.00;1.57;0
64;naval_supply_hub;2913.00;9.50;1579.00;-3.93;0
64;naval_supply_hub;2909.00;9.50;1571.00;-3.93;0
64;naval_supply_hub;2920.00;9.60;1586.00;-3.14;0
64;naval_supply_hub;2906.00;9.50;1588.00;1.57;0
64;naval_supply_hub;2912.00;9.50;1642.00;-1.57;0
64;naval_supply_hub;2877.00;9.62;1563.00;-1.57;0
64;naval_supply_hub;2897.00;9.70;1589.00;-3.93;0
64;naval_supply_hub;2899.00;9.62;1611.00;-1.57;0
64;naval_supply_hub;2909.00;9.73;1578.00;1.57;0
64;naval_headquarters;2875.00;9.57;1594.00;0.04;0
64;naval_headquarters;2914.00;9.75;1576.00;-3.93;0
64;naval_headquarters;2845.00;9.50;1589.00;1.57;0
64;naval_headquarters;2915.00;9.70;1543.00;-2.36;0
64;naval_headquarters;2845.00;9.50;1602.00;-3.14;0
64;naval_headquarters;2875.00;9.50;1564.00;-1.57;0
64;naval_headquarters;2896.00;9.50;1582.00;1.57;0
64;naval_headquarters;2891.00;9.65;1594.00;1.57;0
64;naval_headquarters;2832.00;9.78;1628.00;1.57;0
64;naval_headquarters;2908.00;9.73;1630.00;1.57;0
64;naval_headquarters;2898.00;9.50;1569.00;-3.14;0
64;naval_headquarters;2914.00;9.78;1641.00;-1.57;0
64;naval_headquarters;2921.00;9.50;1588.00;-3.14;0
64;naval_headquarters;2925.00;9.50;1617.00;-3.93;0
64;naval_headquarters;2895.00;9.50;1585.00;-3.93;0
64;naval_headquarters;2918.00;9.50;1598.00;-3.93;0
64;naval_headquarters;2906.00;9.50;1588.00;1.57;0
64;naval_headquarters;2908.00;9.50;1576.00;1.57;0
64;naval_headquarters;2935.00;9.60;1590.00;-3.93;0
64;naval_headquarters;2904.00;9.50;1591.00;1.57;0
64;naval_headquarters;2899.00;9.62;1596.00;-1.57;0
64;naval_headquarters;2910.00;9.73;1572.00;-3.93;0
64;naval_headquarters;2900.00;9.50;1608.00;-1.57;0
64;naval_headquarters;2843.00;9.50;1608.00;-3.93;0
64;naval_headquarters;2919.00;9.70;1635.00;-1.57;0
64;nuclear_reactor_spawn;2863.00;10.57;1612.00;0.74;0
64;special_project_facility_spawn;2872.00;9.90;1605.00;3.59;0
64;special_project_facility_spawn;2910.00;9.98;1542.00;1.76;0
64;special_project_facility_spawn;2901.00;9.50;1593.00;1.58;0
64;special_project_facility_spawn;2912.00;9.50;1569.00;3.69;0
64;special_project_facility_spawn;2841.00;9.62;1598.00;5.05;0
64;special_project_facility_spawn;2876.00;9.62;1562.00;3.02;0
64;special_project_facility_spawn;2888.00;9.70;1594.00;3.69;0
64;special_project_facility_spawn;2916.00;9.50;1635.00;4.76;0
64;special_project_facility_spawn;2897.00;9.78;1570.00;4.96;0
64;special_project_facility_spawn;2909.00;9.73;1578.00;3.72;0
64;special_project_facility_spawn;2913.00;9.75;1576.00;1.71;0
64;special_project_facility_spawn;2843.00;9.50;1605.00;0.21;0
64;special_project_facility_spawn;2923.00;9.65;1588.00;5.28;0
64;special_project_facility_spawn;2845.00;9.50;1590.00;2.33;0
64;special_project_facility_spawn;2897.00;9.75;1583.00;3.98;0
64;special_project_facility_spawn;2895.00;9.50;1585.00;4.40;0
64;special_project_facility_spawn;2931.00;9.68;1590.00;3.90;0
64;special_project_facility_spawn;2907.00;9.73;1630.00;4.67;0
64;special_project_facility_spawn;2898.00;9.70;1595.00;2.17;0
64;special_project_facility_spawn;2899.00;9.50;1609.00;3.88;0
64;special_project_facility_spawn;2920.00;9.65;1616.00;2.97;0
64;special_project_facility_spawn;2920.00;9.62;1603.00;4.58;0
64;special_project_facility_spawn;2913.00;9.78;1641.00;4.38;0
64;special_project_facility_spawn;2908.00;9.62;1586.00;3.15;0
64;special_project_facility_spawn;2831.00;9.82;1626.00;5.97;0
64;rocket_site_spawn;2841.00;9.85;1621.00;3.21;0
64;floating_harbor;2908.00;9.50;1624.00;-0.90;97
64;floating_harbor;2895.00;9.50;1601.00;-1.57;366
64;floating_harbor;2918.70;9.50;1537.99;-1.86;1609
64;floating_harbor;2927.95;9.50;1620.95;-0.79;1796
64;floating_harbor;2842.00;9.50;1607.00;0.00;1810
64;floating_harbor;2924.95;9.50;1606.95;-0.79;1848
64;floating_harbor;2916.00;9.50;1630.00;-1.57;1861
64;floating_harbor;2908.00;9.50;1624.00;0.61;1894
64;floating_harbor;2908.00;9.50;1624.00;-1.58;1895
64;floating_harbor;2921.00;9.50;1594.00;0.00;1909
64;floating_harbor;2917.95;9.50;1581.95;-0.79;1952
64;floating_harbor;2908.00;9.50;1624.00;-0.36;1990
64;floating_harbor;2908.00;9.50;1624.00;-0.48;2072
64;floating_harbor;2897.00;9.50;1577.00;0.00;2073
64;floating_harbor;2915.00;9.50;1586.00;-1.57;2142
64;floating_harbor;2853.00;9.50;1590.00;-1.57;2143
64;floating_harbor;2908.00;9.50;1624.00;-3.44;2145
64;floating_harbor;2910.00;9.50;1592.00;-1.57;2191
64;floating_harbor;2915.95;9.50;1575.95;-0.79;2238
64;floating_harbor;2904.00;9.50;1582.00;-1.57;2239
64;floating_harbor;2900.95;9.50;1592.95;-0.79;2240
64;floating_harbor;2915.00;9.50;1577.00;-1.57;2299
64;floating_harbor;2908.00;9.50;1624.00;-1.31;2300
64;floating_harbor;2908.00;9.50;1624.00;-0.57;2301
64;floating_harbor;2908.00;9.50;1624.00;-3.87;2302
65;arms_factory;2428.00;9.95;1632.00;3.47;0
65;arms_factory;2443.00;9.75;1583.00;1.10;0
65;arms_factory;2443.00;9.68;1582.00;3.81;0
65;arms_factory;2432.00;10.05;1668.00;4.59;0
65;arms_factory;2439.00;10.32;1637.00;0.09;0
65;arms_factory;2437.00;11.05;1606.00;5.67;0
65;industrial_complex;2446.00;10.65;1597.00;4.04;0
65;industrial_complex;2443.00;9.90;1614.00;1.43;0
65;industrial_complex;2449.00;9.80;1663.00;3.68;0
65;industrial_complex;2435.00;10.48;1619.00;3.91;0
65;industrial_complex;2446.00;9.80;1659.00;2.11;0
65;industrial_complex;2430.00;10.10;1639.00;6.13;0
65;air_base;2448.00;9.88;1639.00;2.35;0
65;supply_node;2437.00;10.40;1625.00;0.09;0
65;supply_node;2189.00;9.55;1590.00;3.21;0
65;supply_node;2310.00;9.50;1498.00;4.49;0
65;supply_node;2149.00;9.57;1602.00;2.98;0
65;supply_node;2142.00;9.50;1605.00;1.85;0
65;supply_node;2152.00;9.50;1605.00;0.68;0
65;supply_node;2164.00;9.50;1607.00;3.84;0
65;bunker;2166.00;9.53;1608.00;1.68;0
65;bunker;2428.00;9.62;1663.00;1.01;0
65;bunker;2189.00;9.55;1590.00;1.44;0
65;bunker;2150.00;9.50;1607.00;4.18;0
65;bunker;2143.00;9.57;1605.00;3.69;0
65;bunker;2149.00;9.57;1602.00;1.06;0
65;bunker;2312.00;9.50;1498.00;2.31;0
65;coastal_bunker;2424.00;9.50;1629.00;-0.74;0
65;coastal_bunker;2152.00;9.50;1602.00;1.57;0
65;coastal_bunker;2152.00;9.50;1606.00;-3.14;0
65;coastal_bunker;2187.00;9.50;1589.00;-1.57;0
65;coastal_bunker;2140.00;9.50;1606.00;1.57;0
65;coastal_bunker;2309.00;9.50;1498.00;-3.93;0
65;coastal_bunker;2165.00;9.55;1608.00;1.57;0
65;stronghold_network;2430.00;10.25;1633.00;5.73;0
65;dockyard;2418.00;9.50;1608.00;-0.74;0
65;anti_air_building;2430.00;10.65;1617.00;3.28;0
65;anti_air_building;2447.00;9.80;1660.00;3.40;0
65;anti_air_building;2430.00;10.65;1617.00;0.47;0
65;synthetic_refinery;2441.00;9.78;1657.00;1.82;0
65;fuel_silo;2439.00;11.32;1600.00;3.00;0
65;radar_station;2307.00;9.50;1500.00;0.31;0
65;naval_supply_hub;2425.00;9.50;1630.00;-0.74;0
65;naval_supply_hub;2143.00;9.50;1604.00;1.57;0
65;naval_supply_hub;2189.00;9.55;1591.00;-1.57;0
65;naval_supply_hub;2151.00;9.50;1601.00;1.57;0
65;naval_supply_hub;2307.00;9.50;1500.00;-3.93;0
65;naval_supply_hub;2166.00;9.53;1607.00;1.57;0
65;naval_supply_hub;2153.00;9.50;1605.00;-3.14;0
65;naval_headquarters;2313.00;9.50;1497.00;-3.93;0
65;naval_headquarters;2423.00;9.75;1604.00;-0.74;0
65;naval_headquarters;2188.00;9.53;1591.00;-1.57;0
65;naval_headquarters;2151.00;9.50;1606.00;-3.14;0
65;naval_headquarters;2150.00;9.57;1603.00;1.57;0
65;naval_headquarters;2144.00;9.57;1605.00;1.57;0
65;naval_headquarters;2163.00;9.50;1608.00;1.57;0
65;nuclear_reactor_spawn;2455.00;9.80;1663.00;1.10;0
65;special_project_facility_spawn;2445.00;10.85;1593.00;5.56;0
65;special_project_facility_spawn;2154.00;9.50;1606.00;0.73;0
65;special_project_facility_spawn;2190.00;9.55;1590.00;4.14;0
65;special_project_facility_spawn;2163.00;9.50;1607.00;2.05;0
65;special_project_facility_spawn;2143.00;9.57;1605.00;1.41;0
65;special_project_facility_spawn;2312.00;9.50;1498.00;1.11;0
65;special_project_facility_spawn;2149.00;9.57;1602.00;3.83;0
65;rocket_site_spawn;2427.00;9.82;1584.00;4.00;0
65;floating_harbor;2421.27;9.50;1607.84;-3.88;390
65;floating_harbor;2147.00;9.50;1657.00;0.56;1833
65;floating_harbor;2315.95;9.50;1503.95;-0.79;1917
65;floating_harbor;2157.00;9.50;1602.00;-1.57;1954
65;floating_harbor;2150.00;9.50;1605.00;-1.57;2043
65;floating_harbor;2152.00;9.50;1613.00;0.00;2144
66;arms_factory;2464.00;10.05;1919.00;3.81;0
66;arms_factory;2462.00;10.23;1925.00;4.59;0
66;arms_factory;2456.00;10.15;1917.00;0.09;0
66;arms_factory;2461.00;10.45;1916.00;5.67;0
66;arms_factory;2450.00;11.40;1926.00;4.04;0
66;arms_factory;2450.00;10.38;1929.00;1.43;0
66;industrial_complex;2461.00;10.15;1932.00;3.68;0
66;industrial_complex;2463.00;10.23;1927.00;3.91;0
66;industrial_complex;2451.00;10.18;1931.00;2.11;0
66;industrial_complex;2463.00;9.98;1911.00;6.13;0
66;industrial_complex;2460.00;10.28;1913.00;2.35;0
66;industrial_complex;2457.00;10.57;1928.00;1.08;0
66;air_base;2458.00;9.82;1910.00;5.10;0
66;supply_node;2458.00;9.50;1920.00;4.49;0
66;bunker;2453.00;10.07;1932.00;0.50;0
66;coastal_bunker;2468.00;9.85;1915.00;-4.33;0
66;stronghold_network;2455.00;10.25;1917.00;5.20;0
66;dockyard;2467.00;9.50;1921.00;-4.33;0
66;anti_air_building;2465.00;9.93;1919.00;1.68;0
66;anti_air_building;2463.00;10.43;1916.00;1.01;0
66;anti_air_building;2455.00;10.50;1912.00;1.44;0
66;synthetic_refinery;2451.00;10.05;1932.00;4.18;0
66;fuel_silo;2459.00;10.65;1929.00;3.69;0
66;radar_station;2459.00;9.50;1922.00;5.30;0
66;naval_supply_hub;2464.00;9.93;1912.00;-4.33;0
66;naval_headquarters;2465.00;9.88;1913.00;-4.33;0
66;nuclear_reactor_spawn;2453.00;10.85;1913.00;4.03;0
66;special_project_facility_spawn;2460.00;10.40;1931.00;2.32;0
66;rocket_site_spawn;2467.00;9.90;1915.00;3.96;0
66;floating_harbor;2468.50;9.50;1925.60;-1.19;1505
67;arms_factory;2408.00;9.60;1866.00;0.09;0
67;arms_factory;2447.00;10.45;1893.00;5.67;0
67;arms_factory;2444.00;12.80;1915.00;4.04;0
67;arms_factory;2408.00;9.60;1865.00;1.43;0
67;arms_factory;2451.00;10.57;1885.00;3.68;0
67;arms_factory;2429.00;9.70;1868.00;3.91;0
67;industrial_complex;2424.00;9.90;1890.00;2.11;0
67;industrial_complex;2446.00;11.25;1900.00;6.13;0
67;industrial_complex;2422.00;9.70;1874.00;2.35;0
67;industrial_complex;2454.00;9.98;1876.00;1.08;0
67;industrial_complex;2414.00;10.20;1905.00;5.10;0
67;industrial_complex;2421.00;9.70;1864.00;2.07;0
67;air_base;2441.00;10.00;1874.00;0.50;0
67;supply_node;2413.00;10.35;1903.00;1.85;0
67;supply_node;2435.00;10.60;1891.00;0.68;0
67;bunker;2447.00;10.60;1891.00;6.24;0
67;bunker;2419.00;11.28;1905.00;1.68;0
67;coastal_bunker;2459.00;9.80;1900.00;-3.08;0
67;coastal_bunker;2410.00;10.05;1903.00;-1.57;0
67;stronghold_network;2440.00;11.25;1925.00;4.18;0
67;dockyard;2416.00;9.62;1887.00;-0.76;0
67;anti_air_building;2412.00;11.35;1914.00;1.06;0
67;anti_air_building;2414.00;9.50;1861.00;2.31;0
67;anti_air_building;2451.00;11.05;1900.00;0.54;0
67;synthetic_refinery;2436.00;11.07;1928.00;4.03;0
67;fuel_silo;2454.00;10.82;1896.00;2.32;0
67;radar_station;2432.00;11.00;1897.00;5.67;0
67;naval_supply_hub;2408.00;9.85;1910.00;-1.57;0
67;naval_supply_hub;2426.00;10.05;1913.00;-3.08;0
67;naval_headquarters;2463.00;9.90;1887.00;1.11;0
67;naval_headquarters;2409.00;9.50;1893.00;-1.57;0
67;nuclear_reactor_spawn;2444.00;10.50;1891.00;1.49;0
67;special_project_facility_spawn;2423.00;11.38;1906.00;3.28;0
67;special_project_facility_spawn;2416.00;10.82;1907.00;3.40;0
67;rocket_site_spawn;2453.00;10.40;1884.00;0.47;0
67;floating_harbor;2402.00;9.50;1903.00;1.57;1503
67;floating_harbor;2264.00;9.50;1834.00;-4.47;1504
68;arms_factory;3387.00;10.20;1596.00;4.04;0
68;arms_factory;3423.00;10.45;1553.00;1.43;0
68;arms_factory;3380.00;10.53;1666.00;3.68;0
68;arms_factory;3327.00;10.10;1600.00;3.91;0
68;arms_factory;3354.00;10.45;1651.00;2.11;0
68;arms_factory;3391.00;10.20;1598.00;6.13;0
68;industrial_complex;3382.00;10.10;1593.00;2.35;0
68;industrial_complex;3344.00;10.10;1606.00;1.08;0
68;industrial_complex;3473.00;11.98;1602.00;5.10;0
68;industrial_complex;3368.00;10.10;1622.00;2.07;0
68;industrial_complex;3374.00;10.30;1636.00;0.50;0
68;industrial_complex;3419.00;10.62;1634.00;0.36;0
68;air_base;3419.00;10.70;1629.00;5.20;0
68;supply_node;3380.00;10.30;1629.00;3.84;0
68;supply_node;3469.00;11.95;1586.00;2.15;0
68;supply_node;3322.00;9.93;1608.00;4.60;0
68;supply_node;3433.00;10.35;1574.00;2.37;0
68;bunker;3422.00;10.40;1644.00;4.18;0
68;bunker;3472.00;11.78;1599.00;3.69;0
68;bunker;3425.00;10.40;1574.00;1.06;0
68;bunker;3316.00;9.65;1624.00;2.31;0
68;stronghold_network;3437.00;10.32;1568.00;0.54;0
68;anti_air_building;3422.00;10.30;1564.00;4.03;0
68;anti_air_building;3420.00;10.73;1595.00;2.32;0
68;anti_air_building;3348.00;10.20;1624.00;3.96;0
68;synthetic_refinery;3365.00;10.35;1640.00;2.86;0
68;fuel_silo;3346.00;10.32;1629.00;4.43;0
68;radar_station;3396.00;10.50;1613.00;4.48;0
68;nuclear_reactor_spawn;3327.00;10.20;1622.00;5.73;0
68;special_project_facility_spawn;3467.00;11.62;1598.00;1.49;0
68;special_project_facility_spawn;3339.00;10.40;1630.00;3.28;0
68;special_project_facility_spawn;3431.00;10.38;1594.00;3.40;0
68;special_project_facility_spawn;3311.00;9.62;1619.00;0.47;0
68;rocket_site_spawn;3373.00;10.15;1599.00;1.82;0
69;arms_factory;3407.00;10.75;1677.00;3.68;0
69;arms_factory;3396.00;10.43;1695.00;3.91;0
69;arms_factory;3409.00;10.80;1670.00;2.11;0
69;arms_factory;3396.00;10.43;1695.00;6.13;0
69;arms_factory;3380.00;11.45;1689.00;2.35;0
69;arms_factory;3423.00;10.98;1671.00;1.08;0
69;industrial_complex;3407.00;10.78;1668.00;5.10;0
69;industrial_complex;3421.00;10.80;1686.00;2.07;0
69;industrial_complex;3435.00;10.90;1681.00;0.50;0
69;industrial_complex;3421.00;10.80;1684.00;0.36;0
69;industrial_complex;3437.00;10.90;1681.00;5.20;0
69;industrial_complex;3384.00;11.20;1696.00;6.24;0
69;air_base;3417.00;10.57;1656.00;1.68;0
69;supply_node;3412.00;10.68;1681.00;4.60;0
69;bunker;3424.00;10.88;1695.00;1.44;0
69;stronghold_network;3421.00;10.40;1696.00;4.18;0
69;anti_air_building;3424.00;10.65;1699.00;3.69;0
69;anti_air_building;3427.00;10.95;1688.00;1.06;0
69;anti_air_building;3385.00;11.50;1686.00;2.31;0
69;synthetic_refinery;3424.00;11.07;1662.00;0.54;0
69;fuel_silo;3431.00;11.03;1679.00;4.03;0
69;radar_station;3410.00;10.73;1684.00;2.20;0
69;nuclear_reactor_spawn;3400.00;11.03;1676.00;3.96;0
69;special_project_facility_spawn;3379.00;11.20;1697.00;2.86;0
69;rocket_site_spawn;3405.00;10.45;1691.00;4.43;0
70;arms_factory;2947.00;9.75;1560.00;2.11;0
70;arms_factory;2947.00;9.82;1561.00;6.13;0
70;arms_factory;2926.00;9.62;1569.00;2.35;0
70;arms_factory;2924.00;9.50;1568.00;1.08;0
70;arms_factory;2947.00;9.75;1560.00;5.10;0
70;arms_factory;2925.00;9.50;1568.00;2.07;0
70;industrial_complex;2936.00;9.62;1551.00;0.50;0
70;industrial_complex;2924.00;9.50;1568.00;0.36;0
70;industrial_complex;2936.00;9.50;1553.00;5.20;0
70;industrial_complex;2926.00;9.62;1569.00;6.24;0
70;industrial_complex;2923.00;9.50;1569.00;1.68;0
70;industrial_complex;2923.00;9.50;1568.00;1.01;0
70;air_base;2947.00;9.75;1560.00;1.44;0
70;supply_node;2947.00;9.82;1561.00;1.29;0
70;supply_node;2935.00;9.50;1549.00;4.78;0
70;supply_node;2924.00;9.50;1568.00;5.30;0
70;bunker;2946.00;9.70;1560.00;2.31;0
70;bunker;2925.00;9.62;1569.00;0.54;0
70;bunker;2935.00;9.50;1551.00;4.03;0
70;coastal_bunker;2925.00;9.50;1568.00;1.57;0
70;coastal_bunker;2944.00;9.50;1560.00;-1.57;0
70;coastal_bunker;2935.00;9.50;1549.00;-3.93;0
70;stronghold_network;2923.00;9.50;1568.00;4.43;0
70;dockyard;2946.00;9.70;1558.00;-1.57;0
70;anti_air_building;2925.00;9.62;1569.00;5.73;0
70;anti_air_building;2936.00;9.50;1553.00;1.49;0
70;anti_air_building;2926.00;9.62;1569.00;3.28;0
70;synthetic_refinery;2926.00;9.62;1569.00;3.40;0
70;fuel_silo;2935.00;9.50;1551.00;0.47;0
70;radar_station;2936.00;9.50;1553.00;5.55;0
70;naval_supply_hub;2948.00;9.73;1560.00;-1.57;0
70;naval_supply_hub;2925.00;9.50;1567.00;1.57;0
70;naval_supply_hub;2936.00;9.50;1548.00;-3.93;0
70;naval_headquarters;2936.00;9.50;1548.00;-3.93;0
70;naval_headquarters;2951.00;9.73;1565.00;-1.57;0
70;naval_headquarters;2926.00;9.62;1569.00;1.57;0
70;nuclear_reactor_spawn;2926.00;9.62;1569.00;4.77;0
70;special_project_facility_spawn;2936.00;9.50;1552.00;3.99;0
70;special_project_facility_spawn;2925.00;9.50;1568.00;1.80;0
70;special_project_facility_spawn;2946.00;9.73;1561.00;2.69;0
70;rocket_site_spawn;2924.00;9.50;1568.00;1.66;0
70;floating_harbor;2908.00;9.50;1624.00;0.55;1824
70;floating_harbor;2940.95;9.50;1554.95;-0.79;2237
70;floating_harbor;2932.00;9.50;1568.00;-1.57;2298
71;arms_factory;3026.00;9.73;1539.00;2.35;0
71;arms_factory;3010.00;9.75;1538.00;1.08;0
71;arms_factory;3018.00;9.62;1533.00;5.10;0
71;arms_factory;3028.00;9.75;1544.00;2.07;0
71;arms_factory;3022.00;9.98;1542.00;0.50;0
71;arms_factory;3010.00;9.75;1538.00;0.36;0
71;industrial_complex;3024.00;9.93;1542.00;5.20;0
71;industrial_complex;3020.00;9.78;1536.00;6.24;0
71;industrial_complex;3030.00;9.80;1544.00;1.68;0
71;industrial_complex;3019.00;9.98;1539.00;1.01;0
71;industrial_complex;3013.00;9.90;1540.00;1.44;0
71;industrial_complex;3023.00;10.03;1541.00;4.18;0
71;air_base;3021.00;9.68;1535.00;3.69;0
71;supply_node;3022.00;10.05;1540.00;5.30;0
71;bunker;3021.00;9.75;1536.00;2.31;0
71;coastal_bunker;3015.00;9.70;1542.00;-4.25;0
71;stronghold_network;3025.00;9.75;1538.00;4.03;0
71;dockyard;3010.00;9.50;1535.00;-4.25;0
71;anti_air_building;3013.00;9.95;1538.00;3.96;0
71;anti_air_building;3023.00;9.82;1544.00;2.86;0
71;anti_air_building;3026.00;9.85;1542.00;4.43;0
71;synthetic_refinery;3017.00;10.05;1538.00;5.94;0
71;fuel_silo;3019.00;9.82;1536.00;5.73;0
71;radar_station;3026.00;9.85;1542.00;3.10;0
71;naval_supply_hub;3028.00;9.50;1539.00;-4.25;0
71;naval_headquarters;3032.00;9.60;1539.00;-4.25;0
71;nuclear_reactor_spawn;3021.00;9.82;1544.00;0.47;0
71;special_project_facility_spawn;3018.00;10.00;1538.00;1.82;0
71;rocket_site_spawn;3022.00;9.93;1543.00;3.00;0
72;arms_factory;4043.00;10.40;1140.00;5.10;0
72;arms_factory;4037.00;10.40;1142.00;2.07;0
72;arms_factory;4053.00;10.25;1148.00;0.50;0
72;arms_factory;4031.00;9.68;1166.00;0.36;0
72;arms_factory;4042.00;10.23;1134.00;5.20;0
72;arms_factory;4040.00;10.10;1161.00;6.24;0
72;industrial_complex;4058.00;10.20;1146.00;1.68;0
72;industrial_complex;4028.00;9.60;1169.00;1.01;0
72;industrial_complex;4062.00;10.20;1157.00;1.44;0
72;industrial_complex;4027.00;9.53;1125.00;4.18;0
72;industrial_complex;4017.00;9.80;1142.00;3.69;0
72;industrial_complex;4040.00;10.40;1137.00;1.06;0
72;air_base;4066.00;10.10;1152.00;2.31;0
72;supply_node;4044.00;10.28;1153.00;5.04;0
72;bunker;4063.00;10.10;1152.00;4.03;0
72;coastal_bunker;4022.00;9.50;1131.00;-0.85;0
72;stronghold_network;4068.00;10.57;1182.00;3.96;0
72;dockyard;4028.00;9.53;1125.00;-0.85;0
72;anti_air_building;4047.00;10.43;1142.00;4.43;0
72;anti_air_building;4059.00;10.23;1157.00;5.94;0
72;anti_air_building;4068.00;10.35;1172.00;5.73;0
72;synthetic_refinery;4064.00;10.45;1180.00;1.49;0
72;fuel_silo;4062.00;10.30;1168.00;3.28;0
72;radar_station;4042.00;10.23;1157.00;3.89;0
72;naval_supply_hub;4028.00;9.53;1125.00;-0.85;0
72;naval_headquarters;4033.00;9.50;1123.00;-0.85;0
72;nuclear_reactor_spawn;4056.00;10.30;1177.00;3.00;0
72;special_project_facility_spawn;4021.00;10.62;1152.00;5.79;0
72;rocket_site_spawn;4035.00;9.95;1150.00;0.55;0
73;arms_factory;3936.00;10.53;1253.00;0.50;0
73;arms_factory;3963.00;10.15;1179.00;0.36;0
73;arms_factory;3958.00;11.10;1222.00;5.20;0
73;arms_factory;4003.00;10.00;1164.00;6.24;0
73;arms_factory;4032.00;13.07;1236.00;1.68;0
73;arms_factory;4040.00;12.35;1205.00;1.01;0
73;industrial_complex;3952.00;12.15;1246.00;1.44;0
73;industrial_complex;4011.00;10.05;1156.00;4.18;0
73;industrial_complex;4022.00;16.83;1221.00;3.69;0
73;industrial_complex;4037.00;11.40;1202.00;1.06;0
73;industrial_complex;3972.00;12.35;1250.00;2.31;0
73;industrial_complex;3960.00;12.15;1237.00;0.54;0
73;air_base;4006.00;10.10;1193.00;4.03;0
73;supply_node;4002.00;14.90;1218.00;2.20;0
73;supply_node;4028.00;10.50;1185.00;5.67;0
73;supply_node;3965.00;11.78;1261.00;3.48;0
73;supply_node;3987.00;9.95;1182.00;1.08;0
73;supply_node;3962.00;10.25;1154.00;4.48;0
73;supply_node;3984.00;10.62;1056.00;3.13;0
73;supply_node;3993.00;9.68;1162.00;3.10;0
73;supply_node;3946.00;9.50;1080.00;5.64;0
73;bunker;3959.00;10.07;1084.00;3.40;0
73;bunker;4036.00;10.43;1193.00;0.47;0
73;bunker;4027.00;15.57;1235.00;1.82;0
73;bunker;4007.00;10.10;1189.00;3.00;0
73;bunker;3962.00;10.20;1194.00;5.79;0
73;bunker;3978.00;13.10;1255.00;0.55;0
73;bunker;3985.00;9.60;1162.00;0.79;0
73;bunker;3946.00;9.50;1084.00;0.89;0
73;coastal_bunker;3971.00;9.53;1165.00;0.27;0
73;coastal_bunker;3960.00;9.50;1072.00;-2.07;0
73;coastal_bunker;3993.00;9.53;1159.00;-0.79;0
73;coastal_bunker;3979.00;9.50;1172.00;-0.61;0
73;coastal_bunker;4006.00;9.53;1151.00;-0.56;0
73;coastal_bunker;3946.00;9.50;1081.00;-3.14;0
73;stronghold_network;3946.00;11.60;1250.00;3.55;0
73;dockyard;3974.00;9.50;1078.00;-4.51;0
73;anti_air_building;4030.00;10.50;1185.00;5.64;0
73;anti_air_building;3965.00;9.65;1069.00;1.30;0
73;anti_air_building;3949.00;9.78;1103.00;4.74;0
73;synthetic_refinery;3970.00;9.60;1165.00;1.10;0
73;fuel_silo;4004.00;10.53;1199.00;5.56;0
73;radar_station;3993.00;10.00;1168.00;6.05;0
73;naval_supply_hub;3948.00;9.60;1087.00;-0.19;0
73;naval_supply_hub;3976.00;9.50;1172.00;-0.61;0
73;naval_supply_hub;3996.00;9.62;1056.00;-4.51;0
73;naval_supply_hub;4002.00;9.50;1151.00;-0.79;0
73;naval_supply_hub;3946.00;9.50;1081.00;-3.14;0
73;naval_supply_hub;4008.00;9.50;1149.00;-0.56;0
73;naval_headquarters;3975.00;9.50;1077.00;-4.51;0
73;naval_headquarters;3968.00;9.70;1099.00;0.27;0
73;naval_headquarters;4000.00;9.50;1155.00;-0.79;0
73;naval_headquarters;3979.00;9.50;1172.00;-0.61;0
73;naval_headquarters;3947.00;9.50;1083.00;-3.14;0
73;naval_headquarters;4008.00;9.50;1151.00;-0.56;0
73;nuclear_reactor_spawn;4000.00;9.90;1176.00;0.15;0
73;special_project_facility_spawn;3960.00;10.30;1171.00;0.76;0
73;special_project_facility_spawn;4041.00;10.38;1188.00;5.43;0
73;special_project_facility_spawn;4003.00;18.33;1228.00;1.39;0
73;special_project_facility_spawn;4008.00;10.07;1040.00;5.28;0
73;special_project_facility_spawn;3987.00;15.60;1265.00;4.33;0
73;special_project_facility_spawn;3986.00;9.90;1180.00;0.66;0
73;special_project_facility_spawn;3992.00;9.93;1167.00;2.86;0
73;special_project_facility_spawn;3946.00;9.50;1082.00;5.37;0
73;rocket_site_spawn;4000.00;10.12;1194.00;1.14;0
73;floating_harbor;4002.27;9.50;1144.07;-3.70;232
73;floating_harbor;3975.99;9.50;1166.27;-3.75;370
73;floating_harbor;3878.00;9.50;1010.00;-3.81;410
73;floating_harbor;4000.86;9.50;1059.37;-1.37;529
73;floating_harbor;3985.05;9.50;1154.05;-3.93;545
74;arms_factory;2927.00;10.78;924.00;5.20;0
74;arms_factory;2933.00;10.70;893.00;6.24;0
74;arms_factory;2941.00;10.75;891.00;1.68;0
74;arms_factory;2966.00;10.78;937.00;1.01;0
74;arms_factory;2949.00;11.18;956.00;1.44;0
74;arms_factory;2927.00;10.32;916.00;4.18;0
74;industrial_complex;2917.00;10.23;907.00;3.69;0
74;industrial_complex;2925.00;10.98;949.00;1.06;0
74;industrial_complex;2924.00;11.48;958.00;2.31;0
74;industrial_complex;2944.00;10.78;1008.00;0.54;0
74;industrial_complex;2954.00;10.68;1006.00;4.03;0
74;industrial_complex;2901.00;10.80;1017.00;2.32;0
74;air_base;2890.00;11.35;971.00;3.96;0
74;supply_node;2927.00;10.78;924.00;3.48;0
74;supply_node;2923.00;11.00;1010.00;1.08;0
74;bunker;2929.00;10.32;916.00;5.94;0
74;bunker;2921.00;11.07;1040.00;5.73;0
74;stronghold_network;2908.00;11.10;1023.00;1.49;0
74;anti_air_building;2887.00;12.30;966.00;3.28;0
74;anti_air_building;2923.00;10.23;893.00;3.40;0
74;anti_air_building;2949.00;10.88;889.00;0.47;0
74;synthetic_refinery;2948.00;11.53;952.00;1.82;0
74;fuel_silo;2941.00;10.45;899.00;3.00;0
74;radar_station;2928.00;10.62;984.00;0.31;0
74;nuclear_reactor_spawn;2922.00;10.53;940.00;0.55;0
74;special_project_facility_spawn;2955.00;10.53;980.00;0.79;0
74;special_project_facility_spawn;2898.00;12.38;967.00;0.89;0
74;rocket_site_spawn;2929.00;10.12;910.00;5.31;0
75;arms_factory;2866.00;10.45;1104.00;1.68;0
75;arms_factory;2869.00;10.40;1112.00;1.01;0
75;arms_factory;2871.00;10.53;1103.00;1.44;0
75;arms_factory;2873.00;10.60;1085.00;4.18;0
75;arms_factory;2839.00;10.40;1084.00;3.69;0
75;arms_factory;2884.00;10.45;1106.00;1.06;0
75;industrial_complex;2874.00;10.50;1097.00;2.31;0
75;industrial_complex;2827.00;10.10;1098.00;0.54;0
75;industrial_complex;2862.00;10.73;1075.00;4.03;0
75;industrial_complex;2863.00;10.62;1087.00;2.32;0
75;industrial_complex;2827.00;10.40;1088.00;3.96;0
75;industrial_complex;2874.00;10.50;1101.00;2.86;0
75;air_base;2888.00;10.60;1092.00;4.43;0
75;supply_node;2860.00;10.50;1089.00;4.48;0
75;bunker;2849.00;10.55;1084.00;5.73;0
75;stronghold_network;2837.00;10.43;1082.00;1.49;0
75;anti_air_building;2892.00;11.03;1077.00;3.28;0
75;anti_air_building;2883.00;10.50;1106.00;3.40;0
75;anti_air_building;2847.00;10.28;1091.00;0.47;0
75;synthetic_refinery;2875.00;10.60;1079.00;1.82;0
75;fuel_silo;2891.00;10.98;1078.00;3.00;0
75;radar_station;2858.00;10.43;1090.00;0.31;0
75;nuclear_reactor_spawn;2867.00;10.70;1089.00;0.55;0
75;special_project_facility_spawn;2846.00;10.10;1096.00;0.79;0
75;rocket_site_spawn;2860.00;10.30;1108.00;0.89;0
76;arms_factory;2796.00;9.78;1140.00;1.44;0
76;arms_factory;2830.00;10.03;1163.00;4.18;0
76;arms_factory;2820.00;9.88;1165.00;3.69;0
76;arms_factory;2854.00;9.90;1175.00;1.06;0
76;arms_factory;2846.00;9.88;1181.00;2.31;0
76;arms_factory;2861.00;10.30;1150.00;0.54;0
76;industrial_complex;2756.00;9.55;1177.00;4.03;0
76;industrial_complex;2824.00;9.70;1196.00;2.32;0
76;industrial_complex;2802.00;10.00;1088.00;3.96;0
76;industrial_complex;2797.00;10.00;1085.00;2.86;0
76;industrial_complex;2810.00;9.80;1130.00;4.43;0
76;industrial_complex;2752.00;9.60;1189.00;5.94;0
76;supply_node;2810.00;9.82;1150.00;3.13;0
76;bunker;2858.00;9.90;1181.00;1.49;0
76;stronghold_network;2845.00;9.85;1204.00;3.28;0
76;anti_air_building;2827.00;9.98;1147.00;3.40;0
76;anti_air_building;2800.00;9.80;1150.00;0.47;0
76;anti_air_building;2816.00;10.03;1103.00;1.82;0
76;synthetic_refinery;2838.00;10.10;1167.00;3.00;0
76;fuel_silo;2786.00;9.80;1160.00;5.79;0
76;radar_station;2811.00;9.82;1143.00;2.59;0
76;nuclear_reactor_spawn;2765.00;9.90;1186.00;0.79;0
76;special_project_facility_spawn;2833.00;10.00;1140.00;0.89;0
76;rocket_site_spawn;2864.00;9.80;1193.00;5.31;0
77;arms_factory;2653.00;9.90;1334.00;3.69;0
77;arms_factory;2642.00;9.85;1319.00;1.06;0
77;arms_factory;2555.00;11.23;1238.00;2.31;0
77;arms_factory;2637.00;10.15;1310.00;0.54;0
77;arms_factory;2621.00;9.82;1343.00;4.03;0
77;arms_factory;2605.00;10.78;1301.00;2.32;0
77;industrial_complex;2520.00;9.80;1277.00;3.96;0
77;industrial_complex;2648.00;9.95;1311.00;2.86;0
77;industrial_complex;2561.00;11.23;1320.00;4.43;0
77;industrial_complex;2595.00;10.28;1353.00;5.94;0
77;industrial_complex;2662.00;10.18;1285.00;5.73;0
77;industrial_complex;2558.00;11.30;1311.00;1.49;0
77;air_base;2651.00;10.12;1275.00;3.28;0
77;supply_node;2610.00;11.85;1273.00;3.89;0
77;supply_node;2651.00;10.30;1317.00;2.82;0
77;supply_node;2602.00;10.23;1337.00;5.55;0
77;supply_node;2546.00;10.85;1285.00;1.62;0
77;bunker;2606.00;11.35;1251.00;5.79;0
77;bunker;2643.00;10.05;1309.00;0.55;0
77;bunker;2564.00;10.73;1294.00;0.79;0
77;bunker;2628.00;10.03;1338.00;0.89;0
77;stronghold_network;2564.00;12.18;1252.00;5.31;0
77;anti_air_building;2566.00;10.75;1234.00;4.77;0
77;anti_air_building;2557.00;11.53;1307.00;3.99;0
77;anti_air_building;2570.00;11.62;1338.00;1.80;0
77;synthetic_refinery;2574.00;10.18;1301.00;2.69;0
77;fuel_silo;2594.00;10.25;1307.00;1.66;0
77;radar_station;2592.00;10.93;1300.00;4.24;0
77;nuclear_reactor_spawn;2595.00;11.30;1301.00;2.24;0
77;special_project_facility_spawn;2550.00;11.40;1244.00;5.64;0
77;special_project_facility_spawn;2569.00;10.98;1331.00;1.30;0
77;special_project_facility_spawn;2626.00;10.45;1281.00;4.74;0
77;special_project_facility_spawn;2665.00;9.90;1309.00;1.10;0
77;rocket_site_spawn;2547.00;9.95;1261.00;5.56;0
78;arms_factory;2581.00;9.93;1500.00;2.31;0
78;arms_factory;2525.00;12.45;1395.00;0.54;0
78;arms_factory;2605.00;10.28;1446.00;4.03;0
78;arms_factory;2539.00;11.57;1460.00;2.32;0
78;arms_factory;2573.00;9.93;1465.00;3.96;0
78;arms_factory;2590.00;10.30;1429.00;2.86;0
78;industrial_complex;2605.00;9.70;1477.00;4.43;0
78;industrial_complex;2593.00;9.95;1453.00;5.94;0
78;industrial_complex;2558.00;10.38;1391.00;5.73;0
78;industrial_complex;2511.00;10.82;1419.00;1.49;0
78;industrial_complex;2504.00;13.28;1363.00;3.28;0
78;industrial_complex;2507.00;12.80;1370.00;3.40;0
78;air_base;2501.00;10.90;1401.00;0.47;0
78;supply_node;2470.00;10.53;1420.00;5.55;0
78;supply_node;2519.00;13.93;1369.00;1.62;0
78;supply_node;2520.00;10.85;1419.00;0.31;0
78;supply_node;2609.00;16.23;1549.00;2.59;0
78;supply_node;2494.00;10.50;1425.00;5.01;0
78;supply_node;2607.00;9.82;1471.00;5.14;0
78;supply_node;2556.00;10.38;1455.00;2.86;0
78;supply_node;2531.00;11.43;1468.00;3.24;0
78;supply_node;2590.00;11.10;1520.00;3.25;0
78;supply_node;2454.00;12.82;1397.00;6.07;0
78;supply_node;2611.00;10.10;1410.00;4.21;0
78;supply_node;2577.00;10.55;1363.00;4.49;0
78;supply_node;2572.00;10.40;1416.00;4.24;0
78;bunker;2513.00;10.53;1418.00;2.24;0
78;bunker;2526.00;11.65;1383.00;5.64;0
78;bunker;2482.00;11.00;1423.00;1.30;0
78;bunker;2622.00;9.70;1405.00;4.74;0
78;bunker;2595.00;14.68;1552.00;1.10;0
78;bunker;2596.00;9.95;1502.00;5.56;0
78;bunker;2576.00;10.05;1413.00;0.73;0
78;bunker;2473.00;13.35;1390.00;4.14;0
78;bunker;2614.00;9.85;1486.00;2.05;0
78;bunker;2533.00;10.95;1441.00;1.41;0
78;bunker;2548.00;11.45;1453.00;1.11;0
78;bunker;2589.00;10.10;1371.00;3.83;0
78;bunker;2486.00;10.88;1415.00;4.00;0
78;coastal_bunker;2613.00;10.00;1574.00;-2.93;0
78;coastal_bunker;2586.00;10.50;1568.00;-2.85;0
78;coastal_bunker;2510.00;9.73;1542.00;-2.87;0
78;stronghold_network;2570.00;10.57;1418.00;2.90;0
78;dockyard;2585.00;10.57;1568.00;-2.85;0
78;anti_air_building;2524.00;10.40;1446.00;5.73;0
78;anti_air_building;2464.00;9.98;1427.00;0.15;0
78;anti_air_building;2551.00;10.55;1407.00;0.76;0
78;synthetic_refinery;2585.00;9.88;1478.00;5.43;0
78;fuel_silo;2515.00;10.78;1470.00;1.39;0
78;radar_station;2530.00;10.45;1450.00;5.80;0
78;naval_supply_hub;2565.00;9.75;1565.00;-2.85;0
78;naval_supply_hub;2594.00;10.38;1571.00;-2.93;0
78;naval_supply_hub;2510.00;9.73;1542.00;-2.87;0
78;naval_headquarters;2598.00;10.23;1571.00;-2.93;0
78;naval_headquarters;2573.00;9.98;1567.00;-2.85;0
78;naval_headquarters;2509.00;9.82;1542.00;-2.87;0
78;nuclear_reactor_spawn;2466.00;11.32;1414.00;0.63;0
78;special_project_facility_spawn;2547.00;10.60;1458.00;1.42;0
78;special_project_facility_spawn;2589.00;10.00;1377.00;1.96;0
78;special_project_facility_spawn;2576.00;11.25;1542.00;0.90;0
78;special_project_facility_spawn;2558.00;10.60;1411.00;1.15;0
78;special_project_facility_spawn;2478.00;10.20;1434.00;0.91;0
78;special_project_facility_spawn;2616.00;10.30;1420.00;3.39;0
78;special_project_facility_spawn;2500.00;11.12;1398.00;2.04;0
78;special_project_facility_spawn;2517.00;10.35;1450.00;0.86;0
78;special_project_facility_spawn;2496.00;10.30;1434.00;5.05;0
78;special_project_facility_spawn;2583.00;9.80;1467.00;3.41;0
78;special_project_facility_spawn;2607.00;10.73;1572.00;1.64;0
78;special_project_facility_spawn;2458.00;14.73;1388.00;2.74;0
78;special_project_facility_spawn;2537.00;12.30;1429.00;6.07;0
78;rocket_site_spawn;2610.00;9.80;1387.00;0.93;0
78;floating_harbor;2602.51;9.50;1578.84;0.21;228
78;floating_harbor;2508.11;9.50;1549.74;0.27;442
79;arms_factory;2992.00;9.85;557.00;4.03;0
79;arms_factory;2893.00;9.90;527.00;2.32;0
79;arms_factory;2859.00;11.28;443.00;3.96;0
79;arms_factory;2839.00;10.05;398.00;2.86;0
79;arms_factory;2960.00;10.20;461.00;4.43;0
79;arms_factory;3000.00;10.25;495.00;5.94;0
79;industrial_complex;2869.00;10.03;520.00;5.73;0
79;industrial_complex;2967.00;10.00;466.00;1.49;0
79;industrial_complex;2972.00;9.70;584.00;3.28;0
79;industrial_complex;2960.00;9.80;568.00;3.40;0
79;industrial_complex;2841.00;9.98;520.00;0.47;0
79;industrial_complex;2972.00;10.10;511.00;1.82;0
79;air_base;2846.00;10.43;406.00;3.00;0
79;supply_node;2817.00;11.05;439.00;0.31;0
79;supply_node;2942.00;10.30;444.00;2.59;0
79;supply_node;2892.00;10.38;401.00;5.01;0
79;supply_node;2927.00;9.90;506.00;5.14;0
79;supply_node;2831.00;10.00;397.00;2.86;0
79;supply_node;2930.00;10.73;417.00;3.24;0
79;supply_node;2847.00;9.90;515.00;3.25;0
79;supply_node;2893.00;10.75;443.00;6.07;0
79;supply_node;2971.00;10.00;466.00;4.21;0
79;supply_node;2879.00;10.70;423.00;4.49;0
79;supply_node;2913.00;10.23;403.00;4.24;0
79;supply_node;2970.00;10.07;547.00;2.78;0
79;supply_node;3000.00;10.25;495.00;2.16;0
79;supply_node;2842.00;12.73;423.00;5.91;0
79;supply_node;2905.00;11.43;413.00;5.56;0
79;supply_node;2891.00;10.30;476.00;1.90;0
79;supply_node;2865.00;10.90;409.00;5.70;0
79;supply_node;2828.00;11.28;474.00;6.05;0
79;supply_node;2890.00;9.90;524.00;2.06;0
79;bunker;2969.00;9.70;563.00;2.05;0
79;bunker;2909.00;9.85;538.00;1.41;0
79;bunker;2820.00;10.40;420.00;1.11;0
79;bunker;2835.00;10.40;488.00;3.83;0
79;bunker;2943.00;10.03;492.00;4.00;0
79;bunker;2821.00;9.60;390.00;4.79;0
79;bunker;2900.00;9.95;500.00;3.42;0
79;bunker;2848.00;10.10;493.00;5.39;0
79;bunker;2874.00;10.53;439.00;2.90;0
79;bunker;2963.00;9.90;491.00;4.45;0
79;bunker;2882.00;11.20;409.00;5.73;0
79;bunker;2901.00;11.35;411.00;0.15;0
79;bunker;2987.00;9.90;481.00;0.76;0
79;bunker;2923.00;10.00;452.00;5.43;0
79;bunker;2842.00;23.35;438.00;1.39;0
79;bunker;2883.00;9.90;398.00;5.28;0
79;bunker;2861.00;11.40;421.00;4.33;0
79;bunker;2940.00;10.68;424.00;0.66;0
79;bunker;2910.00;10.70;404.00;2.86;0
79;coastal_bunker;2973.00;9.50;441.00;0.51;0
79;coastal_bunker;2797.00;9.50;457.00;-1.52;0
79;coastal_bunker;2811.00;9.50;404.00;-1.62;0
79;coastal_bunker;2903.00;9.73;393.00;-0.14;0
79;coastal_bunker;2953.00;9.73;419.00;0.76;0
79;coastal_bunker;2810.00;9.50;429.00;-0.79;0
79;coastal_bunker;2991.00;9.50;467.00;-0.35;0
79;coastal_bunker;2938.00;9.50;406.00;0.98;0
79;coastal_bunker;2866.00;9.50;394.00;0.32;0
79;coastal_bunker;2917.00;9.50;400.00;0.20;0
79;coastal_bunker;2905.00;9.50;396.00;-0.06;0
79;stronghold_network;2843.00;10.57;534.00;0.86;0
79;dockyard;2787.00;9.50;485.00;-1.52;0
79;anti_air_building;2911.00;10.12;455.00;3.41;0
79;anti_air_building;2879.00;10.30;499.00;1.64;0
79;anti_air_building;2994.00;9.88;590.00;2.74;0
79;synthetic_refinery;2931.00;10.73;417.00;6.07;0
79;fuel_silo;2918.00;11.45;410.00;0.93;0
79;radar_station;2886.00;10.20;491.00;0.35;0
79;naval_supply_hub;2959.00;9.73;426.00;0.76;0
79;naval_supply_hub;2804.00;9.50;444.00;-0.79;0
79;naval_supply_hub;3011.00;9.50;495.00;-4.59;0
79;naval_supply_hub;2824.00;9.50;388.00;0.32;0
79;naval_supply_hub;2971.00;9.50;438.00;0.51;0
79;naval_supply_hub;2904.00;9.75;395.00;-0.06;0
79;naval_supply_hub;2914.00;9.82;396.00;0.20;0
79;naval_supply_hub;2874.00;9.50;395.00;0.32;0
79;naval_supply_hub;2790.00;9.50;480.00;-1.52;0
79;naval_supply_hub;2885.00;9.50;396.00;-0.14;0
79;naval_supply_hub;2946.00;9.80;413.00;0.98;0
79;naval_headquarters;2988.00;9.50;465.00;0.51;0
79;naval_headquarters;2834.00;9.55;383.00;0.32;0
79;naval_headquarters;2933.00;9.50;403.00;0.98;0
79;naval_headquarters;2887.00;9.50;396.00;-0.14;0
79;naval_headquarters;2805.00;9.68;444.00;-0.79;0
79;naval_headquarters;2798.00;9.50;455.00;-1.52;0
79;naval_headquarters;3008.00;9.65;491.00;-4.59;0
79;naval_headquarters;2964.00;9.70;432.00;0.76;0
79;naval_headquarters;2863.00;9.50;392.00;0.32;0
79;naval_headquarters;2911.00;9.50;395.00;0.20;0
79;naval_headquarters;2904.00;9.73;394.00;-0.06;0
79;nuclear_reactor_spawn;2924.00;11.25;416.00;2.76;0
79;special_project_facility_spawn;2880.00;10.30;482.00;3.49;0
79;special_project_facility_spawn;2905.00;10.18;457.00;2.70;0
79;special_project_facility_spawn;2949.00;9.90;570.00;5.78;0
79;special_project_facility_spawn;2832.00;10.88;413.00;2.02;0
79;special_project_facility_spawn;2904.00;11.43;419.00;0.36;0
79;special_project_facility_spawn;2889.00;10.10;494.00;3.47;0
79;special_project_facility_spawn;2942.00;10.30;440.00;5.18;0
79;special_project_facility_spawn;2830.00;10.00;398.00;2.32;0
79;special_project_facility_spawn;2922.00;10.07;481.00;1.92;0
79;special_project_facility_spawn;2964.00;10.10;466.00;5.68;0
79;special_project_facility_spawn;2857.00;11.05;464.00;3.37;0
79;special_project_facility_spawn;2939.00;10.73;419.00;2.94;0
79;special_project_facility_spawn;2837.00;10.07;522.00;2.43;0
79;special_project_facility_spawn;2862.00;11.95;432.00;3.90;0
79;special_project_facility_spawn;2870.00;10.68;434.00;0.43;0
79;special_project_facility_spawn;2823.00;11.20;437.00;3.62;0
79;special_project_facility_spawn;2913.00;10.95;407.00;4.56;0
79;special_project_facility_spawn;2895.00;10.95;405.00;2.92;0
79;special_project_facility_spawn;2986.00;9.95;488.00;2.11;0
79;rocket_site_spawn;2905.00;9.98;532.00;5.76;0
79;floating_harbor;2802.05;9.50;424.05;-3.93;4
79;floating_harbor;2963.81;9.50;420.91;-2.38;38
79;floating_harbor;2890.01;9.50;387.07;-3.28;96
79;floating_harbor;2836.21;9.50;381.36;-2.82;172
79;floating_harbor;2947.82;9.50;405.12;-2.16;198
79;floating_harbor;2983.43;9.50;443.90;-2.63;305
79;floating_harbor;2915.37;9.50;391.14;-2.94;322
79;floating_harbor;3014.95;9.50;496.87;-1.45;574
79;floating_harbor;2903.61;9.50;388.01;-3.20;606
79;floating_harbor;2872.21;9.50;387.36;-2.82;671
80;arms_factory;4158.00;9.57;1001.00;3.96;0
80;arms_factory;4176.00;9.60;996.00;2.86;0
80;arms_factory;4176.00;9.60;995.00;4.43;0
80;arms_factory;4171.00;9.50;1016.00;5.94;0
80;arms_factory;4164.00;9.50;1010.00;5.73;0
80;arms_factory;4234.00;9.50;1040.00;1.49;0
80;industrial_complex;4179.00;9.60;1000.00;3.28;0
80;industrial_complex;4142.00;9.70;988.00;3.40;0
80;industrial_complex;4151.00;9.60;997.00;0.47;0
80;industrial_complex;4146.00;9.55;997.00;1.82;0
80;industrial_complex;4162.00;9.50;1003.00;3.00;0
80;industrial_complex;4214.00;9.60;1049.00;5.79;0
80;air_base;4180.00;9.62;1015.00;0.55;0
80;supply_node;4205.00;9.60;1032.00;5.01;0
80;supply_node;4165.00;9.60;996.00;5.14;0
80;supply_node;4135.00;9.62;984.00;2.86;0
80;supply_node;4221.00;9.50;1019.00;3.24;0
80;supply_node;4213.00;9.50;1069.00;3.25;0
80;bunker;4241.00;9.50;1039.00;1.80;0
80;bunker;4168.00;9.50;1011.00;2.69;0
80;bunker;4142.00;9.78;984.00;1.66;0
80;bunker;4214.00;9.50;1069.00;3.55;0
80;bunker;4221.00;9.50;1020.00;2.24;0
80;coastal_bunker;4205.00;9.50;1057.00;-3.19;0
80;coastal_bunker;4121.00;9.50;976.00;-1.34;0
80;coastal_bunker;4158.00;9.50;1008.00;-2.98;0
80;coastal_bunker;4213.00;9.50;1071.00;-3.14;0
80;coastal_bunker;4223.00;9.50;1018.00;1.57;0
80;stronghold_network;4133.00;9.57;977.00;0.73;0
80;dockyard;4191.00;9.50;1037.00;-3.19;0
80;anti_air_building;4140.00;9.55;995.00;2.05;0
80;anti_air_building;4146.00;9.70;989.00;1.41;0
80;anti_air_building;4199.00;9.50;1046.00;1.11;0
80;synthetic_refinery;4162.00;9.50;1011.00;3.83;0
80;fuel_silo;4152.00;9.70;981.00;4.00;0
80;radar_station;4175.00;9.53;1019.00;4.05;0
80;naval_supply_hub;4130.00;9.50;995.00;-3.46;0
80;naval_supply_hub;4223.00;9.50;1018.00;1.57;0
80;naval_supply_hub;4160.00;9.50;1012.00;-2.98;0
80;naval_supply_hub;4229.00;9.50;1023.00;-4.63;0
80;naval_supply_hub;4214.00;9.53;1071.00;-3.14;0
80;naval_headquarters;4225.00;9.50;1048.00;-4.63;0
80;naval_headquarters;4152.00;9.50;1002.00;-2.98;0
80;naval_headquarters;4130.00;9.50;995.00;-3.46;0
80;naval_headquarters;4212.00;9.50;1068.00;-3.14;0
80;naval_headquarters;4224.00;9.50;1018.00;1.57;0
80;nuclear_reactor_spawn;4172.00;9.60;1009.00;4.33;0
80;special_project_facility_spawn;4190.00;9.50;1032.00;0.66;0
80;special_project_facility_spawn;4142.00;9.50;997.00;2.86;0
80;special_project_facility_spawn;4162.00;9.60;992.00;5.37;0
80;special_project_facility_spawn;4214.00;9.50;1069.00;1.14;0
80;special_project_facility_spawn;4221.00;9.50;1020.00;0.17;0
80;rocket_site_spawn;4152.00;9.70;992.00;0.63;0
80;floating_harbor;4153.00;9.50;1067.00;1.31;1422
80;floating_harbor;4160.91;9.50;1021.91;0.16;1424
80;floating_harbor;4075.00;9.50;951.00;-4.14;1425
80;floating_harbor;4229.00;9.50;1019.00;-1.57;2011
80;floating_harbor;4213.00;9.50;1077.00;0.00;2285
81;arms_factory;3084.00;10.10;1112.00;4.43;0
81;arms_factory;3215.00;10.43;1067.00;5.94;0
81;arms_factory;3219.00;9.65;1019.00;5.73;0
81;arms_factory;3085.00;9.98;1172.00;1.49;0
81;arms_factory;3063.00;10.00;1191.00;3.28;0
81;arms_factory;3164.00;10.40;1041.00;3.40;0
81;industrial_complex;3242.00;10.00;1112.00;0.47;0
81;industrial_complex;3097.00;10.00;1069.00;1.82;0
81;industrial_complex;3139.00;10.80;959.00;3.00;0
81;industrial_complex;3075.00;10.48;1215.00;5.79;0
81;industrial_complex;3201.00;9.90;1029.00;0.55;0
81;industrial_complex;3109.00;10.07;1155.00;0.79;0
81;supply_node;3210.00;9.85;1017.00;5.14;0
81;supply_node;3116.00;10.23;1163.00;2.86;0
81;supply_node;3054.00;10.32;1058.00;3.24;0
81;supply_node;3081.00;10.78;1218.00;3.25;0
81;supply_node;3149.00;11.12;1126.00;6.07;0
81;supply_node;3167.00;10.20;1005.00;4.21;0
81;supply_node;3128.00;10.00;1070.00;4.49;0
81;supply_node;3237.00;10.98;1069.00;4.24;0
81;supply_node;3246.00;10.20;1115.00;2.78;0
81;supply_node;3147.00;10.73;984.00;2.16;0
81;supply_node;3069.00;9.90;1181.00;5.91;0
81;supply_node;3215.00;10.10;1080.00;5.56;0
81;supply_node;3113.00;10.23;1186.00;1.90;0
81;supply_node;3194.00;10.12;1046.00;5.70;0
81;supply_node;3146.00;10.60;958.00;6.05;0
81;supply_node;3108.00;10.00;1138.00;2.06;0
81;supply_node;3140.00;10.35;1026.00;5.55;0
81;supply_node;3097.00;10.10;1056.00;6.09;0
81;supply_node;3074.00;11.05;1229.00;0.22;0
81;supply_node;3204.00;10.10;1096.00;2.69;0
81;supply_node;3183.00;10.05;1100.00;2.95;0
81;supply_node;3114.00;10.20;1027.00;4.05;0
81;supply_node;3168.00;10.30;1048.00;3.57;0
81;supply_node;3094.00;10.30;1203.00;0.78;0
81;supply_node;3092.00;10.73;1240.00;0.54;0
81;supply_node;3078.00;10.40;1039.00;3.46;0
81;supply_node;3056.00;10.65;1223.00;4.18;0
81;supply_node;3218.00;9.93;1046.00;4.63;0
81;supply_node;3054.00;9.88;1104.00;4.23;0
81;supply_node;3093.00;9.90;1101.00;1.30;0
81;supply_node;3148.00;10.75;1093.00;4.01;0
81;supply_node;3120.00;9.50;1209.00;5.80;0
81;bunker;3156.00;10.50;1079.00;4.33;0
81;bunker;3099.00;9.93;1113.00;0.66;0
81;bunker;3148.00;10.75;996.00;2.86;0
81;bunker;3144.00;10.28;947.00;5.37;0
81;bunker;3173.00;10.50;1088.00;1.14;0
81;bunker;3152.00;10.50;1018.00;0.17;0
81;bunker;3053.00;9.98;1081.00;0.63;0
81;bunker;3087.00;10.50;1241.00;1.42;0
81;bunker;3131.00;10.18;1050.00;1.96;0
81;bunker;3214.00;10.15;1092.00;0.90;0
81;bunker;3118.00;9.82;1197.00;1.15;0
81;bunker;3089.00;10.60;1230.00;0.91;0
81;bunker;3132.00;11.03;1120.00;3.39;0
81;bunker;3228.00;10.82;1060.00;2.04;0
81;bunker;3271.00;9.65;1148.00;0.86;0
81;bunker;3181.00;10.07;1024.00;5.05;0
81;bunker;3113.00;10.00;1060.00;3.41;0
81;bunker;3076.00;9.60;1145.00;1.64;0
81;bunker;3078.00;10.10;1195.00;2.74;0
81;bunker;3123.00;10.45;1011.00;6.07;0
81;bunker;3131.00;10.70;1013.00;0.93;0
81;bunker;3067.00;10.62;1056.00;3.92;0
81;bunker;3199.00;10.23;1098.00;3.52;0
81;bunker;3059.00;10.45;1218.00;0.58;0
81;bunker;3194.00;10.15;1061.00;2.41;0
81;bunker;3221.00;10.00;1033.00;4.71;0
81;bunker;3090.00;10.43;1214.00;5.47;0
81;bunker;3070.00;10.45;1040.00;3.65;0
81;bunker;3089.00;9.78;1161.00;3.75;0
81;bunker;3233.00;9.95;1046.00;1.18;0
81;bunker;3084.00;10.73;1236.00;3.57;0
81;bunker;3122.00;9.57;1209.00;0.26;0
81;coastal_bunker;3160.00;9.80;960.00;1.19;0
81;coastal_bunker;3135.00;9.93;1191.00;-4.32;0
81;coastal_bunker;3275.00;9.80;1127.00;-3.84;0
81;coastal_bunker;3118.00;9.50;1211.00;-1.57;0
81;coastal_bunker;3154.00;10.00;1141.00;-3.86;0
81;coastal_bunker;3181.00;9.50;981.00;0.50;0
81;coastal_bunker;3205.00;9.50;999.00;-0.38;0
81;coastal_bunker;3147.00;10.05;1176.00;-4.56;0
81;coastal_bunker;3095.00;9.88;1250.00;-4.09;0
81;coastal_bunker;3107.00;9.73;1217.00;-3.79;0
81;coastal_bunker;3255.00;9.68;1076.00;1.25;0
81;coastal_bunker;3196.00;9.55;1128.00;-3.43;0
81;coastal_bunker;3104.00;9.93;1234.00;-4.13;0
81;coastal_bunker;3238.00;9.62;1044.00;1.57;0
81;stronghold_network;3083.00;9.90;1186.00;2.70;0
81;dockyard;3272.00;9.82;1110.00;-3.84;0
81;anti_air_building;3079.00;10.18;1199.00;2.02;0
81;anti_air_building;3090.00;9.90;1098.00;0.36;0
81;anti_air_building;3093.00;10.03;1077.00;3.47;0
81;synthetic_refinery;3144.00;11.10;1124.00;5.18;0
81;fuel_silo;3108.00;10.00;1170.00;2.32;0
81;radar_station;3149.00;10.73;1092.00;0.98;0
81;naval_supply_hub;3245.00;9.80;1057.00;1.25;0
81;naval_supply_hub;3138.00;9.82;1188.00;-4.32;0
81;naval_supply_hub;3164.00;9.50;963.00;1.19;0
81;naval_supply_hub;3253.00;9.75;1139.00;-3.84;0
81;naval_supply_hub;3105.00;9.90;1226.00;-3.79;0
81;naval_supply_hub;3166.00;9.82;1140.00;-3.86;0
81;naval_supply_hub;3229.00;9.50;1027.00;-4.23;0
81;naval_supply_hub;3182.00;9.60;1124.00;-3.43;0
81;naval_supply_hub;3104.00;9.93;1236.00;-4.13;0
81;naval_supply_hub;3151.00;9.95;1173.00;-4.56;0
81;naval_supply_hub;3187.00;9.62;987.00;0.50;0
81;naval_supply_hub;3240.00;9.50;1045.00;1.57;0
81;naval_supply_hub;3100.00;10.10;1243.00;-4.09;0
81;naval_supply_hub;3120.00;9.50;1208.00;-1.57;0
81;naval_headquarters;3168.00;9.75;1135.00;-3.86;0
81;naval_headquarters;3121.00;9.50;1208.00;-1.57;0
81;naval_headquarters;3265.00;10.15;1099.00;-3.84;0
81;naval_headquarters;3139.00;9.93;1185.00;-4.32;0
81;naval_headquarters;3107.00;9.73;1216.00;-3.79;0
81;naval_headquarters;3149.00;9.75;946.00;1.19;0
81;naval_headquarters;3243.00;9.73;1052.00;1.25;0
81;naval_headquarters;3241.00;9.65;1048.00;1.57;0
81;naval_headquarters;3175.00;9.50;976.00;0.50;0
81;naval_headquarters;3183.00;9.57;1124.00;-3.43;0
81;naval_headquarters;3200.00;9.60;995.00;-0.38;0
81;naval_headquarters;3098.00;9.95;1248.00;-4.09;0
81;naval_headquarters;3154.00;9.75;1169.00;-4.56;0
81;naval_headquarters;3103.00;10.03;1236.00;-4.13;0
81;nuclear_reactor_spawn;3056.00;10.53;1046.00;2.33;0
81;special_project_facility_spawn;3218.00;10.18;1083.00;3.98;0
81;special_project_facility_spawn;3074.00;10.57;1045.00;4.40;0
81;special_project_facility_spawn;3149.00;10.88;974.00;3.90;0
81;special_project_facility_spawn;3160.00;10.40;1066.00;4.67;0
81;special_project_facility_spawn;3248.00;10.43;1119.00;2.17;0
81;special_project_facility_spawn;3094.00;9.82;1130.00;3.88;0
81;special_project_facility_spawn;3034.00;10.10;1078.00;2.97;0
81;special_project_facility_spawn;3160.00;10.75;972.00;4.58;0
81;special_project_facility_spawn;3183.00;10.20;1060.00;4.38;0
81;special_project_facility_spawn;3100.00;9.90;1102.00;3.15;0
81;special_project_facility_spawn;3205.00;10.23;1098.00;5.97;0
81;special_project_facility_spawn;3140.00;10.20;1042.00;3.21;0
81;special_project_facility_spawn;3141.00;10.65;1092.00;0.94;0
81;special_project_facility_spawn;3242.00;11.20;1083.00;5.63;0
81;special_project_facility_spawn;3117.00;10.18;1186.00;4.86;0
81;special_project_facility_spawn;3113.00;10.30;1017.00;1.37;0
81;special_project_facility_spawn;3127.00;10.50;1175.00;5.08;0
81;special_project_facility_spawn;3160.00;10.30;1157.00;1.62;0
81;special_project_facility_spawn;3107.00;9.90;1066.00;0.18;0
81;special_project_facility_spawn;3161.00;10.40;992.00;5.66;0
81;special_project_facility_spawn;3084.00;10.57;1231.00;3.45;0
81;special_project_facility_spawn;3099.00;10.07;1219.00;5.37;0
81;special_project_facility_spawn;3213.00;9.78;1017.00;3.23;0
81;special_project_facility_spawn;3063.00;10.55;1216.00;3.61;0
81;special_project_facility_spawn;3147.00;10.18;1058.00;2.53;0
81;special_project_facility_spawn;3071.00;10.10;1198.00;3.26;0
81;special_project_facility_spawn;3188.00;9.98;1081.00;2.72;0
81;special_project_facility_spawn;3218.00;10.30;1057.00;6.11;0
81;special_project_facility_spawn;3067.00;10.62;1055.00;4.12;0
81;special_project_facility_spawn;3061.00;10.78;1227.00;1.12;0
81;special_project_facility_spawn;3081.00;10.50;1235.00;1.36;0
81;special_project_facility_spawn;3122.00;9.57;1209.00;4.20;0
81;rocket_site_spawn;3204.00;9.90;1029.00;6.12;0
81;floating_harbor;3233.19;9.50;1029.28;-1.08;25
81;floating_harbor;3160.91;9.50;1170.09;-1.41;48
81;floating_harbor;3109.86;9.50;1236.82;-0.99;84
81;floating_harbor;3168.63;9.50;1148.25;-0.72;89
81;floating_harbor;3183.33;9.50;974.84;-2.65;91
81;floating_harbor;3255.64;9.50;1062.79;-1.89;103
81;floating_harbor;3263.00;9.50;1163.00;-0.19;140
81;floating_harbor;3136.47;9.50;1195.67;-1.18;255
81;floating_harbor;3162.50;9.50;951.40;-1.95;297
81;floating_harbor;3192.99;9.50;1133.71;-0.29;440
81;floating_harbor;3111.25;9.50;1225.56;-0.65;504
81;floating_harbor;3104.70;9.50;1249.07;-0.95;530
81;floating_harbor;3247.00;9.50;1046.00;-1.57;589
81;floating_harbor;3087.00;9.50;1309.00;0.32;2013
82;arms_factory;3593.00;10.48;1607.00;5.73;0
82;arms_factory;3586.00;10.68;1602.00;1.49;0
82;arms_factory;3550.00;11.05;1650.00;3.28;0
82;arms_factory;3470.00;11.07;1658.00;3.40;0
82;arms_factory;3609.00;10.48;1587.00;0.47;0
82;arms_factory;3496.00;11.60;1638.00;1.82;0
82;industrial_complex;3508.00;13.15;1604.00;3.00;0
82;industrial_complex;3537.00;11.82;1615.00;5.79;0
82;industrial_complex;3444.00;10.82;1679.00;0.55;0
82;industrial_complex;3541.00;11.53;1611.00;0.79;0
82;industrial_complex;3443.00;10.70;1660.00;0.89;0
82;industrial_complex;3593.00;10.53;1608.00;5.31;0
82;air_base;3473.00;11.82;1608.00;4.77;0
82;supply_node;3512.00;12.38;1626.00;3.25;0
82;bunker;3577.00;10.53;1582.00;1.80;0
82;stronghold_network;3509.00;13.23;1602.00;2.69;0
82;anti_air_building;3549.00;11.73;1597.00;1.66;0
82;anti_air_building;3508.00;12.07;1634.00;3.55;0
82;anti_air_building;3572.00;10.70;1578.00;2.24;0
82;synthetic_refinery;3436.00;10.50;1637.00;5.64;0
82;fuel_silo;3568.00;10.60;1604.00;1.30;0
82;radar_station;3520.00;12.40;1637.00;5.56;0
82;nuclear_reactor_spawn;3512.00;12.28;1620.00;1.10;0
82;special_project_facility_spawn;3510.00;14.07;1594.00;5.56;0
82;rocket_site_spawn;3508.00;12.62;1585.00;0.73;0
83;arms_factory;3540.00;10.70;1486.00;3.28;0
83;arms_factory;3671.00;9.80;1547.00;3.40;0
83;arms_factory;3610.00;10.20;1546.00;0.47;0
83;arms_factory;3578.00;10.45;1480.00;1.82;0
83;arms_factory;3458.00;10.57;1464.00;3.00;0
83;arms_factory;3558.00;11.35;1577.00;5.79;0
83;industrial_complex;3494.00;10.20;1489.00;0.55;0
83;industrial_complex;3453.00;10.00;1515.00;0.79;0
83;industrial_complex;3565.00;10.55;1522.00;0.89;0
83;industrial_complex;3535.00;12.53;1438.00;5.31;0
83;industrial_complex;3452.00;9.95;1506.00;4.77;0
83;industrial_complex;3502.00;11.40;1574.00;3.99;0
83;air_base;3548.00;12.98;1367.00;1.80;0
83;supply_node;3655.00;9.88;1526.00;4.21;0
83;supply_node;3603.00;10.23;1540.00;4.49;0
83;supply_node;3502.00;11.98;1399.00;4.24;0
83;supply_node;3526.00;11.98;1566.00;2.78;0
83;supply_node;3540.00;10.50;1535.00;2.16;0
83;supply_node;3460.00;10.57;1465.00;5.91;0
83;supply_node;3492.00;9.90;1512.00;5.56;0
83;supply_node;3549.00;11.07;1475.00;1.90;0
83;supply_node;3466.00;10.20;1540.00;5.70;0
83;supply_node;3424.00;10.50;1515.00;6.05;0
83;bunker;3569.00;10.20;1534.00;4.14;0
83;bunker;3491.00;11.93;1577.00;2.05;0
83;bunker;3560.00;11.03;1586.00;1.41;0
83;bunker;3651.00;9.80;1515.00;1.11;0
83;bunker;3473.00;13.65;1442.00;3.83;0
83;bunker;3518.00;12.03;1569.00;4.00;0
83;bunker;3520.00;10.82;1378.00;4.79;0
83;bunker;3509.00;12.15;1448.00;3.42;0
83;bunker;3424.00;10.32;1487.00;5.39;0
83;bunker;3493.00;9.95;1515.00;2.90;0
83;coastal_bunker;3491.00;9.50;1373.00;-0.45;0
83;stronghold_network;3476.00;10.10;1512.00;5.73;0
83;dockyard;3504.00;9.50;1362.00;-0.45;0
83;anti_air_building;3578.00;11.03;1444.00;0.76;0
83;anti_air_building;3518.00;10.12;1369.00;5.43;0
83;anti_air_building;3616.00;10.20;1537.00;1.39;0
83;synthetic_refinery;3499.00;11.07;1455.00;5.28;0
83;fuel_silo;3528.00;10.28;1513.00;4.33;0
83;radar_station;3548.00;11.40;1472.00;4.43;0
83;naval_supply_hub;3496.00;9.50;1370.00;-0.45;0
83;naval_headquarters;3451.00;9.60;1370.00;-0.45;0
83;nuclear_reactor_spawn;3572.00;10.68;1463.00;1.14;0
83;special_project_facility_spawn;3630.00;10.10;1564.00;0.17;0
83;special_project_facility_spawn;3648.00;10.00;1556.00;0.63;0
83;special_project_facility_spawn;3537.00;12.28;1428.00;1.42;0
83;special_project_facility_spawn;3532.00;12.80;1572.00;1.96;0
83;special_project_facility_spawn;3523.00;10.55;1475.00;0.90;0
83;special_project_facility_spawn;3488.00;12.55;1582.00;1.15;0
83;special_project_facility_spawn;3498.00;10.53;1479.00;0.91;0
83;special_project_facility_spawn;3492.00;10.12;1492.00;3.39;0
83;special_project_facility_spawn;3418.00;10.40;1503.00;2.04;0
83;special_project_facility_spawn;3559.00;10.75;1535.00;0.86;0
83;rocket_site_spawn;3538.00;12.15;1408.00;5.05;0
84;arms_factory;4131.00;10.00;1450.00;0.47;0
84;arms_factory;4160.00;9.90;1383.00;1.82;0
84;arms_factory;4183.00;9.90;1360.00;3.00;0
84;arms_factory;4182.00;10.15;1405.00;5.79;0
84;arms_factory;4177.00;10.28;1403.00;0.55;0
84;arms_factory;4235.00;10.23;1379.00;0.79;0
84;industrial_complex;4113.00;9.88;1337.00;0.89;0
84;industrial_complex;4090.00;10.20;1356.00;5.31;0
84;industrial_complex;4222.00;11.10;1419.00;4.77;0
84;industrial_complex;4160.00;11.53;1427.00;3.99;0
84;industrial_complex;4157.00;10.90;1430.00;1.80;0
84;industrial_complex;4197.00;10.28;1399.00;2.69;0
84;air_base;4169.00;9.80;1350.00;1.66;0
84;supply_node;4198.00;10.20;1394.00;4.24;0
84;supply_node;4142.00;9.70;1381.00;2.78;0
84;supply_node;4229.00;10.35;1387.00;2.16;0
84;supply_node;4087.00;9.85;1334.00;5.91;0
84;supply_node;4107.00;10.10;1266.00;5.56;0
84;supply_node;4133.00;9.50;1211.00;1.90;0
84;bunker;4211.00;10.30;1378.00;5.56;0
84;bunker;4060.00;10.00;1344.00;0.73;0
84;bunker;4109.00;10.32;1394.00;4.14;0
84;bunker;4213.00;9.50;1343.00;2.05;0
84;bunker;4103.00;9.62;1273.00;1.41;0
84;bunker;4132.00;9.50;1210.00;1.11;0
84;coastal_bunker;4204.00;9.50;1330.00;0.08;0
84;coastal_bunker;4100.00;9.50;1277.00;-4.25;0
84;coastal_bunker;4131.00;9.50;1306.00;0.44;0
84;coastal_bunker;4153.00;9.50;1313.00;0.03;0
84;coastal_bunker;4242.00;9.53;1368.00;-4.30;0
84;coastal_bunker;4134.00;9.50;1213.00;1.57;0
84;stronghold_network;4236.00;10.00;1376.00;4.45;0
84;dockyard;4145.00;9.50;1309.00;0.03;0
84;anti_air_building;4123.00;13.07;1427.00;0.15;0
84;anti_air_building;4135.00;10.43;1416.00;0.76;0
84;anti_air_building;4114.00;9.93;1269.00;5.43;0
84;synthetic_refinery;4131.00;10.55;1441.00;1.39;0
84;fuel_silo;4140.00;9.70;1387.00;5.28;0
84;radar_station;4147.00;9.70;1331.00;3.89;0
84;naval_supply_hub;4242.00;9.53;1374.00;-4.30;0
84;naval_supply_hub;4097.00;9.50;1254.00;-4.25;0
84;naval_supply_hub;4154.00;9.50;1315.00;0.03;0
84;naval_supply_hub;4109.00;9.50;1290.00;0.44;0
84;naval_supply_hub;4135.00;9.50;1210.00;1.57;0
84;naval_supply_hub;4195.00;9.50;1327.00;0.08;0
84;naval_headquarters;4108.00;9.50;1299.00;0.44;0
84;naval_headquarters;4208.00;9.50;1338.00;0.08;0
84;naval_headquarters;4246.00;9.65;1390.00;-4.30;0
84;naval_headquarters;4123.00;9.50;1273.00;-4.25;0
84;naval_headquarters;4161.00;9.50;1328.00;0.03;0
84;naval_headquarters;4132.00;9.50;1210.00;1.57;0
84;nuclear_reactor_spawn;4114.00;9.82;1263.00;2.04;0
84;special_project_facility_spawn;4174.00;11.40;1422.00;0.86;0
84;special_project_facility_spawn;4190.00;9.93;1371.00;5.05;0
84;special_project_facility_spawn;4099.00;9.70;1316.00;3.41;0
84;special_project_facility_spawn;4227.00;10.28;1374.00;1.64;0
84;special_project_facility_spawn;4116.00;9.90;1273.00;2.74;0
84;special_project_facility_spawn;4135.00;9.50;1212.00;6.07;0
84;rocket_site_spawn;4171.00;9.80;1375.00;0.93;0
84;floating_harbor;4203.57;9.50;1326.02;-3.06;130
84;floating_harbor;4144.20;9.50;1303.00;-3.11;372
84;floating_harbor;4258.42;9.50;1399.79;-1.16;531
84;floating_harbor;4105.98;9.50;1293.67;-2.70;557
84;floating_harbor;4145.00;9.50;1224.00;-2.44;1554
85;arms_factory;4046.00;9.82;1342.00;3.00;0
85;arms_factory;4016.00;9.90;1392.00;5.79;0
85;arms_factory;4024.00;9.98;1338.00;0.55;0
85;arms_factory;3959.00;10.15;1378.00;0.79;0
85;arms_factory;4026.00;9.62;1421.00;0.89;0
85;arms_factory;3970.00;10.95;1328.00;5.31;0
85;industrial_complex;3957.00;13.30;1356.00;4.77;0
85;industrial_complex;4073.00;11.90;1383.00;3.99;0
85;industrial_complex;3991.00;9.70;1367.00;1.80;0
85;industrial_complex;4045.00;10.38;1392.00;2.69;0
85;industrial_complex;3982.00;9.65;1407.00;1.66;0
85;industrial_complex;3980.00;9.90;1359.00;3.55;0
85;air_base;4072.00;11.35;1411.00;2.24;0
85;supply_node;4065.00;13.30;1395.00;2.16;0
85;supply_node;3989.00;9.73;1362.00;5.91;0
85;bunker;3980.00;10.30;1349.00;4.74;0
85;bunker;4076.00;12.78;1391.00;1.10;0
85;stronghold_network;3999.00;9.90;1328.00;5.56;0
85;anti_air_building;3978.00;9.70;1389.00;0.73;0
85;anti_air_building;4064.00;13.07;1387.00;4.14;0
85;anti_air_building;4005.00;9.73;1358.00;2.05;0
85;synthetic_refinery;4052.00;10.48;1399.00;1.41;0
85;fuel_silo;3956.00;10.15;1385.00;1.11;0
85;radar_station;4020.00;10.05;1368.00;2.69;0
85;nuclear_reactor_spawn;4073.00;11.10;1425.00;4.00;0
85;special_project_facility_spawn;3956.00;9.70;1409.00;4.79;0
85;special_project_facility_spawn;4075.00;11.15;1380.00;3.42;0
85;rocket_site_spawn;4045.00;10.25;1393.00;5.39;0
86;arms_factory;3908.00;10.20;1269.00;0.55;0
86;arms_factory;3933.00;10.28;1277.00;0.79;0
86;arms_factory;3947.00;9.90;1392.00;0.89;0
86;arms_factory;3871.00;9.80;1295.00;5.31;0
86;arms_factory;3922.00;10.12;1400.00;4.77;0
86;arms_factory;3945.00;12.48;1330.00;3.99;0
86;industrial_complex;3890.00;9.93;1299.00;1.80;0
86;industrial_complex;3929.00;10.05;1407.00;2.69;0
86;industrial_complex;3918.00;9.93;1309.00;1.66;0
86;industrial_complex;3883.00;9.95;1288.00;3.55;0
86;industrial_complex;3900.00;9.70;1335.00;2.24;0
86;industrial_complex;3948.00;14.73;1330.00;5.64;0
86;air_base;3897.00;10.48;1357.00;1.30;0
86;supply_node;3940.00;10.32;1287.00;5.56;0
86;supply_node;3880.00;9.85;1308.00;1.90;0
86;supply_node;3933.00;10.20;1327.00;5.70;0
86;supply_node;3922.00;10.45;1228.00;6.05;0
86;supply_node;3928.00;12.73;1387.00;2.06;0
86;supply_node;3904.00;9.80;1319.00;5.55;0
86;supply_node;3946.00;9.50;1154.00;6.09;0
86;supply_node;3879.00;9.50;1259.00;0.22;0
86;supply_node;3948.00;9.50;1142.00;2.69;0
86;bunker;3954.00;9.60;1139.00;4.00;0
86;bunker;3906.00;9.82;1346.00;4.79;0
86;bunker;3925.00;9.90;1324.00;3.42;0
86;bunker;3947.00;9.90;1391.00;5.39;0
86;bunker;3876.00;9.62;1288.00;2.90;0
86;bunker;3937.00;10.32;1291.00;4.45;0
86;bunker;3949.00;9.53;1144.00;5.73;0
86;bunker;3881.00;9.50;1261.00;0.15;0
86;bunker;3947.00;9.50;1158.00;0.76;0
86;coastal_bunker;3937.00;9.50;1218.00;-0.79;0
86;coastal_bunker;3869.00;9.50;1282.00;-0.31;0
86;coastal_bunker;3948.00;9.50;1141.00;-1.57;0
86;coastal_bunker;3948.00;9.50;1157.00;-3.61;0
86;coastal_bunker;3881.00;9.53;1260.00;-3.93;0
86;stronghold_network;3909.00;9.80;1315.00;2.86;0
86;dockyard;3900.00;9.50;1216.00;-0.79;0
86;anti_air_building;3915.00;9.80;1328.00;1.14;0
86;anti_air_building;3917.00;10.30;1274.00;0.17;0
86;anti_air_building;3912.00;10.10;1296.00;0.63;0
86;synthetic_refinery;3925.00;14.62;1359.00;1.42;0
86;fuel_silo;3925.00;9.98;1330.00;1.96;0
86;radar_station;3912.00;10.20;1268.00;0.66;0
86;naval_supply_hub;3874.00;9.50;1283.00;-0.31;0
86;naval_supply_hub;3911.00;9.50;1217.00;-0.79;0
86;naval_supply_hub;3881.00;9.53;1259.00;-3.93;0
86;naval_supply_hub;3948.00;9.50;1144.00;-1.57;0
86;naval_supply_hub;3948.00;9.50;1155.00;0.79;0
86;naval_headquarters;3946.00;9.50;1157.00;-3.61;0
86;naval_headquarters;3890.00;9.50;1215.00;-0.79;0
86;naval_headquarters;3873.00;9.50;1280.00;-0.31;0
86;naval_headquarters;3878.00;9.50;1261.00;-3.93;0
86;naval_headquarters;3947.00;9.50;1142.00;-1.57;0
86;nuclear_reactor_spawn;3912.00;10.40;1233.00;0.93;0
86;special_project_facility_spawn;3893.00;9.70;1325.00;3.92;0
86;special_project_facility_spawn;3890.00;9.90;1294.00;3.52;0
86;special_project_facility_spawn;3914.00;9.90;1340.00;0.58;0
86;special_project_facility_spawn;3914.00;10.43;1398.00;2.41;0
86;special_project_facility_spawn;3922.00;10.20;1255.00;4.71;0
86;special_project_facility_spawn;3930.00;10.18;1287.00;5.47;0
86;special_project_facility_spawn;3878.00;9.50;1261.00;3.65;0
86;special_project_facility_spawn;3948.00;9.50;1144.00;3.75;0
86;special_project_facility_spawn;3947.00;9.50;1155.00;1.18;0
86;rocket_site_spawn;3946.00;12.12;1324.00;3.57;0
86;floating_harbor;3869.87;9.50;1276.33;-3.45;479
86;floating_harbor;3838.00;9.50;1207.00;-4.55;517
86;floating_harbor;3878.00;9.50;1010.00;-3.59;2108
86;floating_harbor;3838.00;9.50;1207.00;-3.81;2139
86;floating_harbor;3878.00;9.50;1010.00;-3.63;2177
87;arms_factory;3693.00;9.80;1533.00;0.89;0
87;arms_factory;3868.00;9.90;1462.00;5.31;0
87;arms_factory;3871.00;10.00;1489.00;4.77;0
87;arms_factory;3736.00;9.80;1484.00;3.99;0
87;arms_factory;3776.00;10.65;1513.00;1.80;0
87;arms_factory;3797.00;10.57;1561.00;2.69;0
87;industrial_complex;3805.00;12.88;1506.00;1.66;0
87;industrial_complex;3755.00;10.00;1523.00;3.55;0
87;industrial_complex;3889.00;9.70;1501.00;2.24;0
87;industrial_complex;3746.00;9.78;1515.00;5.64;0
87;industrial_complex;3758.00;9.80;1551.00;1.30;0
87;industrial_complex;3833.00;11.93;1539.00;4.74;0
87;air_base;3898.00;9.80;1492.00;1.10;0
87;supply_node;3787.00;11.73;1438.00;5.70;0
87;supply_node;3906.00;9.70;1516.00;6.05;0
87;supply_node;3716.00;9.80;1511.00;2.06;0
87;supply_node;3713.00;9.70;1467.00;5.55;0
87;supply_node;3915.00;9.80;1473.00;6.09;0
87;supply_node;3774.00;11.53;1479.00;0.22;0
87;supply_node;3844.00;10.10;1454.00;2.69;0
87;supply_node;3820.00;12.57;1530.00;2.95;0
87;supply_node;3897.00;9.70;1478.00;4.05;0
87;supply_node;3936.00;9.70;1457.00;3.57;0
87;supply_node;3693.00;9.88;1551.00;0.78;0
87;supply_node;3746.00;10.20;1456.00;0.54;0
87;bunker;3947.00;9.70;1447.00;4.45;0
87;bunker;3745.00;9.80;1543.00;5.73;0
87;bunker;3755.00;9.90;1518.00;0.15;0
87;bunker;3855.00;11.32;1416.00;0.76;0
87;bunker;3761.00;10.55;1489.00;5.43;0
87;bunker;3934.00;9.60;1527.00;1.39;0
87;bunker;3877.00;9.70;1472.00;5.28;0
87;bunker;3740.00;10.15;1454.00;4.33;0
87;bunker;3806.00;14.03;1430.00;0.66;0
87;bunker;3695.00;9.75;1469.00;2.86;0
87;bunker;3902.00;9.73;1452.00;5.37;0
87;bunker;3703.00;9.82;1553.00;1.14;0
87;stronghold_network;3915.00;9.70;1483.00;0.17;0
87;anti_air_building;3746.00;9.95;1439.00;0.63;0
87;anti_air_building;3707.00;9.70;1478.00;1.42;0
87;anti_air_building;3892.00;9.75;1511.00;1.96;0
87;synthetic_refinery;3863.00;10.57;1430.00;0.90;0
87;fuel_silo;3839.00;11.60;1508.00;1.15;0
87;radar_station;3810.00;11.12;1491.00;4.58;0
87;nuclear_reactor_spawn;3744.00;9.78;1547.00;3.39;0
87;special_project_facility_spawn;3772.00;10.95;1506.00;2.04;0
87;special_project_facility_spawn;3930.00;9.60;1514.00;0.86;0
87;special_project_facility_spawn;3699.00;9.80;1525.00;5.05;0
87;special_project_facility_spawn;3818.00;12.18;1500.00;3.41;0
87;special_project_facility_spawn;3897.00;9.80;1483.00;1.64;0
87;special_project_facility_spawn;3774.00;10.25;1429.00;2.74;0
87;special_project_facility_spawn;3918.00;9.75;1432.00;6.07;0
87;special_project_facility_spawn;3747.00;10.15;1454.00;0.93;0
87;special_project_facility_spawn;3685.00;9.80;1555.00;3.92;0
87;special_project_facility_spawn;3711.00;9.70;1465.00;3.52;0
87;special_project_facility_spawn;3781.00;14.90;1486.00;0.58;0
87;special_project_facility_spawn;3912.00;9.70;1445.00;2.41;0
87;rocket_site_spawn;3797.00;12.10;1425.00;4.71;0
88;arms_factory;3900.00;11.15;1678.00;4.77;0
88;arms_factory;3839.00;10.93;1653.00;3.99;0
88;arms_factory;3739.00;11.30;1712.00;1.80;0
88;arms_factory;3642.00;10.90;1629.00;2.69;0
88;arms_factory;3751.00;11.75;1732.00;1.66;0
88;arms_factory;3864.00;11.32;1670.00;3.55;0
88;industrial_complex;3670.00;11.25;1645.00;2.24;0
88;industrial_complex;3714.00;11.00;1695.00;5.64;0
88;industrial_complex;3644.00;10.73;1621.00;1.30;0
88;industrial_complex;3782.00;11.75;1695.00;4.74;0
88;industrial_complex;3701.00;11.00;1699.00;1.10;0
88;industrial_complex;3665.00;9.80;1585.00;5.56;0
88;air_base;3733.00;11.12;1713.00;0.73;0
88;supply_node;3641.00;10.78;1621.00;2.06;0
88;supply_node;3727.00;11.25;1651.00;5.55;0
88;supply_node;3825.00;10.93;1688.00;6.09;0
88;bunker;3770.00;12.28;1685.00;1.11;0
88;bunker;3605.00;10.70;1622.00;3.83;0
88;bunker;3828.00;13.60;1765.00;4.00;0
88;stronghold_network;3851.00;11.48;1746.00;4.79;0
88;anti_air_building;3706.00;11.85;1709.00;3.42;0
88;anti_air_building;3813.00;11.05;1622.00;5.39;0
88;anti_air_building;3747.00;10.70;1608.00;2.90;0
88;synthetic_refinery;3754.00;10.10;1587.00;4.45;0
88;fuel_silo;3867.00;11.30;1730.00;5.73;0
88;radar_station;3756.00;11.75;1688.00;4.63;0
88;nuclear_reactor_spawn;3766.00;11.00;1641.00;0.76;0
88;special_project_facility_spawn;3807.00;12.50;1762.00;5.43;0
88;special_project_facility_spawn;3782.00;12.18;1662.00;1.39;0
88;special_project_facility_spawn;3668.00;10.30;1624.00;5.28;0
88;rocket_site_spawn;3741.00;11.10;1614.00;4.33;0
89;arms_factory;2980.00;11.12;924.00;1.80;0
89;arms_factory;2979.00;10.93;923.00;2.69;0
89;arms_factory;2966.00;9.85;917.00;1.66;0
89;arms_factory;2971.00;10.10;931.00;3.55;0
89;arms_factory;2984.00;11.68;924.00;2.24;0
89;arms_factory;2985.00;10.88;933.00;5.64;0
89;industrial_complex;2982.00;11.32;928.00;1.30;0
89;industrial_complex;2982.00;11.32;928.00;4.74;0
89;industrial_complex;2983.00;11.43;921.00;1.10;0
89;industrial_complex;2973.00;10.62;934.00;5.56;0
89;industrial_complex;2981.00;11.35;925.00;0.73;0
89;industrial_complex;2966.00;9.70;920.00;4.14;0
89;supply_node;2976.00;10.65;925.00;5.55;0
89;bunker;2973.00;10.18;927.00;1.41;0
89;stronghold_network;2971.00;10.25;920.00;1.11;0
89;anti_air_building;2981.00;10.78;934.00;3.83;0
89;anti_air_building;2981.00;10.82;932.00;4.00;0
89;anti_air_building;2974.00;10.57;919.00;4.79;0
89;synthetic_refinery;2984.00;11.20;930.00;3.42;0
89;fuel_silo;2984.00;11.70;923.00;5.39;0
89;radar_station;2976.00;10.60;927.00;0.54;0
89;nuclear_reactor_spawn;2985.00;10.88;933.00;4.45;0
89;special_project_facility_spawn;2973.00;10.53;932.00;5.73;0
89;rocket_site_spawn;2982.00;10.88;936.00;0.15;0
90;arms_factory;4042.00;10.12;1459.00;1.66;0
90;arms_factory;3972.00;9.60;1477.00;3.55;0
90;arms_factory;4056.00;10.45;1414.00;2.24;0
90;arms_factory;3989.00;9.50;1436.00;5.64;0
90;arms_factory;4012.00;9.53;1460.00;1.30;0
90;arms_factory;4021.00;9.70;1457.00;4.74;0
90;industrial_complex;4039.00;9.70;1423.00;1.10;0
90;industrial_complex;4053.00;10.10;1444.00;5.56;0
90;industrial_complex;3998.00;9.50;1486.00;0.73;0
90;industrial_complex;4011.00;9.60;1455.00;4.14;0
90;industrial_complex;3959.00;9.82;1465.00;2.05;0
90;industrial_complex;4085.00;10.15;1485.00;1.41;0
90;air_base;3981.00;9.60;1422.00;1.11;0
90;supply_node;4044.00;9.82;1445.00;2.69;0
90;supply_node;3960.00;9.60;1484.00;2.95;0
90;supply_node;4020.00;9.60;1492.00;4.05;0
90;supply_node;3988.00;9.60;1475.00;3.57;0
90;supply_node;3971.00;9.60;1441.00;0.78;0
90;bunker;3999.00;9.53;1454.00;2.90;0
90;bunker;4062.00;9.98;1446.00;4.45;0
90;bunker;4007.00;9.60;1510.00;5.73;0
90;bunker;3961.00;9.80;1468.00;0.15;0
90;bunker;3983.00;9.57;1442.00;0.76;0
90;stronghold_network;4002.00;9.70;1415.00;5.43;0
90;anti_air_building;4001.00;9.50;1495.00;1.39;0
90;anti_air_building;4073.00;10.15;1452.00;5.28;0
90;anti_air_building;4096.00;11.20;1431.00;4.33;0
90;synthetic_refinery;4054.00;10.40;1457.00;0.66;0
90;fuel_silo;3997.00;9.78;1407.00;2.86;0
90;radar_station;4025.00;9.75;1452.00;3.45;0
90;nuclear_reactor_spawn;3963.00;9.70;1499.00;1.14;0
90;special_project_facility_spawn;4060.00;10.65;1487.00;0.17;0
90;special_project_facility_spawn;4053.00;10.23;1491.00;0.63;0
90;special_project_facility_spawn;3984.00;9.60;1468.00;1.42;0
90;special_project_facility_spawn;3960.00;9.80;1468.00;1.96;0
90;special_project_facility_spawn;3985.00;9.57;1440.00;0.90;0
90;rocket_site_spawn;4008.00;9.60;1514.00;1.15;0
91;arms_factory;4154.00;10.25;1613.00;2.24;0
91;arms_factory;4086.00;9.82;1516.00;5.64;0
91;arms_factory;4116.00;9.80;1564.00;1.30;0
91;arms_factory;4143.00;9.80;1560.00;4.74;0
91;arms_factory;4094.00;9.70;1537.00;1.10;0
91;arms_factory;4100.00;9.80;1544.00;5.56;0
91;industrial_complex;4105.00;9.85;1564.00;0.73;0
91;industrial_complex;4094.00;10.03;1561.00;4.14;0
91;industrial_complex;4132.00;9.78;1553.00;2.05;0
91;industrial_complex;4102.00;9.70;1525.00;1.41;0
91;industrial_complex;4087.00;9.73;1530.00;1.11;0
91;industrial_complex;4102.00;9.73;1551.00;3.83;0
91;air_base;4148.00;10.48;1603.00;4.00;0
91;supply_node;4085.00;9.80;1517.00;4.05;0
91;supply_node;4147.00;9.90;1565.00;3.57;0
91;supply_node;4142.00;10.20;1610.00;0.78;0
91;supply_node;4109.00;9.82;1558.00;0.54;0
91;bunker;4125.00;9.82;1566.00;4.45;0
91;bunker;4100.00;9.82;1546.00;5.73;0
91;bunker;4132.00;10.12;1597.00;0.15;0
91;bunker;4146.00;9.90;1564.00;0.76;0
91;stronghold_network;4151.00;10.20;1624.00;5.43;0
91;anti_air_building;4113.00;9.80;1520.00;1.39;0
91;anti_air_building;4107.00;9.80;1522.00;5.28;0
91;anti_air_building;4111.00;9.75;1571.00;4.33;0
91;synthetic_refinery;4142.00;9.98;1571.00;0.66;0
91;fuel_silo;4078.00;9.65;1522.00;2.86;0
91;radar_station;4114.00;9.80;1563.00;3.45;0
91;nuclear_reactor_spawn;4127.00;9.98;1616.00;1.14;0
91;special_project_facility_spawn;4105.00;9.73;1518.00;0.17;0
91;special_project_facility_spawn;4142.00;10.03;1572.00;0.63;0
91;special_project_facility_spawn;4156.00;10.38;1614.00;1.42;0
91;special_project_facility_spawn;4073.00;9.70;1511.00;1.96;0
91;rocket_site_spawn;4124.00;10.05;1592.00;0.90;0
92;arms_factory;4051.00;9.80;1528.00;1.30;0
92;arms_factory;3893.00;10.38;1602.00;4.74;0
92;arms_factory;3907.00;9.80;1550.00;1.10;0
92;arms_factory;3898.00;10.38;1631.00;5.56;0
92;arms_factory;3924.00;10.80;1666.00;0.73;0
92;arms_factory;3923.00;10.43;1609.00;4.14;0
92;industrial_complex;3890.00;10.60;1643.00;2.05;0
92;industrial_complex;4020.00;11.65;1612.00;1.41;0
92;industrial_complex;4048.00;9.78;1548.00;1.11;0
92;industrial_complex;3937.00;9.60;1547.00;3.83;0
92;industrial_complex;3911.00;10.18;1588.00;4.00;0
92;industrial_complex;3982.00;9.80;1543.00;4.79;0
92;air_base;3893.00;10.57;1621.00;3.42;0
92;supply_node;3961.00;9.60;1532.00;0.78;0
92;supply_node;4059.00;10.05;1560.00;0.54;0
92;supply_node;3926.00;9.70;1564.00;3.46;0
92;supply_node;4009.00;9.95;1543.00;4.18;0
92;supply_node;3929.00;10.57;1623.00;4.63;0
92;supply_node;3867.00;10.45;1580.00;4.23;0
92;bunker;3977.00;10.78;1600.00;5.43;0
92;bunker;3977.00;9.70;1534.00;1.39;0
92;bunker;3874.00;10.55;1584.00;5.28;0
92;bunker;3891.00;9.95;1551.00;4.33;0
92;bunker;3961.00;9.60;1535.00;0.66;0
92;bunker;4076.00;10.35;1564.00;2.86;0
92;stronghold_network;3909.00;10.43;1633.00;5.37;0
92;anti_air_building;3981.00;9.70;1541.00;1.14;0
92;anti_air_building;4026.00;10.15;1520.00;0.17;0
92;anti_air_building;4007.00;18.73;1600.00;0.63;0
92;synthetic_refinery;3946.00;9.60;1533.00;1.42;0
92;fuel_silo;3895.00;9.93;1547.00;1.96;0
92;radar_station;3965.00;10.32;1590.00;0.66;0
92;nuclear_reactor_spawn;4025.00;11.75;1607.00;1.15;0
92;special_project_facility_spawn;3894.00;10.43;1602.00;0.91;0
92;special_project_facility_spawn;3959.00;9.60;1537.00;3.39;0
92;special_project_facility_spawn;3900.00;10.10;1582.00;2.04;0
92;special_project_facility_spawn;3860.00;10.75;1585.00;0.86;0
92;special_project_facility_spawn;4083.00;9.98;1570.00;5.05;0
92;special_project_facility_spawn;3981.00;9.62;1565.00;3.41;0
92;rocket_site_spawn;3934.00;10.12;1606.00;1.64;0
93;arms_factory;1431.00;11.32;986.00;1.10;0
93;arms_factory;1428.00;12.38;921.00;5.56;0
93;arms_factory;1442.00;12.40;975.00;0.73;0
93;arms_factory;1430.00;11.70;904.00;4.14;0
93;arms_factory;1450.00;11.88;959.00;2.05;0
93;arms_factory;1444.00;13.10;929.00;1.41;0
93;industrial_complex;1433.00;12.43;959.00;1.11;0
93;industrial_complex;1433.00;12.55;956.00;3.83;0
93;industrial_complex;1463.00;11.43;949.00;4.00;0
93;industrial_complex;1447.00;12.55;937.00;4.79;0
93;industrial_complex;1454.00;11.65;946.00;3.42;0
93;industrial_complex;1428.00;12.55;961.00;5.39;0
93;air_base;1436.00;12.68;936.00;2.90;0
93;supply_node;1437.00;12.62;948.00;3.46;0
93;supply_node;1253.00;9.75;931.00;4.18;0
93;supply_node;1255.00;9.50;939.00;4.63;0
93;supply_node;1268.00;9.65;936.00;4.23;0
93;supply_node;1414.00;9.85;926.00;1.30;0
93;supply_node;1262.00;9.50;942.00;4.01;0
93;supply_node;1282.00;9.73;957.00;5.80;0
93;bunker;1453.00;11.90;961.00;4.33;0
93;bunker;1259.00;9.82;935.00;0.66;0
93;bunker;1414.00;9.88;927.00;2.86;0
93;bunker;1262.00;9.70;944.00;5.37;0
93;bunker;1283.00;9.75;958.00;1.14;0
93;bunker;1253.00;9.75;931.00;0.17;0
93;bunker;1268.00;9.65;936.00;0.63;0
93;coastal_bunker;1267.00;9.62;938.00;-1.57;0
93;coastal_bunker;1250.00;9.50;932.00;-1.57;0
93;coastal_bunker;1424.00;10.25;988.00;-1.78;0
93;coastal_bunker;1281.00;9.50;957.00;-3.93;0
93;coastal_bunker;1250.00;9.50;942.00;-3.14;0
93;coastal_bunker;1264.00;9.50;941.00;1.57;0
93;coastal_bunker;1414.00;9.88;927.00;-3.14;0
93;stronghold_network;1435.00;12.53;974.00;0.86;0
93;dockyard;1419.00;9.50;933.00;-1.78;0
93;anti_air_building;1428.00;11.68;905.00;3.41;0
93;anti_air_building;1432.00;12.65;936.00;1.64;0
93;anti_air_building;1431.00;12.53;928.00;2.74;0
93;synthetic_refinery;1415.00;10.48;916.00;6.07;0
93;fuel_silo;1446.00;12.65;937.00;0.93;0
93;radar_station;1403.00;9.50;937.00;0.35;0
93;naval_supply_hub;1415.00;9.50;977.00;-1.78;0
93;naval_supply_hub;1414.00;9.88;927.00;-3.14;0
93;naval_supply_hub;1285.00;9.50;960.00;-3.93;0
93;naval_supply_hub;1268.00;9.50;935.00;-1.57;0
93;naval_supply_hub;1253.00;9.50;930.00;-1.57;0
93;naval_supply_hub;1253.00;9.75;949.00;-3.14;0
93;naval_supply_hub;1261.00;9.50;942.00;1.57;0
93;naval_headquarters;1405.00;9.50;949.00;-1.78;0
93;naval_headquarters;1263.00;9.70;943.00;1.57;0
93;naval_headquarters;1254.00;9.50;930.00;-1.57;0
93;naval_headquarters;1268.00;9.50;935.00;-1.57;0
93;naval_headquarters;1414.00;9.88;927.00;-3.14;0
93;naval_headquarters;1252.00;9.80;941.00;-3.14;0
93;naval_headquarters;1283.00;9.50;959.00;-3.93;0
93;nuclear_reactor_spawn;1431.00;12.98;973.00;6.06;0
93;special_project_facility_spawn;1428.00;11.88;909.00;0.31;0
93;special_project_facility_spawn;1284.00;9.73;959.00;2.47;0
93;special_project_facility_spawn;1256.00;9.85;934.00;3.89;0
93;special_project_facility_spawn;1268.00;9.70;937.00;4.68;0
93;special_project_facility_spawn;1263.00;9.50;942.00;0.55;0
93;special_project_facility_spawn;1414.00;9.50;925.00;5.09;0
93;special_project_facility_spawn;1255.00;9.75;931.00;2.37;0
93;rocket_site_spawn;1421.00;10.90;943.00;2.76;0
93;floating_harbor;1363.00;9.50;797.00;-3.45;803
93;floating_harbor;1245.00;9.50;1064.00;0.06;1659
93;floating_harbor;1254.00;9.50;948.00;0.00;1660
93;floating_harbor;1245.00;9.50;1064.00;0.18;1880
93;floating_harbor;1363.00;9.50;797.00;-3.52;2101
93;floating_harbor;1270.00;9.50;942.00;-1.57;2102
93;floating_harbor;1287.95;9.50;962.95;-0.79;2103
94;arms_factory;3194.00;9.90;1241.00;0.73;0
94;arms_factory;3168.00;15.85;1358.00;4.14;0
94;arms_factory;3231.00;10.45;1250.00;2.05;0
94;arms_factory;3228.00;9.90;1401.00;1.41;0
94;arms_factory;3209.00;10.12;1344.00;1.11;0
94;arms_factory;3111.00;10.57;1332.00;3.83;0
94;industrial_complex;3119.00;10.20;1392.00;4.00;0
94;industrial_complex;3133.00;10.68;1365.00;4.79;0
94;industrial_complex;3105.00;9.90;1473.00;3.42;0
94;industrial_complex;3150.00;14.78;1371.00;5.39;0
94;industrial_complex;3230.00;9.93;1398.00;2.90;0
94;industrial_complex;3163.00;10.00;1267.00;4.45;0
94;air_base;3151.00;15.85;1381.00;5.73;0
94;supply_node;3127.00;12.18;1311.00;4.63;0
94;supply_node;3205.00;9.85;1256.00;4.23;0
94;supply_node;3163.00;10.15;1253.00;1.30;0
94;supply_node;3295.00;10.23;1313.00;4.01;0
94;supply_node;3214.00;9.80;1405.00;5.80;0
94;supply_node;3306.00;9.90;1283.00;3.89;0
94;supply_node;3254.00;10.40;1266.00;4.43;0
94;supply_node;3101.00;10.25;1379.00;5.16;0
94;supply_node;3114.00;10.10;1469.00;3.45;0
94;supply_node;3074.00;9.60;1431.00;5.34;0
94;supply_node;3281.00;10.00;1291.00;4.49;0
94;supply_node;3232.00;9.90;1348.00;6.19;0
94;supply_node;3118.00;9.98;1402.00;1.06;0
94;supply_node;3117.00;11.30;1345.00;5.37;0
94;supply_node;3121.00;10.30;1432.00;0.66;0
94;supply_node;3169.00;13.65;1374.00;1.01;0
94;supply_node;3219.00;10.03;1297.00;4.58;0
94;supply_node;3162.00;10.53;1434.00;4.61;0
94;supply_node;3159.00;10.28;1302.00;2.97;0
94;supply_node;3147.00;9.50;1225.00;3.98;0
94;bunker;3167.00;10.05;1271.00;5.05;0
94;bunker;3105.00;9.90;1473.00;3.41;0
94;bunker;3238.00;10.12;1279.00;1.64;0
94;bunker;3263.00;10.73;1280.00;2.74;0
94;bunker;3073.00;9.90;1414.00;6.07;0
94;bunker;3147.00;11.18;1466.00;0.93;0
94;bunker;3197.00;10.23;1394.00;3.92;0
94;bunker;3125.00;11.65;1316.00;3.52;0
94;bunker;3133.00;10.68;1405.00;0.58;0
94;bunker;3134.00;9.78;1273.00;2.41;0
94;bunker;3212.00;10.28;1236.00;4.71;0
94;bunker;3258.00;9.68;1385.00;5.47;0
94;bunker;3266.00;10.40;1323.00;3.65;0
94;bunker;3139.00;10.48;1361.00;3.75;0
94;bunker;3146.00;14.53;1346.00;1.18;0
94;bunker;3317.00;9.90;1288.00;3.57;0
94;bunker;3114.00;10.88;1363.00;0.26;0
94;bunker;3138.00;10.88;1422.00;5.02;0
94;bunker;3298.00;9.85;1293.00;4.98;0
94;bunker;3145.00;9.50;1225.00;4.42;0
94;coastal_bunker;3084.00;9.50;1352.00;-0.94;0
94;coastal_bunker;3238.00;9.60;1421.00;-4.59;0
94;coastal_bunker;3047.00;9.50;1418.00;-1.12;0
94;coastal_bunker;3066.00;9.50;1391.00;-1.57;0
94;coastal_bunker;3126.00;9.50;1281.00;-0.84;0
94;coastal_bunker;3267.00;9.70;1368.00;-3.93;0
94;coastal_bunker;3113.00;9.50;1289.00;-0.61;0
94;coastal_bunker;3156.00;9.50;1229.00;-0.26;0
94;coastal_bunker;3148.00;9.50;1224.00;-1.57;0
94;stronghold_network;3153.00;13.40;1400.00;2.76;0
94;dockyard;3138.00;9.50;1257.00;-1.37;0
94;anti_air_building;3078.00;10.18;1406.00;2.70;0
94;anti_air_building;3254.00;9.93;1352.00;5.78;0
94;anti_air_building;3191.00;9.93;1323.00;2.02;0
94;synthetic_refinery;3207.00;10.12;1286.00;0.36;0
94;fuel_silo;3177.00;9.95;1239.00;3.47;0
94;radar_station;3192.00;12.78;1355.00;4.76;0
94;naval_supply_hub;3245.00;9.60;1408.00;-4.59;0
94;naval_supply_hub;3063.00;9.50;1398.00;-1.57;0
94;naval_supply_hub;3138.00;9.50;1257.00;-1.37;0
94;naval_supply_hub;3056.00;9.50;1405.00;-1.12;0
94;naval_supply_hub;3261.00;9.60;1389.00;-3.93;0
94;naval_supply_hub;3095.00;9.60;1347.00;-0.94;0
94;naval_supply_hub;3147.00;9.75;1226.00;-2.36;0
94;naval_supply_hub;3108.00;9.68;1298.00;-0.61;0
94;naval_supply_hub;3124.00;9.50;1282.00;-0.84;0
94;naval_headquarters;3059.00;9.50;1401.00;-1.12;0
94;naval_headquarters;3269.00;9.68;1363.00;-3.93;0
94;naval_headquarters;3130.00;9.50;1273.00;-0.84;0
94;naval_headquarters;3105.00;9.50;1326.00;-0.94;0
94;naval_headquarters;3152.00;9.50;1233.00;-1.37;0
94;naval_headquarters;3080.00;9.50;1366.00;-1.57;0
94;naval_headquarters;3116.00;9.50;1286.00;-0.61;0
94;naval_headquarters;3146.00;9.78;1226.00;-2.36;0
94;naval_headquarters;3249.00;9.50;1406.00;-4.59;0
94;nuclear_reactor_spawn;3281.00;10.00;1304.00;1.76;0
94;special_project_facility_spawn;3199.00;10.40;1340.00;1.58;0
94;special_project_facility_spawn;3274.00;10.20;1285.00;3.69;0
94;special_project_facility_spawn;3149.00;9.82;1245.00;5.05;0
94;special_project_facility_spawn;3064.00;9.70;1424.00;3.02;0
94;special_project_facility_spawn;3143.00;11.43;1420.00;3.69;0
94;special_project_facility_spawn;3291.00;10.23;1315.00;4.76;0
94;special_project_facility_spawn;3227.00;9.95;1297.00;4.96;0
94;special_project_facility_spawn;3152.00;11.32;1442.00;3.72;0
94;special_project_facility_spawn;3199.00;10.00;1401.00;1.71;0
94;special_project_facility_spawn;3155.00;10.25;1302.00;0.21;0
94;special_project_facility_spawn;3131.00;10.62;1366.00;5.28;0
94;special_project_facility_spawn;3277.00;10.68;1276.00;2.33;0
94;special_project_facility_spawn;3106.00;10.03;1305.00;3.98;0
94;special_project_facility_spawn;3186.00;10.00;1284.00;4.40;0
94;special_project_facility_spawn;3142.00;11.05;1314.00;3.90;0
94;special_project_facility_spawn;3268.00;10.43;1287.00;4.67;0
94;special_project_facility_spawn;3167.00;13.90;1377.00;2.17;0
94;special_project_facility_spawn;3090.00;9.93;1477.00;3.88;0
94;special_project_facility_spawn;3102.00;9.90;1404.00;2.97;0
94;special_project_facility_spawn;3147.00;9.75;1226.00;4.58;0
94;rocket_site_spawn;3328.00;10.30;1314.00;4.38;0
94;floating_harbor;3108.99;9.50;1285.27;-3.75;11
94;floating_harbor;3136.14;9.50;1247.63;-4.51;242
94;floating_harbor;3252.95;9.50;1409.87;-1.45;271
94;floating_harbor;3065.00;9.50;1379.00;1.57;362
94;floating_harbor;3042.69;9.50;1415.97;-4.26;429
94;floating_harbor;3390.00;9.50;1262.00;-2.32;467
94;floating_harbor;3092.36;9.50;1326.85;-4.08;510
94;floating_harbor;3123.80;9.50;1270.32;-3.98;722
95;arms_factory;3247.00;10.43;1238.00;2.05;0
95;arms_factory;3224.00;11.32;1211.00;1.41;0
95;arms_factory;3257.00;10.60;1235.00;1.11;0
95;arms_factory;3267.00;10.43;1216.00;3.83;0
95;arms_factory;3236.00;10.57;1233.00;4.00;0
95;arms_factory;3269.00;10.35;1243.00;4.79;0
95;industrial_complex;3186.00;12.25;1172.00;3.42;0
95;industrial_complex;3235.00;11.50;1190.00;5.39;0
95;industrial_complex;3268.00;10.25;1218.00;2.90;0
95;industrial_complex;3185.00;14.80;1183.00;4.45;0
95;industrial_complex;3190.00;10.53;1223.00;5.73;0
95;industrial_complex;3264.00;11.60;1230.00;0.15;0
95;air_base;3287.00;10.30;1227.00;0.76;0
95;supply_node;3283.00;10.12;1239.00;1.30;0
95;supply_node;3191.00;12.85;1201.00;4.01;0
95;supply_node;3240.00;12.85;1202.00;5.80;0
95;supply_node;3256.00;11.07;1228.00;3.89;0
95;supply_node;3315.00;9.90;1157.00;4.43;0
95;bunker;3186.00;13.05;1190.00;2.86;0
95;bunker;3295.00;9.90;1245.00;5.37;0
95;bunker;3225.00;10.68;1216.00;1.14;0
95;bunker;3254.00;10.50;1251.00;0.17;0
95;bunker;3314.00;9.82;1156.00;0.63;0
95;coastal_bunker;3165.00;9.50;1179.00;-0.43;0
95;coastal_bunker;3269.00;9.50;1200.00;0.72;0
95;coastal_bunker;3237.00;9.60;1183.00;0.53;0
95;coastal_bunker;3296.00;9.50;1223.00;0.54;0
95;coastal_bunker;3313.00;9.50;1155.00;-3.93;0
95;stronghold_network;3238.00;12.78;1196.00;3.39;0
95;dockyard;3305.00;9.50;1226.00;0.54;0
95;anti_air_building;3191.00;10.38;1170.00;0.86;0
95;anti_air_building;3182.00;15.55;1186.00;5.05;0
95;anti_air_building;3214.00;11.05;1196.00;3.41;0
95;synthetic_refinery;3189.00;11.65;1205.00;1.64;0
95;fuel_silo;3245.00;10.30;1249.00;2.74;0
95;radar_station;3240.00;12.05;1209.00;0.46;0
95;naval_supply_hub;3187.00;9.50;1162.00;-0.43;0
95;naval_supply_hub;3245.00;10.15;1189.00;0.53;0
95;naval_supply_hub;3298.00;9.50;1223.00;0.54;0
95;naval_supply_hub;3311.00;9.82;1160.00;-3.93;0
95;naval_supply_hub;3284.00;9.62;1206.00;0.72;0
95;naval_headquarters;3164.00;9.50;1181.00;-0.43;0
95;naval_headquarters;3320.00;9.53;1157.00;-3.93;0
95;naval_headquarters;3274.00;9.50;1201.00;0.72;0
95;naval_headquarters;3233.00;9.50;1183.00;0.53;0
95;naval_headquarters;3291.00;9.65;1217.00;0.54;0
95;nuclear_reactor_spawn;3243.00;10.35;1241.00;3.57;0
95;special_project_facility_spawn;3168.00;10.78;1172.00;0.26;0
95;special_project_facility_spawn;3267.00;10.10;1205.00;5.02;0
95;special_project_facility_spawn;3291.00;10.12;1234.00;4.98;0
95;special_project_facility_spawn;3238.00;12.25;1217.00;4.42;0
95;special_project_facility_spawn;3311.00;9.88;1159.00;2.18;0
95;rocket_site_spawn;3288.00;10.10;1238.00;6.06;0
95;floating_harbor;3298.60;9.50;1213.00;-2.60;74
95;floating_harbor;3263.00;9.50;1163.00;-1.76;422
95;floating_harbor;3250.53;9.50;1183.95;-2.61;468
95;floating_harbor;3282.62;9.50;1197.74;-2.42;641
96;arms_factory;3347.00;9.78;1360.00;1.11;0
96;arms_factory;3306.00;9.82;1253.00;3.83;0
96;arms_factory;3354.00;9.65;1353.00;4.00;0
96;arms_factory;3354.00;10.18;1285.00;4.79;0
96;arms_factory;3364.00;9.90;1282.00;3.42;0
96;arms_factory;3342.00;9.90;1337.00;5.39;0
96;industrial_complex;3359.00;10.40;1291.00;2.90;0
96;industrial_complex;3299.00;9.90;1262.00;4.45;0
96;industrial_complex;3378.00;9.60;1338.00;5.73;0
96;industrial_complex;3361.00;9.75;1267.00;0.15;0
96;industrial_complex;3325.00;9.80;1253.00;0.76;0
96;industrial_complex;3346.00;9.90;1279.00;5.43;0
96;air_base;3361.00;9.95;1270.00;1.39;0
96;supply_node;3372.00;10.75;1303.00;5.80;0
96;supply_node;3332.00;9.80;1262.00;3.89;0
96;supply_node;3360.00;9.95;1330.00;4.43;0
96;bunker;3309.00;9.90;1246.00;2.86;0
96;bunker;3367.00;10.20;1292.00;5.37;0
96;bunker;3343.00;10.30;1305.00;1.14;0
96;coastal_bunker;3338.00;9.50;1246.00;1.19;0
96;coastal_bunker;3397.00;9.60;1316.00;-4.15;0
96;coastal_bunker;3377.00;9.50;1290.00;1.11;0
96;stronghold_network;3359.00;9.85;1342.00;1.96;0
96;dockyard;3333.00;9.50;1233.00;1.19;0
96;anti_air_building;3345.00;9.85;1272.00;1.15;0
96;anti_air_building;3380.00;9.85;1291.00;0.91;0
96;anti_air_building;3302.00;9.88;1246.00;3.39;0
96;synthetic_refinery;3362.00;10.73;1302.00;2.04;0
96;fuel_silo;3362.00;9.82;1333.00;0.86;0
96;radar_station;3345.00;10.30;1307.00;1.21;0
96;naval_supply_hub;3398.00;9.60;1322.00;-4.15;0
96;naval_supply_hub;3360.00;9.50;1262.00;1.19;0
96;naval_supply_hub;3393.00;9.75;1308.00;1.11;0
96;naval_headquarters;3355.00;9.60;1354.00;-4.15;0
96;naval_headquarters;3334.00;9.55;1240.00;1.19;0
96;naval_headquarters;3384.00;9.75;1299.00;1.11;0
96;nuclear_reactor_spawn;3370.00;9.75;1335.00;3.52;0
96;special_project_facility_spawn;3359.00;10.18;1314.00;0.58;0
96;special_project_facility_spawn;3357.00;10.78;1303.00;2.41;0
96;special_project_facility_spawn;3344.00;9.80;1270.00;4.71;0
96;rocket_site_spawn;3337.00;9.98;1281.00;5.47;0
96;floating_harbor;3390.26;9.50;1293.87;-2.03;75
96;floating_harbor;3358.50;9.50;1251.40;-1.95;511
97;arms_factory;4199.00;10.15;1537.00;4.00;0
97;arms_factory;4243.00;10.57;1491.00;4.79;0
97;arms_factory;4130.00;9.60;1484.00;3.42;0
97;arms_factory;4195.00;10.00;1493.00;5.39;0
97;arms_factory;4219.00;12.98;1448.00;2.90;0
97;arms_factory;4217.00;10.65;1554.00;4.45;0
97;industrial_complex;4268.00;10.73;1580.00;5.73;0
97;industrial_complex;4167.00;10.07;1509.00;0.15;0
97;industrial_complex;4229.00;10.85;1482.00;0.76;0
97;industrial_complex;4175.00;9.93;1492.00;5.43;0
97;industrial_complex;4186.00;10.28;1550.00;1.39;0
97;industrial_complex;4193.00;9.93;1495.00;5.28;0
97;air_base;4221.00;11.00;1580.00;4.33;0
97;supply_node;4253.00;11.48;1423.00;4.43;0
97;supply_node;4166.00;9.98;1528.00;5.16;0
97;supply_node;4230.00;11.65;1455.00;3.45;0
97;supply_node;4190.00;10.15;1569.00;5.34;0
97;supply_node;4239.00;10.40;1494.00;4.49;0
97;supply_node;4212.00;10.23;1525.00;6.19;0
97;supply_node;4235.00;10.55;1541.00;1.06;0
97;supply_node;4264.00;10.85;1580.00;5.37;0
97;supply_node;4213.00;11.30;1600.00;0.66;0
97;supply_node;4179.00;10.05;1486.00;1.01;0
97;supply_node;4156.00;10.07;1455.00;4.58;0
97;supply_node;4114.00;10.07;1459.00;4.61;0
97;supply_node;4137.00;9.75;1495.00;2.97;0
97;supply_node;4275.00;9.50;1480.00;3.98;0
97;bunker;4153.00;9.90;1528.00;5.05;0
97;bunker;4240.00;11.03;1474.00;3.41;0
97;bunker;4246.00;10.57;1567.00;1.64;0
97;bunker;4119.00;9.85;1473.00;2.74;0
97;bunker;4135.00;9.70;1510.00;6.07;0
97;bunker;4228.00;11.78;1444.00;0.93;0
97;bunker;4263.00;10.03;1575.00;3.92;0
97;bunker;4200.00;10.23;1542.00;3.52;0
97;bunker;4190.00;11.57;1472.00;0.58;0
97;bunker;4187.00;10.38;1550.00;2.41;0
97;bunker;4155.00;10.07;1448.00;4.71;0
97;bunker;4240.00;10.23;1533.00;5.47;0
97;bunker;4265.00;9.98;1419.00;3.65;0
97;bunker;4276.00;9.60;1480.00;3.75;0
97;coastal_bunker;4279.00;9.65;1484.00;-4.64;0
97;coastal_bunker;4223.00;9.90;1618.00;1.21;0
97;coastal_bunker;4259.00;9.50;1456.00;-4.60;0
97;coastal_bunker;4274.00;9.80;1429.00;-4.66;0
97;coastal_bunker;4269.00;9.50;1572.00;-2.55;0
97;coastal_bunker;4246.00;9.50;1548.00;1.27;0
97;coastal_bunker;4274.00;9.50;1480.00;-1.57;0
97;stronghold_network;4186.00;10.82;1478.00;6.06;0
97;dockyard;4272.00;9.68;1495.00;-4.64;0
97;anti_air_building;4198.00;10.48;1545.00;2.47;0
97;anti_air_building;4207.00;10.62;1578.00;3.89;0
97;anti_air_building;4214.00;10.00;1515.00;4.68;0
97;synthetic_refinery;4196.00;11.53;1627.00;0.55;0
97;fuel_silo;4182.00;10.07;1572.00;5.09;0
97;radar_station;4186.00;10.20;1524.00;4.34;0
97;naval_supply_hub;4270.00;9.50;1485.00;-4.64;0
97;naval_supply_hub;4257.00;9.70;1459.00;-4.60;0
97;naval_supply_hub;4276.00;9.75;1431.00;-4.66;0
97;naval_supply_hub;4256.00;9.70;1586.00;-2.55;0
97;naval_supply_hub;4273.00;9.50;1482.00;-1.57;0
97;naval_supply_hub;4224.00;9.90;1595.00;1.21;0
97;naval_supply_hub;4257.00;9.70;1526.00;1.27;0
97;naval_headquarters;4257.00;9.73;1525.00;1.27;0
97;naval_headquarters;4264.00;9.80;1498.00;-4.64;0
97;naval_headquarters;4238.00;9.80;1582.00;1.21;0
97;naval_headquarters;4274.00;9.50;1481.00;-1.57;0
97;naval_headquarters;4274.00;9.62;1470.00;-4.60;0
97;naval_headquarters;4280.00;9.50;1577.00;-2.55;0
97;naval_headquarters;4274.00;9.73;1436.00;-4.66;0
97;nuclear_reactor_spawn;4203.00;10.73;1480.00;3.90;0
97;special_project_facility_spawn;4173.00;10.00;1565.00;0.43;0
97;special_project_facility_spawn;4217.00;10.30;1531.00;3.62;0
97;special_project_facility_spawn;4143.00;9.90;1474.00;4.56;0
97;special_project_facility_spawn;4205.00;10.73;1589.00;2.92;0
97;special_project_facility_spawn;4232.00;10.53;1485.00;2.11;0
97;special_project_facility_spawn;4180.00;10.03;1499.00;5.76;0
97;special_project_facility_spawn;4148.00;9.85;1528.00;5.58;0
97;special_project_facility_spawn;4154.00;10.32;1450.00;4.90;0
97;special_project_facility_spawn;4262.00;10.32;1422.00;0.24;0
97;special_project_facility_spawn;4223.00;12.68;1458.00;0.74;0
97;special_project_facility_spawn;4262.00;10.40;1586.00;3.59;0
97;special_project_facility_spawn;4254.00;10.18;1524.00;1.76;0
97;special_project_facility_spawn;4118.00;9.93;1471.00;1.58;0
97;special_project_facility_spawn;4273.00;9.50;1482.00;3.69;0
97;rocket_site_spawn;4152.00;9.80;1535.00;5.05;0
97;floating_harbor;4278.99;9.50;1424.37;-1.52;46
97;floating_harbor;4272.96;9.50;1459.77;-1.46;131
97;floating_harbor;4273.98;9.50;1496.50;-1.50;192
97;floating_harbor;4254.69;9.50;1534.94;-1.87;459
97;floating_harbor;4256.12;9.50;1591.82;0.59;471
97;floating_harbor;4298.00;9.50;1543.00;-2.21;480
98;arms_factory;4250.00;14.28;1680.00;3.42;0
98;arms_factory;4298.00;15.93;1742.00;5.39;0
98;arms_factory;4387.00;13.65;1746.00;2.90;0
98;arms_factory;4283.00;13.80;1655.00;4.45;0
98;arms_factory;4369.00;13.68;1673.00;5.73;0
98;arms_factory;4299.00;16.55;1710.00;0.15;0
98;industrial_complex;4503.00;16.00;1830.00;0.76;0
98;industrial_complex;4340.00;12.43;1868.00;5.43;0
98;industrial_complex;4431.00;11.80;1701.00;1.39;0
98;industrial_complex;4265.00;13.70;1874.00;5.28;0
98;industrial_complex;4469.00;17.00;1842.00;4.33;0
98;industrial_complex;4395.00;13.53;1762.00;0.66;0
98;air_base;4292.00;15.70;1811.00;2.86;0
98;supply_node;4472.00;14.28;1734.00;3.45;0
98;supply_node;4245.00;14.55;1663.00;5.34;0
98;supply_node;4442.00;16.88;1852.00;4.49;0
98;supply_node;4384.00;14.28;1710.00;6.19;0
98;supply_node;4286.00;14.73;1684.00;1.06;0
98;supply_node;4335.00;13.45;1761.00;5.37;0
98;supply_node;4213.00;11.38;1669.00;0.66;0
98;supply_node;4265.00;13.62;1810.00;1.01;0
98;supply_node;4439.00;15.98;1770.00;4.58;0
98;supply_node;4505.00;10.35;1928.00;4.61;0
98;supply_node;4494.00;9.50;1930.00;2.97;0
98;bunker;4407.00;15.18;1822.00;0.86;0
98;bunker;4224.00;11.90;1695.00;5.05;0
98;bunker;4362.00;13.20;1812.00;3.41;0
98;bunker;4286.00;12.95;1831.00;1.64;0
98;bunker;4324.00;13.68;1651.00;2.74;0
98;bunker;4226.00;12.25;1680.00;6.07;0
98;bunker;4439.00;16.02;1771.00;0.93;0
98;bunker;4379.00;14.07;1712.00;3.92;0
98;bunker;4443.00;11.98;1710.00;3.52;0
98;bunker;4494.00;9.50;1930.00;0.58;0
98;bunker;4502.00;9.88;1929.00;2.41;0
98;coastal_bunker;4449.00;9.78;1686.00;0.92;0
98;coastal_bunker;4510.00;9.75;1931.00;-3.14;0
98;coastal_bunker;4254.00;10.15;1634.00;0.71;0
98;coastal_bunker;4496.00;9.78;1931.00;-1.57;0
98;coastal_bunker;4550.00;9.88;1859.00;1.46;0
98;coastal_bunker;4417.00;10.48;1689.00;0.80;0
98;coastal_bunker;4285.00;9.50;1644.00;-0.14;0
98;stronghold_network;4325.00;12.90;1775.00;5.02;0
98;dockyard;4413.00;10.18;1683.00;0.80;0
98;anti_air_building;4279.00;14.05;1656.00;4.42;0
98;anti_air_building;4354.00;13.95;1760.00;2.18;0
98;anti_air_building;4447.00;14.60;1747.00;6.06;0
98;synthetic_refinery;4336.00;15.88;1674.00;0.31;0
98;fuel_silo;4493.00;14.07;1742.00;2.47;0
98;radar_station;4375.00;13.65;1734.00;4.78;0
98;naval_supply_hub;4256.00;9.75;1635.00;0.71;0
98;naval_supply_hub;4511.00;10.10;1900.00;-4.05;0
98;naval_supply_hub;4412.00;9.50;1682.00;0.80;0
98;naval_supply_hub;4525.00;9.50;1778.00;0.92;0
98;naval_supply_hub;4502.00;9.50;1931.00;-3.14;0
98;naval_supply_hub;4278.00;9.90;1648.00;-0.14;0
98;naval_supply_hub;4493.00;9.50;1931.00;-1.57;0
98;naval_headquarters;4445.00;9.50;1684.00;0.92;0
98;naval_headquarters;4540.00;9.85;1799.00;1.46;0
98;naval_headquarters;4277.00;10.60;1629.00;-0.14;0
98;naval_headquarters;4407.00;9.78;1677.00;0.80;0
98;naval_headquarters;4263.00;10.55;1643.00;0.71;0
98;naval_headquarters;4509.00;9.93;1931.00;-3.14;0
98;naval_headquarters;4496.00;9.78;1931.00;-1.57;0
98;nuclear_reactor_spawn;4501.00;16.33;1827.00;5.68;0
98;special_project_facility_spawn;4401.00;14.50;1781.00;3.37;0
98;special_project_facility_spawn;4298.00;15.53;1691.00;2.94;0
98;special_project_facility_spawn;4323.00;12.70;1843.00;2.43;0
98;special_project_facility_spawn;4454.00;12.03;1705.00;3.90;0
98;special_project_facility_spawn;4274.00;11.68;1652.00;0.43;0
98;special_project_facility_spawn;4343.00;13.70;1818.00;3.62;0
98;special_project_facility_spawn;4372.00;13.73;1711.00;4.56;0
98;special_project_facility_spawn;4233.00;11.70;1814.00;2.92;0
98;special_project_facility_spawn;4213.00;11.93;1650.00;2.11;0
98;special_project_facility_spawn;4492.00;9.50;1929.00;5.76;0
98;special_project_facility_spawn;4508.00;10.18;1930.00;5.58;0
98;rocket_site_spawn;4425.00;15.95;1855.00;4.90;0
98;floating_harbor;4490.55;9.50;1719.73;-2.23;70
98;floating_harbor;4267.56;9.50;1636.69;-2.43;109
98;floating_harbor;4518.53;9.50;1911.29;-0.91;233
98;floating_harbor;4417.04;9.50;1678.14;-2.34;241
98;floating_harbor;4298.00;9.50;1543.00;-2.94;329
98;floating_harbor;4505.00;9.50;1936.00;0.00;1702
98;floating_harbor;4660.00;9.50;1788.00;-2.28;2023
99;arms_factory;4047.00;9.90;1301.00;2.90;0
99;arms_factory;4050.00;9.85;1307.00;4.45;0
99;arms_factory;4014.00;9.90;1308.00;5.73;0
99;arms_factory;4069.00;9.90;1309.00;0.15;0
99;arms_factory;4050.00;9.55;1266.00;0.76;0
99;arms_factory;4042.00;9.55;1096.00;5.43;0
99;industrial_complex;4040.00;10.05;1292.00;1.39;0
99;industrial_complex;4079.00;10.55;1180.00;5.28;0
99;industrial_complex;4052.00;9.95;1251.00;4.33;0
99;industrial_complex;4034.00;9.85;1308.00;0.66;0
99;industrial_complex;4051.00;9.70;1282.00;2.86;0
99;industrial_complex;4055.00;10.20;1138.00;5.37;0
99;air_base;4015.00;9.93;1305.00;1.14;0
99;supply_node;4059.00;9.70;1124.00;4.49;0
99;supply_node;4042.00;9.70;1315.00;6.19;0
99;supply_node;4090.00;10.30;1166.00;1.06;0
99;supply_node;4040.00;10.07;1293.00;5.37;0
99;supply_node;4063.00;13.75;1229.00;0.66;0
99;supply_node;4027.00;9.50;1118.00;1.01;0
99;bunker;4039.00;9.70;1315.00;0.91;0
99;bunker;4087.00;11.73;1197.00;3.39;0
99;bunker;4051.00;9.75;1121.00;2.04;0
99;bunker;4087.00;10.15;1153.00;0.86;0
99;bunker;4057.00;9.62;1286.00;5.05;0
99;bunker;4026.00;9.50;1119.00;3.41;0
99;coastal_bunker;4085.00;9.88;1215.00;-3.31;0
99;coastal_bunker;4039.00;9.50;1105.00;-0.24;0
99;coastal_bunker;4100.00;9.57;1185.00;-3.87;0
99;coastal_bunker;4058.00;9.50;1282.00;1.15;0
99;coastal_bunker;4077.00;9.50;1300.00;1.14;0
99;coastal_bunker;4027.00;9.50;1117.00;-3.93;0
99;stronghold_network;4095.00;9.80;1196.00;0.58;0
99;dockyard;4062.00;9.50;1118.00;-0.24;0
99;anti_air_building;4045.00;9.90;1123.00;4.71;0
99;anti_air_building;4048.00;10.03;1289.00;5.47;0
99;anti_air_building;4080.00;10.10;1154.00;3.65;0
99;synthetic_refinery;4037.00;9.80;1312.00;3.75;0
99;fuel_silo;4095.00;10.30;1186.00;1.18;0
99;radar_station;4064.00;18.38;1222.00;3.82;0
99;naval_supply_hub;4062.00;9.50;1111.00;-0.24;0
99;naval_supply_hub;4100.00;9.50;1144.00;-3.87;0
99;naval_supply_hub;4049.00;9.55;1265.00;-3.31;0
99;naval_supply_hub;4056.00;9.50;1280.00;1.15;0
99;naval_supply_hub;4077.00;9.50;1300.00;1.14;0
99;naval_supply_hub;4027.00;9.50;1115.00;-3.93;0
99;naval_headquarters;4052.00;9.50;1116.00;-0.24;0
99;naval_headquarters;4101.00;9.50;1178.00;-3.87;0
99;naval_headquarters;4052.00;9.55;1273.00;1.15;0
99;naval_headquarters;4051.00;9.57;1258.00;-3.31;0
99;naval_headquarters;4027.00;9.50;1118.00;-3.93;0
99;naval_headquarters;4067.00;9.50;1296.00;1.14;0
99;nuclear_reactor_spawn;4039.00;9.93;1265.00;2.37;0
99;special_project_facility_spawn;4094.00;10.12;1177.00;2.76;0
99;special_project_facility_spawn;4023.00;9.93;1320.00;3.49;0
99;special_project_facility_spawn;4061.00;9.50;1290.00;2.70;0
99;special_project_facility_spawn;4070.00;9.80;1133.00;5.78;0
99;special_project_facility_spawn;4086.00;12.35;1201.00;2.02;0
99;special_project_facility_spawn;4025.00;9.50;1120.00;0.36;0
99;rocket_site_spawn;4069.00;9.50;1299.00;3.47;0
99;floating_harbor;4043.00;9.50;1076.00;-3.49;225
99;floating_harbor;4081.37;9.50;1297.10;-2.00;321
99;floating_harbor;4102.65;9.50;1180.23;-0.73;337
99;floating_harbor;4066.38;9.50;1281.13;-1.99;528
99;floating_harbor;4066.15;9.50;1247.90;-0.17;720
99;floating_harbor;4043.00;9.50;1076.00;-2.79;2174
100;arms_factory;4041.00;17.15;1224.00;5.73;0
100;arms_factory;4048.00;17.20;1216.00;0.15;0
100;arms_factory;3979.00;13.32;1282.00;0.76;0
100;arms_factory;3994.00;11.18;1283.00;5.43;0
100;arms_factory;4023.00;10.43;1286.00;1.39;0
100;arms_factory;4021.00;10.55;1263.00;5.28;0
100;industrial_complex;4028.00;10.38;1295.00;4.33;0
100;industrial_complex;4030.00;10.23;1256.00;0.66;0
100;industrial_complex;4049.00;11.07;1241.00;2.86;0
100;industrial_complex;4053.00;11.25;1203.00;5.37;0
100;industrial_complex;3998.00;9.80;1316.00;1.14;0
100;industrial_complex;4003.00;13.43;1264.00;0.17;0
100;air_base;4006.00;14.68;1253.00;0.63;0
100;supply_node;4043.00;16.48;1230.00;1.06;0
100;supply_node;4014.00;11.25;1290.00;5.37;0
100;supply_node;3992.00;11.20;1283.00;0.66;0
100;bunker;3999.00;11.38;1285.00;1.15;0
100;bunker;4072.00;11.62;1199.00;0.91;0
100;bunker;4008.00;10.43;1280.00;3.39;0
100;stronghold_network;3996.00;11.98;1291.00;2.04;0
100;anti_air_building;4068.00;11.57;1197.00;0.86;0
100;anti_air_building;4011.00;11.53;1267.00;5.05;0
100;anti_air_building;4013.00;11.73;1256.00;3.41;0
100;synthetic_refinery;3994.00;12.10;1293.00;1.64;0
100;fuel_silo;3993.00;11.07;1286.00;2.74;0
100;radar_station;4027.00;10.60;1251.00;0.46;0
100;nuclear_reactor_spawn;3997.00;13.85;1261.00;0.93;0
100;special_project_facility_spawn;4031.00;10.30;1293.00;3.92;0
100;special_project_facility_spawn;4034.00;10.12;1260.00;3.52;0
100;special_project_facility_spawn;3998.00;11.38;1286.00;0.58;0
100;rocket_site_spawn;3987.00;12.20;1295.00;2.41;0
101;arms_factory;4255.00;9.50;889.00;0.76;0
101;arms_factory;3988.00;9.60;980.00;5.43;0
101;arms_factory;4343.00;9.50;820.00;1.39;0
101;arms_factory;3996.00;10.05;959.00;5.28;0
101;arms_factory;3944.00;9.65;993.00;4.33;0
101;arms_factory;4487.00;9.75;916.00;0.66;0
101;industrial_complex;4610.00;10.20;867.00;2.86;0
101;industrial_complex;4247.00;9.50;925.00;5.37;0
101;industrial_complex;4625.00;11.25;845.00;1.14;0
101;industrial_complex;4525.00;9.65;855.00;0.17;0
101;industrial_complex;4644.00;9.80;856.00;0.63;0
101;industrial_complex;4130.00;9.90;958.00;1.42;0
101;air_base;4153.00;10.15;923.00;1.96;0
101;supply_node;4455.00;9.85;904.00;0.66;0
101;supply_node;4501.00;10.10;904.00;1.01;0
101;supply_node;4548.00;10.25;907.00;4.58;0
101;supply_node;4526.00;10.15;881.00;4.61;0
101;supply_node;4569.00;9.80;825.00;2.97;0
101;supply_node;4433.00;9.70;937.00;3.98;0
101;supply_node;4636.00;10.10;830.00;1.21;0
101;supply_node;4528.00;9.60;853.00;0.55;0
101;supply_node;4529.00;9.62;831.00;2.30;0
101;supply_node;4597.00;10.80;870.00;4.92;0
101;supply_node;4568.00;10.80;876.00;0.46;0
101;supply_node;4559.00;10.28;852.00;0.35;0
101;supply_node;4204.00;10.03;951.00;0.35;0
101;supply_node;4215.00;9.75;981.00;1.81;0
101;supply_node;4119.00;9.80;952.00;3.22;0
101;supply_node;4192.00;9.78;988.00;2.76;0
101;supply_node;4156.00;9.95;918.00;2.96;0
101;supply_node;4156.00;10.38;948.00;3.39;0
101;supply_node;4189.00;9.90;916.00;3.85;0
101;supply_node;3964.00;10.32;981.00;3.95;0
101;supply_node;3929.00;10.05;1020.00;1.93;0
101;supply_node;3994.00;10.35;952.00;3.82;0
101;supply_node;3997.00;10.65;920.00;0.26;0
101;supply_node;4022.00;12.28;931.00;3.88;0
101;supply_node;4033.00;10.98;894.00;1.18;0
101;supply_node;4252.00;9.50;884.00;3.48;0
101;supply_node;4271.00;9.50;932.00;5.87;0
101;supply_node;4115.00;9.60;840.00;4.71;0
101;supply_node;4057.00;9.50;855.00;3.07;0
101;supply_node;4325.00;9.50;809.00;4.83;0
101;supply_node;4398.00;9.50;905.00;4.78;0
101;supply_node;4378.00;9.50;908.00;1.10;0
101;supply_node;4276.00;9.50;819.00;5.97;0
101;supply_node;4259.00;9.55;821.00;2.05;0
101;supply_node;4294.00;9.50;824.00;4.34;0
101;supply_node;4223.00;9.60;819.00;4.91;0
101;supply_node;4368.00;9.50;968.00;3.57;0
101;supply_node;4252.00;9.50;802.00;3.38;0
101;supply_node;4055.00;9.93;921.00;4.16;0
101;supply_node;4347.00;9.50;903.00;4.12;0
101;supply_node;4458.00;9.50;860.00;2.80;0
101;supply_node;4184.00;10.65;824.00;5.33;0
101;supply_node;4363.00;9.60;982.00;4.76;0
101;supply_node;4324.00;9.50;929.00;5.78;0
101;supply_node;4201.00;10.90;821.00;0.98;0
101;supply_node;4159.00;10.00;845.00;3.04;0
101;supply_node;4081.00;9.73;912.00;5.36;0
101;supply_node;4295.00;9.50;876.00;5.11;0
101;supply_node;4416.00;9.55;838.00;4.51;0
101;supply_node;4006.00;9.50;970.00;2.00;0
101;supply_node;3935.00;9.50;969.00;5.29;0
101;supply_node;4289.00;9.50;877.00;6.28;0
101;supply_node;4406.00;9.50;953.00;5.19;0
101;supply_node;4318.00;9.50;825.00;3.26;0
101;supply_node;4478.00;9.50;943.00;1.18;0
101;supply_node;3954.00;9.50;934.00;2.17;0
101;supply_node;4483.00;9.53;930.00;0.93;0
101;supply_node;4363.00;9.50;933.00;4.95;0
101;supply_node;4342.00;9.50;833.00;0.15;0
101;supply_node;4359.00;9.50;949.00;3.32;0
101;supply_node;4397.00;9.50;928.00;5.93;0
101;supply_node;4372.00;9.50;900.00;0.97;0
101;supply_node;4198.00;9.53;899.00;1.03;0
101;supply_node;4373.00;9.65;995.00;5.75;0
101;supply_node;3913.00;9.50;995.00;0.50;0
101;supply_node;4298.00;9.50;786.00;4.45;0
101;supply_node;4086.00;9.50;1015.00;1.16;0
101;supply_node;3992.00;9.53;983.00;3.43;0
101;supply_node;4304.00;9.50;824.00;6.04;0
101;supply_node;4281.00;9.50;874.00;3.90;0
101;supply_node;4301.00;9.50;935.00;3.21;0
101;supply_node;4295.00;9.50;937.00;0.91;0
101;supply_node;4033.00;9.50;969.00;2.12;0
101;supply_node;3975.00;9.50;908.00;1.68;0
101;supply_node;4438.00;9.50;868.00;3.39;0
101;supply_node;4036.00;9.50;950.00;1.65;0
101;supply_node;4032.00;9.50;945.00;1.01;0
101;supply_node;4408.00;9.50;827.00;0.78;0
101;supply_node;4297.00;9.50;892.00;1.17;0
101;supply_node;3970.00;9.50;915.00;4.11;0
101;supply_node;4260.00;9.50;861.00;2.06;0
101;supply_node;4338.00;9.50;922.00;2.59;0
101;supply_node;3947.00;9.53;945.00;3.91;0
101;supply_node;4027.00;9.50;969.00;5.06;0
101;supply_node;4280.00;9.50;789.00;0.33;0
101;supply_node;4187.00;9.68;848.00;1.86;0
101;supply_node;4278.00;9.50;951.00;5.76;0
101;supply_node;4002.00;9.50;872.00;4.54;0
101;supply_node;3965.00;9.50;922.00;0.54;0
101;supply_node;4387.00;9.50;957.00;4.31;0
101;bunker;4289.00;9.50;944.00;5.08;0
101;bunker;4514.00;10.07;888.00;1.62;0
101;bunker;3986.00;10.07;960.00;0.18;0
101;bunker;3976.00;10.03;976.00;5.66;0
101;bunker;4573.00;10.62;819.00;3.45;0
101;bunker;4562.00;10.32;879.00;5.37;0
101;bunker;4175.00;9.90;959.00;3.23;0
101;bunker;4006.00;10.65;911.00;3.61;0
101;bunker;4175.00;10.10;919.00;2.53;0
101;bunker;4628.00;9.93;831.00;3.26;0
101;bunker;4103.00;9.70;965.00;2.72;0
101;bunker;3938.00;9.75;1031.00;6.11;0
101;bunker;4498.00;10.32;887.00;4.12;0
101;bunker;4525.00;9.75;919.00;1.12;0
101;bunker;4604.00;10.40;859.00;1.36;0
101;bunker;4426.00;9.55;934.00;4.20;0
101;bunker;4569.00;11.28;843.00;6.12;0
101;bunker;4210.00;9.70;987.00;3.48;0
101;bunker;4208.00;9.95;945.00;2.01;0
101;bunker;4015.00;11.90;931.00;4.87;0
101;bunker;4027.00;10.05;884.00;3.38;0
101;bunker;4113.00;9.50;845.00;2.56;0
101;bunker;4195.00;9.60;911.00;0.48;0
101;bunker;4321.00;9.50;804.00;5.56;0
101;bunker;4200.00;9.70;1004.00;1.27;0
101;bunker;4256.00;9.50;892.00;5.86;0
101;bunker;4517.00;9.57;857.00;6.23;0
101;bunker;4204.00;10.20;822.00;3.92;0
101;bunker;4255.00;9.50;799.00;0.78;0
101;bunker;4547.00;9.90;827.00;0.12;0
101;bunker;4449.00;9.65;905.00;3.23;0
101;bunker;4375.00;9.53;978.00;1.49;0
101;bunker;4399.00;9.50;927.00;3.02;0
101;bunker;4362.00;9.55;985.00;5.38;0
101;bunker;3933.00;9.68;975.00;6.19;0
101;bunker;4385.00;9.50;907.00;2.49;0
101;bunker;4292.00;9.50;870.00;1.04;0
101;bunker;4221.00;9.80;819.00;2.95;0
101;bunker;4273.00;9.50;819.00;3.99;0
101;bunker;4062.00;9.80;913.00;0.21;0
101;bunker;4186.00;11.50;825.00;2.08;0
101;bunker;4319.00;9.50;929.00;0.79;0
101;bunker;4156.00;10.03;847.00;0.97;0
101;bunker;4058.00;9.50;850.00;0.26;0
101;bunker;4080.00;9.60;915.00;0.79;0
101;bunker;4394.00;9.50;907.00;2.01;0
101;bunker;4277.00;9.50;952.00;0.23;0
101;bunker;4263.00;9.50;819.00;0.27;0
101;bunker;4344.00;9.50;904.00;5.76;0
101;bunker;4373.00;9.65;995.00;5.90;0
101;bunker;4260.00;9.50;865.00;4.05;0
101;bunker;4279.00;9.50;790.00;3.98;0
101;bunker;4415.00;9.50;838.00;6.25;0
101;bunker;4461.00;9.55;867.00;0.59;0
101;bunker;4436.00;9.50;864.00;0.62;0
101;bunker;4035.00;9.50;949.00;5.23;0
101;bunker;4366.00;9.50;899.00;3.07;0
101;bunker;4366.00;9.50;933.00;0.18;0
101;bunker;4337.00;9.50;925.00;4.34;0
101;bunker;4288.00;9.50;874.00;1.94;0
101;bunker;4190.00;9.50;848.00;5.63;0
101;bunker;3991.00;9.53;984.00;0.08;0
101;bunker;4359.00;9.50;952.00;4.53;0
101;bunker;4087.00;9.50;1016.00;4.21;0
101;bunker;4408.00;9.50;828.00;2.39;0
101;bunker;4320.00;9.50;826.00;1.38;0
101;bunker;4480.00;9.50;944.00;5.82;0
101;bunker;4483.00;9.53;930.00;1.34;0
101;bunker;3975.00;9.50;906.00;3.61;0
101;bunker;3955.00;9.60;937.00;5.43;0
101;bunker;4001.00;9.50;872.00;4.92;0
101;bunker;4007.00;9.53;967.00;2.28;0
101;bunker;4387.00;9.50;958.00;5.46;0
101;bunker;4295.00;9.50;936.00;2.25;0
101;bunker;3971.00;9.78;915.00;0.78;0
101;bunker;4282.00;9.50;874.00;4.57;0
101;bunker;4410.00;9.50;955.00;5.44;0
101;bunker;4027.00;9.50;970.00;1.58;0
101;bunker;3967.00;9.50;921.00;2.57;0
101;bunker;4302.00;9.50;936.00;3.52;0
101;bunker;4033.00;9.70;945.00;4.83;0
101;bunker;4199.00;9.57;900.00;2.75;0
101;bunker;3911.00;9.53;997.00;3.00;0
101;bunker;4292.00;9.50;823.00;2.07;0
101;bunker;4343.00;9.50;833.00;2.77;0
101;bunker;3947.00;9.53;945.00;2.99;0
101;bunker;4034.00;9.53;970.00;3.61;0
101;bunker;4298.00;9.50;786.00;2.24;0
101;bunker;4303.00;9.50;823.00;0.19;0
101;bunker;4297.00;9.50;893.00;0.00;0
101;coastal_bunker;4174.00;9.65;834.00;1.37;0
101;coastal_bunker;4597.00;9.73;835.00;0.94;0
101;coastal_bunker;4523.00;9.53;847.00;-1.11;0
101;coastal_bunker;4408.00;9.50;827.00;-3.93;0
101;coastal_bunker;4193.00;9.50;899.00;0.62;0
101;coastal_bunker;4087.00;9.50;1014.00;-3.14;0
101;coastal_bunker;4461.00;9.50;915.00;-4.15;0
101;coastal_bunker;4454.00;9.50;937.00;-3.99;0
101;coastal_bunker;4512.00;9.50;825.00;-0.38;0
101;coastal_bunker;3913.00;9.50;997.00;1.57;0
101;coastal_bunker;3973.00;9.50;911.00;-3.93;0
101;coastal_bunker;4296.00;9.50;886.00;-3.14;0
101;coastal_bunker;4270.00;9.50;937.00;-3.72;0
101;coastal_bunker;3951.00;9.50;983.00;-1.14;0
101;coastal_bunker;4340.00;9.50;822.00;-3.93;0
101;coastal_bunker;3957.00;9.50;930.00;0.79;0
101;coastal_bunker;4371.00;9.50;992.00;-1.57;0
101;coastal_bunker;3971.00;9.50;944.00;-1.07;0
101;coastal_bunker;4198.00;9.65;819.00;0.00;0
101;coastal_bunker;4366.00;9.50;991.00;-3.14;0
101;coastal_bunker;4437.00;9.50;867.00;-1.57;0
101;coastal_bunker;4365.00;9.50;932.00;-1.57;0
101;coastal_bunker;4374.00;9.50;968.00;0.00;0
101;coastal_bunker;3936.00;9.50;996.00;-2.47;0
101;coastal_bunker;4479.00;9.50;946.00;-3.14;0
101;coastal_bunker;4049.00;9.50;851.00;-2.36;0
101;coastal_bunker;4317.00;9.50;824.00;-1.57;0
101;coastal_bunker;4405.00;9.50;897.00;0.79;0
101;coastal_bunker;4405.00;9.50;954.00;-0.79;0
101;coastal_bunker;4031.00;9.50;969.00;-3.14;0
101;coastal_bunker;3995.00;9.50;905.00;-1.37;0
101;coastal_bunker;4167.00;9.68;848.00;-3.93;0
101;coastal_bunker;4099.00;9.50;977.00;-1.02;0
101;coastal_bunker;4577.00;9.50;826.00;1.21;0
101;coastal_bunker;4397.00;9.50;926.00;-1.57;0
101;coastal_bunker;4596.00;9.57;896.00;-3.79;0
101;coastal_bunker;4556.00;9.62;915.00;-2.55;0
101;coastal_bunker;4185.00;9.50;817.00;-3.14;0
101;coastal_bunker;4414.00;9.50;839.00;-3.93;0
101;coastal_bunker;4498.00;9.55;924.00;-2.53;0
101;coastal_bunker;3992.00;9.55;986.00;-3.14;0
101;coastal_bunker;4186.00;9.50;849.00;-1.57;0
101;coastal_bunker;4280.00;9.50;818.00;-0.46;0
101;coastal_bunker;4280.00;9.50;875.00;1.57;0
101;coastal_bunker;3999.00;9.50;979.00;-3.14;0
101;coastal_bunker;4261.00;9.50;860.00;-1.57;0
101;coastal_bunker;4218.00;9.50;939.00;0.34;0
101;coastal_bunker;3947.00;9.50;948.00;-3.14;0
101;coastal_bunker;4037.00;9.50;871.00;0.20;0
101;coastal_bunker;4231.00;9.50;821.00;-4.39;0
101;coastal_bunker;4247.00;9.50;900.00;-0.24;0
101;coastal_bunker;4048.00;10.20;932.00;-3.14;0
101;coastal_bunker;4462.00;9.50;868.00;-1.57;0
101;coastal_bunker;4280.00;9.50;951.00;-1.57;0
101;coastal_bunker;4032.00;9.50;944.00;1.57;0
101;coastal_bunker;4211.00;9.50;1011.00;-3.95;0
101;coastal_bunker;4339.00;9.50;920.00;-3.93;0
101;coastal_bunker;4197.00;9.50;900.00;1.57;0
101;coastal_bunker;4242.00;9.50;803.00;1.57;0
101;coastal_bunker;4510.00;9.50;870.00;-1.37;0
101;coastal_bunker;4022.00;9.60;940.00;-3.84;0
101;coastal_bunker;4078.00;9.50;914.00;-1.57;0
101;coastal_bunker;4376.00;9.50;899.00;-1.57;0
101;coastal_bunker;4256.00;9.50;824.00;-1.57;0
101;coastal_bunker;4000.00;9.50;873.00;-1.57;0
101;coastal_bunker;4164.00;9.50;904.00;-0.88;0
101;coastal_bunker;4287.00;9.50;876.00;-3.14;0
101;coastal_bunker;4297.00;9.50;892.00;-3.93;0
101;coastal_bunker;4360.00;9.50;953.00;-2.90;0
101;coastal_bunker;4343.00;9.50;900.00;-3.93;0
101;coastal_bunker;4389.00;9.50;956.00;-3.14;0
101;coastal_bunker;4302.00;9.50;822.00;-3.14;0
101;coastal_bunker;4337.00;9.50;832.00;-3.14;0
101;coastal_bunker;3939.00;9.50;963.00;-3.93;0
101;coastal_bunker;4295.00;9.50;937.00;1.57;0
101;coastal_bunker;4035.00;9.60;950.00;-1.57;0
101;coastal_bunker;4235.00;9.50;967.00;1.48;0
101;coastal_bunker;3970.00;9.50;916.00;1.57;0
101;coastal_bunker;4299.00;9.50;786.00;-4.12;0
101;coastal_bunker;4366.00;9.50;906.00;-1.57;0
101;coastal_bunker;4300.00;9.50;936.00;-3.14;0
101;coastal_bunker;4491.00;9.50;930.00;-1.57;0
101;coastal_bunker;4318.00;9.50;932.00;1.57;0
101;coastal_bunker;4291.00;9.50;824.00;1.57;0
101;coastal_bunker;3964.00;9.50;925.00;-3.14;0
101;coastal_bunker;4280.00;9.50;789.00;-3.14;0
101;coastal_bunker;4028.00;9.50;971.00;-1.57;0
101;stronghold_network;4644.00;10.05;817.00;1.08;0
101;dockyard;4581.00;10.05;822.00;1.21;0
101;anti_air_building;4520.00;9.80;870.00;3.68;0
101;anti_air_building;4375.00;9.50;901.00;5.45;0
101;anti_air_building;4561.00;11.28;873.00;3.02;0
101;synthetic_refinery;4427.00;9.60;946.00;2.43;0
101;fuel_silo;4542.00;10.00;868.00;6.25;0
101;radar_station;4288.00;9.50;908.00;1.83;0
101;naval_supply_hub;4481.00;9.50;945.00;-3.14;0
101;naval_supply_hub;4405.00;9.50;903.00;0.79;0
101;naval_supply_hub;4098.00;9.50;958.00;-1.02;0
101;naval_supply_hub;4474.00;9.55;904.00;-4.15;0
101;naval_supply_hub;4018.00;9.50;882.00;0.20;0
101;naval_supply_hub;4294.00;9.50;934.00;1.57;0
101;naval_supply_hub;4005.00;9.50;975.00;-3.14;0
101;naval_supply_hub;4322.00;9.50;974.00;-3.72;0
101;naval_supply_hub;4347.00;9.50;819.00;-3.93;0
101;naval_supply_hub;3974.00;9.50;913.00;-3.93;0
101;naval_supply_hub;4515.00;9.53;826.00;-0.38;0
101;naval_supply_hub;4202.00;9.50;913.00;0.62;0
101;naval_supply_hub;3955.00;9.53;939.00;-3.14;0
101;naval_supply_hub;4247.00;9.50;803.00;1.57;0
101;naval_supply_hub;4164.00;9.50;845.00;-3.93;0
101;naval_supply_hub;4589.00;9.57;900.00;1.41;0
101;naval_supply_hub;4635.00;9.65;849.00;0.94;0
101;naval_supply_hub;4217.00;9.50;958.00;1.50;0
101;naval_supply_hub;4282.00;9.50;876.00;1.57;0
101;naval_supply_hub;4234.00;9.55;824.00;-4.39;0
101;naval_supply_hub;4168.00;9.50;822.00;1.37;0
101;naval_supply_hub;3966.00;9.50;953.00;-1.46;0
101;naval_supply_hub;4033.00;10.12;934.00;-3.84;0
101;naval_supply_hub;4224.00;9.50;987.00;1.48;0
101;naval_supply_hub;4191.00;10.60;826.00;-3.14;0
101;naval_supply_hub;4440.00;9.50;873.00;-1.57;0
101;naval_supply_hub;4158.00;9.50;908.00;-0.88;0
101;naval_supply_hub;4302.00;9.50;935.00;-3.14;0
101;naval_supply_hub;4288.00;9.50;877.00;-3.14;0
101;naval_supply_hub;4412.00;9.50;831.00;-3.93;0
101;naval_supply_hub;4296.00;9.50;894.00;-3.93;0
101;naval_supply_hub;4347.00;9.50;835.00;-3.14;0
101;naval_supply_hub;4218.00;9.50;1011.00;-3.95;0
101;naval_supply_hub;4367.00;9.50;948.00;0.00;0
101;naval_supply_hub;3935.00;9.50;1000.00;-2.47;0
101;naval_supply_hub;4486.00;9.53;930.00;-1.57;0
101;naval_supply_hub;4247.00;9.50;878.00;-0.24;0
101;naval_supply_hub;4205.00;9.90;822.00;0.00;0
101;naval_supply_hub;3932.00;9.50;976.00;-3.93;0
101;naval_supply_hub;4355.00;9.50;903.00;-3.93;0
101;naval_supply_hub;4298.00;9.50;787.00;-4.12;0
101;naval_supply_hub;4059.00;9.50;863.00;-2.36;0
101;naval_supply_hub;4362.00;9.50;976.00;-3.14;0
101;naval_supply_hub;4311.00;9.50;823.00;-1.57;0
101;naval_supply_hub;4342.00;9.50;929.00;1.57;0
101;naval_supply_hub;3974.00;9.53;995.00;-1.14;0
101;naval_supply_hub;3911.00;9.50;996.00;1.57;0
101;naval_supply_hub;4601.00;9.55;896.00;-3.79;0
101;naval_supply_hub;4592.00;9.85;832.00;1.21;0
101;naval_supply_hub;4452.00;9.50;942.00;-3.99;0
101;naval_supply_hub;4395.00;9.50;930.00;-1.57;0
101;naval_supply_hub;4001.00;9.50;901.00;-1.37;0
101;naval_supply_hub;4054.00;9.50;920.00;-3.14;0
101;naval_supply_hub;4296.00;9.50;881.00;-3.14;0
101;naval_supply_hub;4504.00;9.50;876.00;-1.37;0
101;naval_supply_hub;4375.00;9.60;996.00;-1.57;0
101;naval_supply_hub;4338.00;9.50;924.00;-3.93;0
101;naval_supply_hub;4406.00;9.50;827.00;-3.93;0
101;naval_supply_hub;4462.00;9.50;862.00;-1.57;0
101;naval_supply_hub;4294.00;9.50;821.00;1.57;0
101;naval_supply_hub;4364.00;9.50;907.00;-1.57;0
101;naval_supply_hub;4373.00;9.50;900.00;-1.57;0
101;naval_supply_hub;4025.00;9.50;970.00;-1.57;0
101;naval_supply_hub;4358.00;9.50;953.00;-2.90;0
101;naval_supply_hub;4253.00;9.50;818.00;-1.57;0
101;naval_supply_hub;4494.00;9.55;923.00;-2.53;0
101;naval_supply_hub;4362.00;9.50;937.00;-1.57;0
101;naval_supply_hub;4088.00;9.50;1015.00;-3.14;0
101;naval_supply_hub;4526.00;9.50;849.00;-1.11;0
101;naval_supply_hub;4406.00;9.50;953.00;-0.79;0
101;naval_supply_hub;4197.00;9.50;900.00;1.57;0
101;naval_supply_hub;4186.00;9.50;848.00;-1.57;0
101;naval_supply_hub;4277.00;9.50;951.00;-1.57;0
101;naval_supply_hub;3993.00;9.50;981.00;-3.14;0
101;naval_supply_hub;4272.00;9.50;816.00;-0.46;0
101;naval_supply_hub;4032.00;9.50;972.00;-3.14;0
101;naval_supply_hub;3971.00;9.50;913.00;1.57;0
101;naval_supply_hub;4004.00;9.50;871.00;-1.57;0
101;naval_supply_hub;3948.00;9.50;944.00;-3.14;0
101;naval_supply_hub;4261.00;9.50;861.00;-1.57;0
101;naval_supply_hub;4386.00;9.50;959.00;-3.14;0
101;naval_supply_hub;4038.00;9.50;949.00;-1.57;0
101;naval_supply_hub;4078.00;9.50;914.00;-1.57;0
101;naval_supply_hub;4282.00;9.50;790.00;-3.14;0
101;naval_supply_hub;4031.00;9.50;946.00;1.57;0
101;naval_supply_hub;4305.00;9.50;826.00;-3.14;0
101;naval_supply_hub;3964.00;9.50;924.00;-3.14;0
101;naval_headquarters;4405.00;9.50;953.00;-0.79;0
101;naval_headquarters;4027.00;9.50;873.00;0.20;0
101;naval_headquarters;4191.00;9.55;899.00;0.62;0
101;naval_headquarters;4280.00;9.50;789.00;-3.14;0
101;naval_headquarters;4398.00;9.50;931.00;-1.57;0
101;naval_headquarters;4643.00;9.53;837.00;0.94;0
101;naval_headquarters;4374.00;9.70;999.00;-1.57;0
101;naval_headquarters;4288.00;9.50;908.00;0.33;0
101;naval_headquarters;4294.00;9.50;785.00;-1.11;0
101;naval_headquarters;4224.00;9.62;828.00;-4.39;0
101;naval_headquarters;3985.00;9.50;917.00;-1.37;0
101;naval_headquarters;4103.00;9.50;836.00;-1.47;0
101;naval_headquarters;4013.00;9.50;969.00;-3.14;0
101;naval_headquarters;4464.00;9.50;908.00;-4.15;0
101;naval_headquarters;4064.00;9.70;916.00;-3.14;0
101;naval_headquarters;4481.00;9.50;940.00;-3.14;0
101;naval_headquarters;4367.00;9.50;952.00;0.00;0
101;naval_headquarters;4351.00;9.50;819.00;-3.93;0
101;naval_headquarters;4286.00;9.50;876.00;-3.14;0
101;naval_headquarters;4539.00;9.50;828.00;-0.38;0
101;naval_headquarters;4228.00;9.50;967.00;1.48;0
101;naval_headquarters;4216.00;9.70;944.00;1.50;0
101;naval_headquarters;4147.00;9.50;904.00;-0.88;0
101;naval_headquarters;4287.00;9.50;820.00;-4.61;0
101;naval_headquarters;4488.00;9.55;923.00;-2.53;0
101;naval_headquarters;4363.00;9.55;988.00;-3.14;0
101;naval_headquarters;4248.00;9.50;802.00;1.57;0
101;naval_headquarters;4018.00;9.60;944.00;-3.84;0
101;naval_headquarters;3926.00;9.62;1037.00;-2.47;0
101;naval_headquarters;4412.00;9.50;833.00;-3.93;0
101;naval_headquarters;3947.00;9.50;986.00;-1.14;0
101;naval_headquarters;4428.00;9.50;922.00;-1.22;0
101;naval_headquarters;4402.00;9.50;908.00;0.79;0
101;naval_headquarters;4345.00;9.50;909.00;-3.93;0
101;naval_headquarters;4297.00;9.50;823.00;1.57;0
101;naval_headquarters;4380.00;9.50;912.00;-1.57;0
101;naval_headquarters;4085.00;9.50;908.00;-1.57;0
101;naval_headquarters;4117.00;9.50;912.00;-1.02;0
101;naval_headquarters;4619.00;9.57;878.00;-3.79;0
101;naval_headquarters;4057.00;9.50;862.00;-2.36;0
101;naval_headquarters;4556.00;9.50;813.00;1.21;0
101;naval_headquarters;4521.00;9.50;851.00;-1.11;0
101;naval_headquarters;4460.00;9.50;856.00;-1.57;0
101;naval_headquarters;3913.00;9.50;996.00;1.57;0
101;naval_headquarters;4251.00;9.50;868.00;-0.24;0
101;naval_headquarters;4361.00;9.50;953.00;-2.90;0
101;naval_headquarters;3995.00;9.53;979.00;-4.11;0
101;naval_headquarters;3937.00;9.50;965.00;-3.93;0
101;naval_headquarters;4039.00;9.60;949.00;-1.57;0
101;naval_headquarters;4297.00;9.50;883.00;-3.14;0
101;naval_headquarters;3990.00;9.50;986.00;-3.14;0
101;naval_headquarters;4545.00;9.53;919.00;-2.55;0
101;naval_headquarters;4366.00;9.50;899.00;-1.57;0
101;naval_headquarters;4157.00;9.78;848.00;-3.93;0
101;naval_headquarters;4256.00;9.50;818.00;-1.57;0
101;naval_headquarters;4315.00;9.50;929.00;1.57;0
101;naval_headquarters;4190.00;9.50;822.00;-3.14;0
101;naval_headquarters;3956.00;9.53;938.00;-3.14;0
101;naval_headquarters;4033.00;9.50;972.00;-3.14;0
101;naval_headquarters;4345.00;9.50;835.00;-3.14;0
101;naval_headquarters;3976.00;9.50;909.00;-3.93;0
101;naval_headquarters;4214.00;9.50;1012.00;-3.95;0
101;naval_headquarters;3947.00;9.50;944.00;-3.14;0
101;naval_headquarters;4322.00;9.50;825.00;-1.57;0
101;naval_headquarters;4483.00;9.55;931.00;-1.57;0
101;naval_headquarters;4204.00;9.88;820.00;0.00;0
101;naval_headquarters;4502.00;9.50;877.00;-1.37;0
101;naval_headquarters;4299.00;9.50;936.00;-3.14;0
101;naval_headquarters;4189.00;9.50;848.00;-1.57;0
101;naval_headquarters;4034.00;9.50;943.00;1.57;0
101;naval_headquarters;4302.00;9.50;823.00;-3.14;0
101;naval_headquarters;4028.00;9.50;970.00;-1.57;0
101;naval_headquarters;4338.00;9.50;920.00;-3.93;0
101;naval_headquarters;4084.00;9.50;1016.00;-3.14;0
101;naval_headquarters;4388.00;9.50;956.00;-3.14;0
101;naval_headquarters;4295.00;9.50;935.00;1.57;0
101;naval_headquarters;4409.00;9.50;828.00;-3.93;0
101;naval_headquarters;4277.00;9.50;950.00;-1.57;0
101;naval_headquarters;4438.00;9.50;867.00;-1.57;0
101;naval_headquarters;4281.00;9.50;872.00;1.57;0
101;naval_headquarters;4200.00;9.55;901.00;1.57;0
101;naval_headquarters;4362.00;9.50;937.00;-1.57;0
101;naval_headquarters;4260.00;9.50;864.00;-1.57;0
101;naval_headquarters;3964.00;9.50;924.00;-3.14;0
101;naval_headquarters;4004.00;9.68;872.00;-1.57;0
101;naval_headquarters;4300.00;9.50;893.00;-3.93;0
101;naval_headquarters;3969.00;9.50;917.00;1.57;0
101;nuclear_reactor_spawn;3980.00;10.05;972.00;1.44;0
101;special_project_facility_spawn;4644.00;9.70;859.00;4.07;0
101;special_project_facility_spawn;3971.00;10.10;964.00;2.16;0
101;special_project_facility_spawn;4186.00;10.93;827.00;2.63;0
101;special_project_facility_spawn;4014.00;11.98;918.00;0.56;0
101;special_project_facility_spawn;4597.00;10.80;863.00;3.10;0
101;special_project_facility_spawn;4285.00;9.50;890.00;6.28;0
101;special_project_facility_spawn;4572.00;10.20;889.00;4.57;0
101;special_project_facility_spawn;4182.00;9.70;967.00;0.47;0
101;special_project_facility_spawn;4011.00;11.40;925.00;5.74;0
101;special_project_facility_spawn;4153.00;10.20;919.00;5.51;0
101;special_project_facility_spawn;4294.00;9.50;874.00;1.96;0
101;special_project_facility_spawn;4554.00;9.90;892.00;5.23;0
101;special_project_facility_spawn;4097.00;9.50;838.00;4.50;0
101;special_project_facility_spawn;4539.00;9.88;850.00;0.88;0
101;special_project_facility_spawn;4016.00;12.40;926.00;0.10;0
101;special_project_facility_spawn;4564.00;11.25;868.00;2.65;0
101;special_project_facility_spawn;4530.00;9.75;835.00;3.31;0
101;special_project_facility_spawn;4051.00;9.60;892.00;5.11;0
101;special_project_facility_spawn;4194.00;9.82;939.00;6.26;0
101;special_project_facility_spawn;4316.00;9.50;809.00;1.82;0
101;special_project_facility_spawn;4201.00;10.15;955.00;0.71;0
101;special_project_facility_spawn;3936.00;10.15;1026.00;2.37;0
101;special_project_facility_spawn;4477.00;9.78;902.00;5.42;0
101;special_project_facility_spawn;4349.00;9.50;905.00;2.25;0
101;special_project_facility_spawn;4143.00;10.15;971.00;3.73;0
101;special_project_facility_spawn;4543.00;9.90;855.00;4.02;0
101;special_project_facility_spawn;4316.00;9.50;929.00;4.67;0
101;special_project_facility_spawn;4166.00;10.18;951.00;3.64;0
101;special_project_facility_spawn;4514.00;9.95;922.00;4.98;0
101;special_project_facility_spawn;4437.00;9.60;944.00;1.00;0
101;special_project_facility_spawn;4224.00;9.60;975.00;3.33;0
101;special_project_facility_spawn;4583.00;10.10;832.00;4.30;0
101;special_project_facility_spawn;4248.00;9.50;875.00;5.21;0
101;special_project_facility_spawn;4362.00;9.55;983.00;5.69;0
101;special_project_facility_spawn;4395.00;9.50;906.00;3.97;0
101;special_project_facility_spawn;4036.00;9.50;950.00;5.04;0
101;special_project_facility_spawn;4251.00;9.50;805.00;4.85;0
101;special_project_facility_spawn;4063.00;9.90;916.00;0.82;0
101;special_project_facility_spawn;4278.00;9.50;819.00;5.48;0
101;special_project_facility_spawn;4376.00;9.50;909.00;3.40;0
101;special_project_facility_spawn;4369.00;9.50;967.00;0.17;0
101;special_project_facility_spawn;4221.00;9.80;819.00;0.88;0
101;special_project_facility_spawn;4361.00;9.50;934.00;1.35;0
101;special_project_facility_spawn;4061.00;9.50;854.00;2.05;0
101;special_project_facility_spawn;4407.00;9.50;827.00;6.15;0
101;special_project_facility_spawn;4256.00;9.50;820.00;3.82;0
101;special_project_facility_spawn;4370.00;9.50;898.00;3.23;0
101;special_project_facility_spawn;4281.00;9.50;791.00;0.00;0
101;special_project_facility_spawn;3975.00;9.50;908.00;5.43;0
101;special_project_facility_spawn;4163.00;9.82;846.00;1.72;0
101;special_project_facility_spawn;3956.00;9.60;933.00;2.14;0
101;special_project_facility_spawn;4288.00;9.50;880.00;2.82;0
101;special_project_facility_spawn;4278.00;9.50;951.00;1.93;0
101;special_project_facility_spawn;4459.00;9.50;860.00;2.21;0
101;special_project_facility_spawn;4411.00;9.50;956.00;3.28;0
101;special_project_facility_spawn;4084.00;9.55;909.00;5.09;0
101;special_project_facility_spawn;4003.00;9.50;871.00;0.83;0
101;special_project_facility_spawn;4008.00;9.55;967.00;4.72;0
101;special_project_facility_spawn;4398.00;9.50;929.00;5.06;0
101;special_project_facility_spawn;4359.00;9.50;952.00;5.66;0
101;special_project_facility_spawn;4482.00;9.53;931.00;6.02;0
101;special_project_facility_spawn;3938.00;9.65;965.00;4.86;0
101;special_project_facility_spawn;4317.00;9.50;826.00;4.34;0
101;special_project_facility_spawn;4261.00;9.50;863.00;1.75;0
101;special_project_facility_spawn;4439.00;9.50;869.00;5.45;0
101;special_project_facility_spawn;4373.00;9.55;993.00;5.12;0
101;special_project_facility_spawn;4415.00;9.53;837.00;5.99;0
101;special_project_facility_spawn;4027.00;9.50;970.00;5.12;0
101;special_project_facility_spawn;4188.00;9.50;848.00;2.84;0
101;special_project_facility_spawn;4338.00;9.50;924.00;3.14;0
101;special_project_facility_spawn;3965.00;9.50;923.00;6.10;0
101;special_project_facility_spawn;4302.00;9.50;937.00;4.30;0
101;special_project_facility_spawn;4295.00;9.50;936.00;3.58;0
101;special_project_facility_spawn;3993.00;9.55;983.00;2.31;0
101;special_project_facility_spawn;4483.00;9.50;940.00;0.89;0
101;special_project_facility_spawn;4281.00;9.50;874.00;0.89;0
101;special_project_facility_spawn;4202.00;10.80;822.00;4.25;0
101;special_project_facility_spawn;4292.00;9.50;822.00;3.67;0
101;special_project_facility_spawn;4199.00;9.57;900.00;3.99;0
101;special_project_facility_spawn;3947.00;9.53;945.00;0.99;0
101;special_project_facility_spawn;4344.00;9.50;834.00;3.16;0
101;special_project_facility_spawn;4086.00;9.50;1016.00;2.11;0
101;special_project_facility_spawn;4303.00;9.50;823.00;3.93;0
101;special_project_facility_spawn;4298.00;9.50;786.00;4.92;0
101;special_project_facility_spawn;4387.00;9.50;957.00;1.65;0
101;special_project_facility_spawn;4298.00;9.50;893.00;5.74;0
101;special_project_facility_spawn;4033.00;9.70;945.00;3.00;0
101;special_project_facility_spawn;3911.00;9.53;997.00;2.21;0
101;special_project_facility_spawn;4034.00;9.53;970.00;1.45;0
101;special_project_facility_spawn;3971.00;9.78;915.00;0.52;0
101;rocket_site_spawn;4216.00;9.65;955.00;1.97;0
101;floating_harbor;4380.00;9.50;843.00;-3.97;1407
101;floating_harbor;4484.96;9.50;926.72;0.61;1408
101;floating_harbor;4536.12;9.50;924.82;0.59;1409
101;floating_harbor;4495.15;9.50;874.57;-4.51;1410
101;floating_harbor;4601.00;9.50;775.00;-2.67;1411
101;floating_harbor;4415.42;9.50;930.61;-4.36;1412
101;floating_harbor;4601.00;9.50;775.00;-3.92;1413
101;floating_harbor;4513.74;9.50;845.87;-4.25;1414
101;floating_harbor;4524.40;9.50;819.50;-3.52;1415
101;floating_harbor;4614.25;9.50;892.56;-0.65;1416
101;floating_harbor;4211.35;9.50;930.41;-2.80;1419
101;floating_harbor;4232.97;9.50;979.37;-1.66;1420
101;floating_harbor;4100.04;9.50;940.33;-4.16;1421
101;floating_harbor;4222.05;9.50;1016.85;-0.81;1423
101;floating_harbor;4075.00;9.50;951.00;1.01;1426
101;floating_harbor;4198.07;9.50;903.30;-2.52;1429
101;floating_harbor;3944.64;9.50;972.07;-4.28;1443
101;floating_harbor;3878.00;9.50;1010.00;-4.40;1444
101;floating_harbor;4015.77;9.50;966.97;-0.97;1445
101;floating_harbor;3980.14;9.50;916.63;-4.51;1446
101;floating_harbor;4031.48;9.50;942.38;-0.69;1447
101;floating_harbor;3977.00;9.50;828.00;-4.00;1448
101;floating_harbor;4220.00;9.50;781.00;-3.45;1506
101;floating_harbor;4380.00;9.50;843.00;-2.15;1507
101;floating_harbor;4078.03;9.50;836.30;-4.61;1523
101;floating_harbor;4051.05;9.50;860.95;0.79;1524
101;floating_harbor;4380.00;9.50;843.00;-1.03;1568
101;floating_harbor;4403.95;9.50;899.05;-2.36;1584
101;floating_harbor;4380.00;9.50;843.00;-3.06;1585
101;floating_harbor;4271.87;9.50;810.74;-3.61;1592
101;floating_harbor;4220.00;9.50;781.00;-3.91;1593
101;floating_harbor;4380.00;9.50;843.00;-1.35;1594
101;floating_harbor;4220.00;9.50;781.00;-3.29;1597
101;floating_harbor;4368.00;9.50;960.00;-3.14;1611
101;floating_harbor;4220.00;9.50;781.00;-4.15;1615
101;floating_harbor;4075.00;9.50;951.00;-0.60;1616
101;floating_harbor;4380.00;9.50;843.00;-2.66;1632
101;floating_harbor;4380.00;9.50;843.00;-4.50;1646
101;floating_harbor;4184.00;9.50;832.00;0.00;1680
101;floating_harbor;4363.00;9.50;990.00;0.00;1681
101;floating_harbor;4380.00;9.50;843.00;-2.59;1686
101;floating_harbor;4201.00;9.50;813.00;-3.14;1690
101;floating_harbor;4164.95;9.50;850.95;-0.79;1691
101;floating_harbor;4075.00;9.50;951.00;0.15;1694
101;floating_harbor;4380.00;9.50;843.00;-1.95;1700
101;floating_harbor;4421.95;9.50;843.95;-0.79;1706
101;floating_harbor;4006.00;9.50;978.00;0.00;1714
101;floating_harbor;3940.95;9.50;974.95;-0.79;1717
101;floating_harbor;4289.00;9.50;885.00;0.00;1731
101;floating_harbor;4400.05;9.50;948.05;-3.93;1732
101;floating_harbor;4380.00;9.50;843.00;-1.29;1740
101;floating_harbor;4478.00;9.50;951.00;0.00;1748
101;floating_harbor;3954.00;9.50;943.00;0.00;1750
101;floating_harbor;4502.00;9.50;967.00;-0.47;1753
101;floating_harbor;4380.00;9.50;843.00;-2.95;1755
101;floating_harbor;4342.00;9.50;841.00;0.00;1769
101;floating_harbor;4364.95;9.50;943.05;-2.36;1770
101;floating_harbor;4380.00;9.50;843.00;-3.34;1777
101;floating_harbor;4380.00;9.50;843.00;-3.00;1808
101;floating_harbor;4206.00;9.50;899.00;-1.57;1815
101;floating_harbor;4362.00;9.50;1007.00;0.74;1816
101;floating_harbor;3921.00;9.50;995.00;-1.57;1837
101;floating_harbor;4289.74;9.50;781.87;-4.25;1851
101;floating_harbor;4086.00;9.50;1023.00;0.00;1852
101;floating_harbor;3992.00;9.50;991.00;0.00;1866
101;floating_harbor;4304.00;9.50;832.00;0.00;1870
101;floating_harbor;4380.00;9.50;843.00;-1.88;1890
101;floating_harbor;4380.00;9.50;843.00;-2.44;1904
101;floating_harbor;4380.00;9.50;843.00;-2.41;1905
101;floating_harbor;4033.00;9.50;977.00;0.00;1930
101;floating_harbor;3979.95;9.50;913.95;-0.79;1948
101;floating_harbor;4380.00;9.50;843.00;-4.31;1984
101;floating_harbor;4075.00;9.50;951.00;-1.55;1986
101;floating_harbor;4040.00;9.50;945.00;-1.57;2009
101;floating_harbor;4380.00;9.50;843.00;1.09;2032
101;floating_harbor;4302.95;9.50;897.95;-0.79;2034
101;floating_harbor;3978.00;9.50;915.00;-1.57;2035
101;floating_harbor;4220.00;9.50;781.00;-3.61;2059
101;floating_harbor;4342.95;9.50;927.95;-0.79;2060
101;floating_harbor;3947.00;9.50;953.00;0.00;2061
101;floating_harbor;4075.00;9.50;951.00;-1.93;2062
101;floating_harbor;4280.00;9.50;797.00;0.00;2170
101;floating_harbor;4220.00;9.50;781.00;-2.68;2220
101;floating_harbor;4362.00;9.50;1007.00;-0.98;2224
101;floating_harbor;3977.00;9.50;828.00;-3.66;2275
101;floating_harbor;3965.00;9.50;930.00;0.00;2278
102;arms_factory;4003.00;10.65;1026.00;1.39;0
102;arms_factory;4008.00;10.48;1008.00;5.28;0
102;arms_factory;3992.00;10.20;1022.00;4.33;0
102;arms_factory;4005.00;10.20;999.00;0.66;0
102;arms_factory;3989.00;9.70;1010.00;2.86;0
102;arms_factory;4013.00;10.10;992.00;5.37;0
102;industrial_complex;3998.00;10.28;1021.00;1.14;0
102;industrial_complex;4003.00;10.38;1008.00;0.17;0
102;industrial_complex;3995.00;10.30;1024.00;0.63;0
102;industrial_complex;4000.00;9.73;996.00;1.42;0
102;industrial_complex;4003.00;10.60;1023.00;1.96;0
102;industrial_complex;3997.00;9.62;997.00;0.90;0
102;air_base;3989.00;10.03;1018.00;1.15;0
102;supply_node;4020.00;9.93;984.00;4.58;0
102;supply_node;3991.00;10.20;1024.00;4.61;0
102;supply_node;4006.00;10.28;1002.00;2.97;0
102;bunker;4011.00;10.10;994.00;0.86;0
102;bunker;4008.00;10.62;1023.00;5.05;0
102;bunker;4023.00;9.75;982.00;3.41;0
102;coastal_bunker;3985.00;9.50;1010.00;-1.39;0
102;coastal_bunker;4017.00;9.70;1010.00;-4.25;0
102;coastal_bunker;4020.00;9.55;996.00;-3.32;0
102;stronghold_network;3986.00;10.55;1040.00;0.93;0
102;dockyard;4020.00;9.50;974.00;1.29;0
102;anti_air_building;4007.00;10.32;1004.00;3.52;0
102;anti_air_building;3989.00;9.98;1017.00;0.58;0
102;anti_air_building;3997.00;10.25;1012.00;2.41;0
102;synthetic_refinery;4004.00;10.28;1005.00;4.71;0
102;fuel_silo;3994.00;9.78;1001.00;5.47;0
102;radar_station;4003.00;10.40;1012.00;3.85;0
102;naval_supply_hub;4017.00;9.65;1018.00;-4.25;0
102;naval_supply_hub;3980.00;9.50;1016.00;-1.39;0
102;naval_supply_hub;4023.00;9.55;995.00;-3.32;0
102;naval_headquarters;3975.00;9.50;1035.00;-1.39;0
102;naval_headquarters;4018.00;9.55;1006.00;-4.25;0
102;naval_headquarters;4027.00;9.60;984.00;1.29;0
102;nuclear_reactor_spawn;4016.00;9.68;982.00;4.42;0
102;special_project_facility_spawn;4003.00;9.62;991.00;2.18;0
102;special_project_facility_spawn;4017.00;9.55;980.00;6.06;0
102;special_project_facility_spawn;3989.00;9.55;1007.00;0.31;0
102;rocket_site_spawn;4019.00;9.68;994.00;2.47;0
102;floating_harbor;4033.73;9.50;980.08;-1.85;125
102;floating_harbor;3973.11;9.50;1020.75;-4.53;146
102;floating_harbor;4024.26;9.50;1011.13;-1.11;726
103;arms_factory;3740.00;10.10;1415.00;4.33;0
103;arms_factory;3705.00;9.65;1447.00;0.66;0
103;arms_factory;3792.00;10.12;1404.00;2.86;0
103;arms_factory;3772.00;10.15;1401.00;5.37;0
103;arms_factory;3758.00;10.03;1401.00;1.14;0
103;arms_factory;3793.00;9.80;1389.00;0.17;0
103;industrial_complex;3773.00;10.55;1410.00;0.63;0
103;industrial_complex;3730.00;9.70;1408.00;1.42;0
103;industrial_complex;3726.00;9.70;1435.00;1.96;0
103;industrial_complex;3793.00;10.68;1410.00;0.90;0
103;industrial_complex;3721.00;9.70;1439.00;1.15;0
103;industrial_complex;3699.00;9.70;1440.00;0.91;0
103;air_base;3698.00;9.70;1435.00;3.39;0
103;supply_node;3717.00;9.70;1431.00;2.97;0
103;supply_node;3769.00;10.43;1409.00;3.98;0
103;bunker;3725.00;9.70;1414.00;5.05;0
103;bunker;3764.00;10.50;1412.00;3.41;0
103;stronghold_network;3716.00;9.73;1435.00;1.64;0
103;anti_air_building;3745.00;10.03;1428.00;2.74;0
103;anti_air_building;3729.00;9.80;1442.00;6.07;0
103;anti_air_building;3740.00;10.40;1424.00;0.93;0
103;synthetic_refinery;3792.00;9.80;1393.00;3.92;0
103;fuel_silo;3728.00;9.70;1432.00;3.52;0
103;radar_station;3745.00;10.43;1424.00;3.22;0
103;nuclear_reactor_spawn;3786.00;10.10;1411.00;2.41;0
103;special_project_facility_spawn;3724.00;9.70;1413.00;4.71;0
103;special_project_facility_spawn;3758.00;10.28;1411.00;5.47;0
103;rocket_site_spawn;3763.00;10.60;1413.00;3.65;0
104;arms_factory;3839.00;11.23;1401.00;2.86;0
104;arms_factory;3853.00;11.95;1397.00;5.37;0
104;arms_factory;3843.00;11.88;1399.00;1.14;0
104;arms_factory;3822.00;12.98;1408.00;0.17;0
104;arms_factory;3842.00;11.53;1405.00;0.63;0
104;arms_factory;3851.00;13.10;1405.00;1.42;0
104;industrial_complex;3846.00;11.70;1414.00;1.96;0
104;industrial_complex;3821.00;12.85;1409.00;0.90;0
104;industrial_complex;3833.00;11.35;1406.00;1.15;0
104;industrial_complex;3845.00;12.53;1399.00;0.91;0
104;industrial_complex;3831.00;11.73;1408.00;3.39;0
104;industrial_complex;3839.00;11.40;1400.00;2.04;0
104;air_base;3845.00;12.55;1401.00;0.86;0
104;supply_node;3834.00;11.18;1404.00;1.21;0
104;bunker;3837.00;11.60;1410.00;3.41;0
104;stronghold_network;3843.00;11.88;1411.00;1.64;0
104;anti_air_building;3816.00;12.23;1403.00;2.74;0
104;anti_air_building;3818.00;12.82;1408.00;6.07;0
104;anti_air_building;3835.00;11.38;1400.00;0.93;0
104;synthetic_refinery;3831.00;11.30;1400.00;3.92;0
104;fuel_silo;3851.00;12.18;1397.00;3.52;0
104;radar_station;3835.00;11.10;1405.00;3.22;0
104;nuclear_reactor_spawn;3843.00;11.95;1402.00;2.41;0
104;special_project_facility_spawn;3817.00;12.12;1401.00;4.71;0
104;rocket_site_spawn;3840.00;12.30;1412.00;5.47;0
105;arms_factory;3065.00;11.25;760.00;1.14;0
105;arms_factory;3106.00;11.60;766.00;0.17;0
105;arms_factory;3097.00;10.55;715.00;0.63;0
105;arms_factory;3020.00;9.98;730.00;1.42;0
105;arms_factory;2981.00;9.80;714.00;1.96;0
105;arms_factory;3054.00;11.25;708.00;0.90;0
105;industrial_complex;3056.00;10.93;733.00;1.15;0
105;industrial_complex;2994.00;9.98;714.00;0.91;0
105;industrial_complex;3061.00;11.38;698.00;3.39;0
105;industrial_complex;3064.00;11.23;713.00;2.04;0
105;industrial_complex;3069.00;9.65;662.00;0.86;0
105;industrial_complex;3066.00;11.32;720.00;5.05;0
105;air_base;3104.00;11.32;776.00;3.41;0
105;supply_node;3024.00;10.03;728.00;2.30;0
105;supply_node;3085.00;11.23;730.00;4.92;0
105;bunker;3027.00;10.15;720.00;6.07;0
105;bunker;3077.00;11.15;737.00;0.93;0
105;coastal_bunker;3124.00;9.90;750.00;1.00;0
105;coastal_bunker;3076.00;9.57;672.00;0.69;0
105;stronghold_network;3015.00;9.95;739.00;0.58;0
105;dockyard;3124.00;9.90;767.00;-3.90;0
105;anti_air_building;2992.00;9.88;717.00;4.71;0
105;anti_air_building;3021.00;10.10;771.00;5.47;0
105;anti_air_building;3002.00;10.15;712.00;3.65;0
105;synthetic_refinery;3109.00;10.53;712.00;3.75;0
105;fuel_silo;3084.00;11.45;764.00;1.18;0
105;radar_station;3054.00;10.25;733.00;3.82;0
105;naval_supply_hub;3078.00;9.57;673.00;0.69;0
105;naval_supply_hub;3126.00;9.80;728.00;1.00;0
105;naval_headquarters;3070.00;9.60;662.00;0.69;0
105;naval_headquarters;3124.00;9.85;765.00;-3.90;0
105;nuclear_reactor_spawn;3117.00;10.48;710.00;2.18;0
105;special_project_facility_spawn;3095.00;9.95;688.00;6.06;0
105;special_project_facility_spawn;3017.00;10.15;723.00;0.31;0
105;rocket_site_spawn;3057.00;10.78;744.00;2.47;0
105;floating_harbor;3078.44;9.50;661.59;-2.45;267
106;arms_factory;3010.00;10.40;1020.00;0.63;0
106;arms_factory;3026.00;11.35;992.00;1.42;0
106;arms_factory;3000.00;10.30;970.00;1.96;0
106;arms_factory;3011.00;10.88;999.00;0.90;0
106;arms_factory;3001.00;10.98;1017.00;1.15;0
106;arms_factory;3030.00;10.73;983.00;0.91;0
106;industrial_complex;3037.00;10.95;976.00;3.39;0
106;industrial_complex;3010.00;9.85;964.00;2.04;0
106;industrial_complex;2994.00;9.88;982.00;0.86;0
106;industrial_complex;3021.00;11.70;992.00;5.05;0
106;industrial_complex;3007.00;10.48;971.00;3.41;0
106;industrial_complex;3012.00;10.57;1013.00;1.64;0
106;supply_node;3008.00;10.82;983.00;4.92;0
106;bunker;3025.00;11.32;991.00;6.07;0
106;stronghold_network;3033.00;10.80;991.00;0.93;0
106;anti_air_building;3010.00;10.57;981.00;3.92;0
106;anti_air_building;3017.00;10.50;1013.00;3.52;0
106;anti_air_building;3038.00;10.57;1004.00;0.58;0
106;synthetic_refinery;2993.00;10.93;1010.00;2.41;0
106;fuel_silo;2994.00;10.20;976.00;4.71;0
106;radar_station;3008.00;10.60;980.00;3.39;0
106;nuclear_reactor_spawn;2981.00;10.20;960.00;3.65;0
106;special_project_facility_spawn;2995.00;10.30;1000.00;3.75;0
106;rocket_site_spawn;3035.00;10.48;1009.00;1.18;0
107;arms_factory;3096.00;13.32;894.00;1.96;0
107;arms_factory;3094.00;10.95;956.00;0.90;0
107;arms_factory;3092.00;10.40;988.00;1.15;0
107;arms_factory;3114.00;10.53;986.00;0.91;0
107;arms_factory;3105.00;11.80;903.00;3.39;0
107;arms_factory;3080.00;10.50;1001.00;2.04;0
107;industrial_complex;3066.00;12.03;940.00;0.86;0
107;industrial_complex;3095.00;10.40;986.00;5.05;0
107;industrial_complex;3077.00;11.20;931.00;3.41;0
107;industrial_complex;3106.00;11.48;899.00;1.64;0
107;industrial_complex;3097.00;11.12;956.00;2.74;0
107;industrial_complex;3073.00;10.50;972.00;6.07;0
107;supply_node;3093.00;11.03;918.00;0.35;0
107;supply_node;3110.00;10.53;968.00;0.35;0
107;supply_node;3084.00;10.55;999.00;1.81;0
107;supply_node;3120.00;10.90;926.00;3.22;0
107;supply_node;3056.00;10.80;974.00;2.76;0
107;bunker;3127.00;10.65;981.00;4.71;0
107;bunker;3056.00;10.80;995.00;5.47;0
107;bunker;3082.00;11.18;916.00;3.65;0
107;bunker;3076.00;10.07;1001.00;3.75;0
107;bunker;3114.00;10.88;915.00;1.18;0
107;coastal_bunker;3128.00;9.50;919.00;1.41;0
107;stronghold_network;3124.00;11.07;958.00;0.26;0
107;dockyard;3134.00;9.50;927.00;1.41;0
107;anti_air_building;3064.00;11.23;950.00;4.98;0
107;anti_air_building;3113.00;10.45;985.00;4.42;0
107;anti_air_building;3068.00;9.85;1025.00;2.18;0
107;synthetic_refinery;3099.00;11.73;904.00;6.06;0
107;fuel_silo;3073.00;10.50;973.00;0.31;0
107;radar_station;3086.00;10.65;960.00;4.83;0
107;naval_supply_hub;3123.00;9.78;918.00;1.41;0
107;naval_headquarters;3128.00;9.50;919.00;1.41;0
107;nuclear_reactor_spawn;3060.00;10.80;996.00;0.55;0
107;special_project_facility_spawn;3080.00;10.45;1021.00;5.09;0
107;special_project_facility_spawn;3135.00;10.60;937.00;2.37;0
107;special_project_facility_spawn;3047.00;11.43;944.00;2.76;0
107;special_project_facility_spawn;3109.00;11.65;946.00;3.49;0
107;special_project_facility_spawn;3130.00;10.28;930.00;2.70;0
107;rocket_site_spawn;3109.00;10.40;1011.00;5.78;0
108;arms_factory;2969.00;9.85;902.00;1.15;0
108;arms_factory;2983.00;12.43;907.00;0.91;0
108;arms_factory;2979.00;11.68;904.00;3.39;0
108;arms_factory;2980.00;11.62;914.00;2.04;0
108;arms_factory;2973.00;10.38;889.00;0.86;0
108;arms_factory;2967.00;9.68;906.00;5.05;0
108;industrial_complex;2984.00;12.35;903.00;3.41;0
108;industrial_complex;2972.00;10.28;902.00;1.64;0
108;industrial_complex;2982.00;11.30;917.00;2.74;0
108;industrial_complex;2969.00;10.00;909.00;6.07;0
108;industrial_complex;2974.00;10.85;891.00;0.93;0
108;industrial_complex;2977.00;11.43;909.00;3.92;0
108;supply_node;2975.00;10.70;904.00;1.81;0
108;bunker;2978.00;12.82;899.00;0.58;0
108;stronghold_network;2982.00;12.40;903.00;2.41;0
108;anti_air_building;2981.00;11.10;917.00;4.71;0
108;anti_air_building;2973.00;10.40;904.00;5.47;0
108;anti_air_building;2978.00;12.82;899.00;3.65;0
108;synthetic_refinery;2974.00;10.68;911.00;3.75;0
108;fuel_silo;2978.00;11.65;906.00;1.18;0
108;radar_station;2988.00;13.15;906.00;3.82;0
108;nuclear_reactor_spawn;2983.00;11.53;917.00;0.26;0
108;special_project_facility_spawn;2986.00;12.80;907.00;5.02;0
108;rocket_site_spawn;2981.00;12.38;907.00;4.98;0
109;arms_factory;2995.00;10.43;822.00;3.39;0
109;arms_factory;3053.00;16.12;889.00;2.04;0
109;arms_factory;3098.00;11.55;800.00;0.86;0
109;arms_factory;3085.00;11.15;788.00;5.05;0
109;arms_factory;3035.00;13.03;854.00;3.41;0
109;arms_factory;3110.00;10.48;802.00;1.64;0
109;industrial_complex;3061.00;14.98;831.00;2.74;0
109;industrial_complex;3042.00;14.25;834.00;6.07;0
109;industrial_complex;3069.00;12.48;912.00;0.93;0
109;industrial_complex;3075.00;15.80;848.00;3.92;0
109;industrial_complex;3034.00;21.43;879.00;3.52;0
109;industrial_complex;3099.00;11.18;784.00;0.58;0
109;supply_node;3094.00;11.60;799.00;2.76;0
109;supply_node;3024.00;13.62;857.00;2.96;0
109;supply_node;3078.00;15.10;851.00;3.39;0
109;supply_node;3069.00;15.53;893.00;3.85;0
109;supply_node;3115.00;9.50;832.00;3.95;0
109;supply_node;3004.00;9.50;920.00;1.93;0
109;bunker;3079.00;16.05;883.00;3.57;0
109;bunker;3018.00;14.25;849.00;0.26;0
109;bunker;3063.00;16.83;863.00;5.02;0
109;bunker;3106.00;11.05;787.00;4.98;0
109;bunker;3116.00;9.50;832.00;4.42;0
109;bunker;3004.00;9.50;919.00;2.18;0
109;coastal_bunker;3125.00;9.78;790.00;-4.52;0
109;coastal_bunker;3107.00;10.05;835.00;0.98;0
109;coastal_bunker;3117.00;9.80;834.00;-3.93;0
109;stronghold_network;3041.00;13.43;861.00;3.89;0
109;dockyard;3119.00;9.85;794.00;-4.52;0
109;anti_air_building;3009.00;11.82;816.00;0.55;0
109;anti_air_building;3062.00;15.03;897.00;5.09;0
109;anti_air_building;3079.00;17.18;885.00;2.37;0
109;synthetic_refinery;3084.00;15.88;883.00;2.76;0
109;fuel_silo;3060.00;15.68;897.00;3.49;0
109;radar_station;3048.00;14.73;856.00;3.38;0
109;naval_supply_hub;3113.00;9.80;809.00;-4.52;0
109;naval_supply_hub;3108.00;10.10;842.00;0.98;0
109;naval_supply_hub;3116.00;9.80;833.00;-3.93;0
109;naval_headquarters;3110.00;9.88;833.00;0.98;0
109;naval_headquarters;3124.00;9.80;791.00;-4.52;0
109;naval_headquarters;3116.00;9.50;832.00;-3.93;0
109;nuclear_reactor_spawn;2985.00;13.82;898.00;1.92;0
109;special_project_facility_spawn;3060.00;15.03;898.00;5.68;0
109;special_project_facility_spawn;3035.00;13.03;832.00;3.37;0
109;special_project_facility_spawn;3097.00;11.00;790.00;2.94;0
109;special_project_facility_spawn;3086.00;14.48;872.00;2.43;0
109;special_project_facility_spawn;3117.00;9.50;835.00;3.90;0
109;special_project_facility_spawn;3005.00;9.93;922.00;0.43;0
109;rocket_site_spawn;3050.00;13.62;824.00;3.62;0
109;floating_harbor;3121.88;9.50;804.31;-1.38;26
109;floating_harbor;3113.82;9.50;827.12;-2.16;367
109;floating_harbor;3120.95;9.50;837.95;-0.79;2172
110;arms_factory;2961.00;10.50;788.00;0.86;0
110;arms_factory;2961.00;10.30;768.00;5.05;0
110;arms_factory;2984.00;11.10;802.00;3.41;0
110;arms_factory;2971.00;10.35;770.00;1.64;0
110;arms_factory;2963.00;10.28;776.00;2.74;0
110;arms_factory;2995.00;9.80;753.00;6.07;0
110;industrial_complex;3014.00;10.70;792.00;0.93;0
110;industrial_complex;2960.00;11.38;801.00;3.92;0
110;industrial_complex;3011.00;10.40;788.00;3.52;0
110;industrial_complex;2986.00;11.12;815.00;0.58;0
110;industrial_complex;2987.00;10.93;817.00;2.41;0
110;industrial_complex;2994.00;9.82;745.00;4.71;0
110;air_base;2989.00;10.68;787.00;5.47;0
110;supply_node;2987.00;10.65;784.00;3.85;0
110;bunker;2975.00;10.62;765.00;3.75;0
110;stronghold_network;3003.00;10.12;768.00;1.18;0
110;anti_air_building;2982.00;9.90;743.00;3.57;0
110;anti_air_building;2982.00;10.95;797.00;0.26;0
110;anti_air_building;2978.00;10.10;745.00;5.02;0
110;synthetic_refinery;2982.00;11.62;817.00;4.98;0
110;fuel_silo;2959.00;11.35;796.00;4.42;0
110;radar_station;2992.00;10.23;781.00;5.87;0
110;nuclear_reactor_spawn;3010.00;13.07;809.00;6.06;0
110;special_project_facility_spawn;3018.00;10.68;788.00;0.31;0
110;rocket_site_spawn;2991.00;10.30;771.00;2.47;0
111;arms_factory;2900.00;10.53;744.00;3.41;0
111;arms_factory;2903.00;10.20;681.00;1.64;0
111;arms_factory;2876.00;10.73;729.00;2.74;0
111;arms_factory;2950.00;10.38;755.00;6.07;0
111;arms_factory;2914.00;10.53;732.00;0.93;0
111;arms_factory;2895.00;10.53;684.00;3.92;0
111;industrial_complex;2889.00;11.07;747.00;3.52;0
111;industrial_complex;2918.00;10.48;716.00;0.58;0
111;industrial_complex;2850.00;13.35;724.00;2.41;0
111;industrial_complex;2863.00;11.23;726.00;4.71;0
111;industrial_complex;2959.00;10.73;729.00;5.47;0
111;industrial_complex;2894.00;11.15;702.00;3.65;0
111;air_base;2920.00;10.55;715.00;3.75;0
111;supply_node;2915.00;10.95;720.00;1.93;0
111;bunker;2959.00;10.50;717.00;3.57;0
111;stronghold_network;2946.00;10.88;717.00;0.26;0
111;anti_air_building;2953.00;10.45;718.00;5.02;0
111;anti_air_building;2916.00;10.50;697.00;4.98;0
111;anti_air_building;2884.00;11.07;737.00;4.42;0
111;synthetic_refinery;2955.00;10.00;698.00;2.18;0
111;fuel_silo;2941.00;10.60;756.00;6.06;0
111;radar_station;2917.00;10.62;725.00;3.07;0
111;nuclear_reactor_spawn;2886.00;11.23;747.00;2.47;0
111;special_project_facility_spawn;2923.00;10.40;697.00;3.89;0
111;rocket_site_spawn;2855.00;12.32;725.00;4.68;0
112;arms_factory;2830.00;10.20;752.00;2.74;0
112;arms_factory;2833.00;10.03;781.00;6.07;0
112;arms_factory;2859.00;10.28;767.00;0.93;0
112;arms_factory;2858.00;10.60;826.00;3.92;0
112;arms_factory;2822.00;10.55;719.00;3.52;0
112;arms_factory;2819.00;11.43;691.00;0.58;0
112;industrial_complex;2827.00;10.40;759.00;2.41;0
112;industrial_complex;2853.00;10.20;763.00;4.71;0
112;industrial_complex;2845.00;10.00;774.00;5.47;0
112;industrial_complex;2832.00;10.00;787.00;3.65;0
112;industrial_complex;2800.00;10.38;705.00;3.75;0
112;industrial_complex;2873.00;12.35;679.00;1.18;0
112;air_base;2849.00;10.10;766.00;3.57;0
112;supply_node;2837.00;10.05;751.00;0.26;0
112;bunker;2799.00;10.18;727.00;5.02;0
112;stronghold_network;2818.00;10.30;705.00;4.98;0
112;anti_air_building;2836.00;10.85;832.00;4.42;0
112;anti_air_building;2854.00;10.12;773.00;2.18;0
112;anti_air_building;2835.00;14.53;687.00;6.06;0
112;synthetic_refinery;2833.00;10.12;764.00;0.31;0
112;fuel_silo;2816.00;10.85;827.00;2.47;0
112;radar_station;2839.00;10.05;758.00;4.78;0
112;nuclear_reactor_spawn;2841.00;12.55;699.00;4.68;0
112;special_project_facility_spawn;2830.00;10.20;797.00;0.55;0
112;rocket_site_spawn;2869.00;10.40;750.00;5.09;0
113;arms_factory;3103.00;10.45;875.00;0.93;0
113;arms_factory;3102.00;10.80;875.00;3.92;0
113;arms_factory;3100.00;10.65;868.00;3.52;0
113;arms_factory;3119.00;10.00;913.00;0.58;0
113;arms_factory;3100.00;10.60;856.00;2.41;0
113;arms_factory;3112.00;10.20;895.00;4.71;0
113;industrial_complex;3098.00;10.82;861.00;5.47;0
113;industrial_complex;3100.00;10.40;857.00;3.65;0
113;industrial_complex;3108.00;10.65;846.00;3.75;0
113;industrial_complex;3113.00;10.07;895.00;1.18;0
113;industrial_complex;3119.00;10.05;910.00;3.57;0
113;industrial_complex;3101.00;10.95;872.00;0.26;0
113;air_base;3107.00;10.45;886.00;5.02;0
113;supply_node;3104.00;10.10;874.00;1.18;0
113;bunker;3100.00;10.48;865.00;4.42;0
113;coastal_bunker;3101.00;10.18;861.00;-3.61;0
113;stronghold_network;3100.00;10.48;865.00;6.06;0
113;dockyard;3104.00;10.12;873.00;-3.61;0
113;anti_air_building;3104.00;10.57;852.00;2.47;0
113;anti_air_building;3111.00;10.12;891.00;3.89;0
113;anti_air_building;3106.00;11.00;845.00;4.68;0
113;synthetic_refinery;3101.00;10.90;854.00;0.55;0
113;fuel_silo;3099.00;10.53;863.00;5.09;0
113;radar_station;3106.00;10.30;881.00;4.34;0
113;naval_supply_hub;3111.00;9.53;857.00;-3.61;0
113;naval_headquarters;3100.00;10.28;864.00;-3.61;0
113;nuclear_reactor_spawn;3109.00;10.43;846.00;2.70;0
113;special_project_facility_spawn;3100.00;10.55;867.00;5.78;0
113;rocket_site_spawn;3106.00;10.88;847.00;2.02;0
114;arms_factory;4690.00;11.45;408.00;3.52;0
114;arms_factory;4346.00;10.10;449.00;0.58;0
114;arms_factory;4251.00;10.90;464.00;2.41;0
114;arms_factory;4570.00;12.23;492.00;4.71;0
114;arms_factory;4615.00;12.95;474.00;5.47;0
114;arms_factory;4553.00;13.85;399.00;3.65;0
114;industrial_complex;4556.00;10.45;677.00;3.75;0
114;industrial_complex;4628.00;11.05;263.00;1.18;0
114;industrial_complex;4506.00;10.93;682.00;3.57;0
114;industrial_complex;4223.00;10.73;509.00;0.26;0
114;industrial_complex;4297.00;10.55;459.00;5.02;0
114;industrial_complex;4645.00;11.48;609.00;4.98;0
114;air_base;4697.00;11.35;550.00;4.42;0
114;supply_node;4288.00;10.55;413.00;5.87;0
114;supply_node;4304.00;11.20;508.00;4.71;0
114;supply_node;4468.00;10.10;424.00;3.07;0
114;supply_node;4176.00;10.35;522.00;4.83;0
114;supply_node;4682.00;11.07;571.00;4.78;0
114;supply_node;4552.00;17.55;344.00;1.10;0
114;supply_node;4283.00;10.25;644.00;5.97;0
114;supply_node;4479.00;11.43;569.00;2.05;0
114;supply_node;4197.00;10.40;598.00;4.34;0
114;supply_node;4583.00;11.12;702.00;4.91;0
114;supply_node;4409.00;10.45;490.00;3.57;0
114;supply_node;4355.00;10.53;589.00;3.38;0
114;supply_node;4333.00;10.10;623.00;4.16;0
114;supply_node;4602.00;11.73;514.00;4.12;0
114;supply_node;4170.00;10.32;585.00;2.80;0
114;supply_node;4358.00;9.90;462.00;5.33;0
114;supply_node;4225.00;14.18;619.00;4.76;0
114;supply_node;4431.00;11.30;627.00;5.78;0
114;supply_node;4600.00;12.30;624.00;0.98;0
114;supply_node;4455.00;10.40;447.00;3.04;0
114;supply_node;4483.00;11.35;519.00;5.36;0
114;supply_node;4377.00;10.18;484.00;5.11;0
114;supply_node;4383.00;11.12;558.00;4.51;0
114;supply_node;4555.00;10.95;649.00;2.00;0
114;supply_node;4247.00;12.20;573.00;5.29;0
114;supply_node;4387.00;9.90;680.00;6.28;0
114;supply_node;4361.00;10.00;441.00;5.19;0
114;supply_node;4266.00;11.05;611.00;3.26;0
114;supply_node;4207.00;11.70;526.00;1.18;0
114;supply_node;4323.00;11.95;553.00;2.17;0
114;supply_node;4403.00;10.48;586.00;0.93;0
114;supply_node;4437.00;11.32;496.00;4.95;0
114;supply_node;4343.00;9.70;706.00;0.15;0
114;supply_node;4415.00;10.60;454.00;3.32;0
114;supply_node;4345.00;10.80;519.00;5.93;0
114;supply_node;4456.00;11.57;555.00;0.97;0
114;supply_node;4570.00;12.10;495.00;1.03;0
114;supply_node;4316.00;10.40;442.00;5.75;0
114;supply_node;4261.00;10.78;454.00;0.50;0
114;supply_node;4483.00;9.93;403.00;4.45;0
114;supply_node;4224.00;11.10;581.00;1.16;0
114;supply_node;4478.00;10.55;689.00;3.43;0
114;supply_node;4301.00;10.55;467.00;6.04;0
114;supply_node;4494.00;10.45;442.00;3.90;0
114;supply_node;4186.00;10.40;558.00;3.21;0
114;supply_node;4534.00;11.60;632.00;0.91;0
114;supply_node;4532.00;11.88;406.00;2.12;0
114;supply_node;4640.00;12.10;480.00;1.68;0
114;supply_node;4321.00;9.80;674.00;3.39;0
114;supply_node;4455.00;11.23;477.00;1.65;0
114;supply_node;4243.00;9.88;406.00;1.01;0
114;supply_node;4623.00;14.53;344.00;0.78;0
114;supply_node;4630.00;12.40;597.00;1.17;0
114;supply_node;4340.00;10.40;481.00;4.11;0
114;supply_node;4200.00;10.20;453.00;2.06;0
114;supply_node;4503.00;10.07;476.00;2.59;0
114;supply_node;4430.00;10.60;656.00;3.91;0
114;supply_node;4671.00;11.43;556.00;5.06;0
114;supply_node;4202.00;10.40;480.00;0.33;0
114;supply_node;4438.00;10.20;732.00;1.86;0
114;supply_node;4601.00;11.90;563.00;5.76;0
114;supply_node;4333.00;10.23;456.00;4.54;0
114;supply_node;4633.00;11.18;532.00;0.54;0
114;supply_node;4229.00;10.20;445.00;4.31;0
114;supply_node;4699.00;11.20;494.00;4.76;0
114;supply_node;4419.00;10.68;611.00;1.36;0
114;supply_node;4190.00;10.45;509.00;3.68;0
114;supply_node;4650.00;11.78;417.00;0.74;0
114;supply_node;4308.00;10.60;423.00;4.66;0
114;supply_node;4423.00;11.30;558.00;2.75;0
114;supply_node;4231.00;11.23;527.00;4.18;0
114;supply_node;4656.00;12.68;376.00;3.14;0
114;supply_node;4378.00;11.28;538.00;2.82;0
114;supply_node;4309.00;10.85;586.00;1.13;0
114;supply_node;4671.00;12.25;532.00;4.59;0
114;supply_node;4337.00;9.93;649.00;2.09;0
114;supply_node;4399.00;10.88;515.00;6.04;0
114;supply_node;4237.00;10.68;499.00;1.36;0
114;supply_node;4514.00;12.40;583.00;3.95;0
114;supply_node;4273.00;11.35;487.00;1.53;0
114;supply_node;4486.00;10.35;651.00;1.24;0
114;supply_node;4337.00;11.05;575.00;5.77;0
114;supply_node;4382.00;10.43;622.00;0.02;0
114;supply_node;4567.00;14.68;433.00;6.15;0
114;supply_node;4267.00;12.62;535.00;4.07;0
114;supply_node;4204.00;10.10;407.00;2.53;0
114;supply_node;4662.00;10.57;604.00;3.10;0
114;supply_node;4282.00;12.12;581.00;2.49;0
114;supply_node;4707.00;11.32;541.00;5.05;0
114;supply_node;4631.00;13.28;252.00;3.12;0
114;supply_node;4497.00;9.88;362.00;2.94;0
114;supply_node;4409.00;9.70;775.00;5.93;0
114;supply_node;4594.00;11.35;289.00;5.88;0
114;supply_node;4673.00;9.55;695.00;3.50;0
114;supply_node;4489.00;9.60;734.00;3.28;0
114;supply_node;4724.00;9.88;548.00;5.18;0
114;supply_node;4649.00;9.88;286.00;1.47;0
114;supply_node;4152.00;9.62;539.00;5.67;0
114;supply_node;4399.00;9.50;773.00;0.60;0
114;supply_node;4160.00;9.50;538.00;3.31;0
114;supply_node;4651.00;9.50;278.00;5.47;0
114;supply_node;4489.00;9.53;780.00;1.78;0
114;supply_node;4528.00;9.65;692.00;2.85;0
114;supply_node;4836.00;9.50;456.00;4.50;0
114;supply_node;4754.00;9.50;653.00;2.66;0
114;supply_node;4646.00;9.50;712.00;0.17;0
114;supply_node;4906.00;9.50;538.00;0.61;0
114;supply_node;4748.00;9.70;647.00;1.46;0
114;supply_node;4619.00;9.50;750.00;1.61;0
114;supply_node;4727.00;9.73;600.00;4.52;0
114;supply_node;4701.00;9.65;606.00;5.09;0
114;supply_node;4682.00;9.50;664.00;4.41;0
114;supply_node;4639.00;9.50;229.00;1.82;0
114;supply_node;4757.00;9.50;647.00;1.27;0
114;supply_node;4837.00;9.53;493.00;3.54;0
114;supply_node;4186.00;9.60;623.00;5.22;0
114;supply_node;4432.00;9.50;782.00;3.14;0
114;supply_node;4305.00;9.50;699.00;4.56;0
114;supply_node;4652.00;9.90;245.00;4.60;0
114;supply_node;4835.00;9.55;486.00;4.64;0
114;bunker;4380.00;10.20;498.00;3.07;0
114;bunker;4538.00;10.95;665.00;0.18;0
114;bunker;4329.00;10.43;495.00;4.34;0
114;bunker;4618.00;12.05;626.00;1.94;0
114;bunker;4430.00;10.82;478.00;5.63;0
114;bunker;4337.00;10.82;594.00;0.08;0
114;bunker;4497.00;10.60;679.00;4.53;0
114;bunker;4276.00;11.07;610.00;4.21;0
114;bunker;4402.00;10.78;506.00;2.39;0
114;bunker;4506.00;9.98;480.00;1.38;0
114;bunker;4455.00;11.93;511.00;5.82;0
114;bunker;4504.00;9.70;418.00;1.34;0
114;bunker;4395.00;10.80;570.00;3.61;0
114;bunker;4533.00;10.90;663.00;5.43;0
114;bunker;4213.00;10.03;386.00;4.92;0
114;bunker;4233.00;11.03;517.00;2.28;0
114;bunker;4642.00;12.60;372.00;5.46;0
114;bunker;4334.00;9.70;691.00;2.25;0
114;bunker;4214.00;10.45;494.00;0.78;0
114;bunker;4543.00;11.73;595.00;4.57;0
114;bunker;4561.00;16.48;329.00;5.44;0
114;bunker;4347.00;10.35;478.00;1.58;0
114;bunker;4705.00;10.70;452.00;2.57;0
114;bunker;4284.00;10.12;648.00;3.52;0
114;bunker;4436.00;9.88;762.00;4.83;0
114;bunker;4410.00;10.50;653.00;2.75;0
114;bunker;4442.00;11.65;539.00;3.00;0
114;bunker;4329.00;11.45;571.00;2.07;0
114;bunker;4338.00;10.50;510.00;2.77;0
114;bunker;4316.00;10.60;462.00;2.99;0
114;bunker;4426.00;11.62;547.00;3.61;0
114;bunker;4209.00;10.20;454.00;2.24;0
114;bunker;4250.00;10.62;476.00;0.19;0
114;bunker;4685.00;10.15;586.00;0.00;0
114;bunker;4207.00;11.00;572.00;3.00;0
114;bunker;4253.00;12.88;575.00;1.20;0
114;bunker;4460.00;10.45;451.00;4.81;0
114;bunker;4459.00;11.85;493.00;2.38;0
114;bunker;4567.00;14.12;429.00;5.49;0
114;bunker;4177.00;10.35;589.00;4.00;0
114;bunker;4297.00;9.53;688.00;3.73;0
114;bunker;4643.00;11.70;550.00;1.41;0
114;bunker;4717.00;10.80;527.00;5.36;0
114;bunker;4330.00;10.00;652.00;1.10;0
114;bunker;4279.00;12.55;539.00;0.37;0
114;bunker;4628.00;13.25;257.00;4.02;0
114;bunker;4356.00;10.10;442.00;5.49;0
114;bunker;4480.00;9.78;424.00;4.25;0
114;bunker;4243.00;9.90;412.00;3.24;0
114;bunker;4368.00;9.80;698.00;5.96;0
114;bunker;4312.00;10.98;581.00;3.33;0
114;bunker;4718.00;10.68;523.00;0.52;0
114;bunker;4565.00;10.65;744.00;1.80;0
114;bunker;4528.00;14.05;506.00;0.39;0
114;bunker;4290.00;10.50;465.00;3.07;0
114;bunker;4223.00;10.53;495.00;1.28;0
114;bunker;4658.00;12.00;531.00;3.05;0
114;bunker;4499.00;10.35;428.00;3.30;0
114;bunker;4294.00;10.50;426.00;4.36;0
114;bunker;4518.00;10.15;684.00;0.63;0
114;bunker;4399.00;10.23;471.00;1.49;0
114;bunker;4332.00;10.25;452.00;5.63;0
114;bunker;4217.00;12.95;616.00;0.12;0
114;bunker;4197.00;11.00;552.00;0.49;0
114;bunker;4383.00;10.80;529.00;0.50;0
114;bunker;4260.00;11.23;488.00;1.72;0
114;bunker;4330.00;10.30;633.00;2.65;0
114;bunker;4340.00;11.18;566.00;3.95;0
114;bunker;4625.00;12.62;595.00;2.10;0
114;bunker;4648.00;13.18;374.00;1.60;0
114;bunker;4652.00;11.82;475.00;1.85;0
114;bunker;4413.00;10.53;490.00;2.95;0
114;bunker;4434.00;11.00;618.00;2.39;0
114;bunker;4374.00;10.53;613.00;2.30;0
114;bunker;4395.00;11.25;550.00;2.68;0
114;bunker;4479.00;11.30;561.00;5.63;0
114;bunker;4684.00;10.90;575.00;5.21;0
114;bunker;4480.00;9.80;396.00;3.79;0
114;bunker;4190.00;10.40;582.00;0.73;0
114;bunker;4228.00;10.32;448.00;2.83;0
114;bunker;4630.00;11.10;535.00;1.65;0
114;bunker;4300.00;10.57;423.00;2.54;0
114;bunker;4213.00;11.18;524.00;5.67;0
114;bunker;4598.00;12.45;539.00;0.76;0
114;bunker;4293.00;11.40;600.00;0.00;0
114;bunker;4181.00;10.95;518.00;4.19;0
114;bunker;4423.00;10.85;612.00;2.18;0
114;bunker;4363.00;10.10;471.00;0.18;0
114;bunker;4682.00;11.43;558.00;4.65;0
114;bunker;4186.00;10.32;506.00;0.83;0
114;bunker;4640.00;9.55;231.00;3.46;0
114;bunker;4594.00;10.73;294.00;3.23;0
114;bunker;4501.00;10.03;363.00;1.89;0
114;bunker;4406.00;9.57;774.00;0.12;0
114;bunker;4759.00;9.50;648.00;0.92;0
114;bunker;4681.00;9.50;668.00;2.56;0
114;bunker;4751.00;9.50;653.00;2.97;0
114;bunker;4725.00;9.93;549.00;1.76;0
114;bunker;4529.00;9.73;693.00;4.52;0
114;bunker;4185.00;9.50;622.00;2.26;0
114;bunker;4400.00;9.50;773.00;1.64;0
114;bunker;4432.00;9.50;782.00;0.69;0
114;bunker;4749.00;9.50;649.00;5.55;0
114;bunker;4488.00;9.55;735.00;0.99;0
114;bunker;4491.00;9.55;782.00;0.71;0
114;bunker;4675.00;9.57;696.00;2.22;0
114;bunker;4152.00;9.62;538.00;5.18;0
114;bunker;4618.00;9.53;751.00;6.21;0
114;bunker;4653.00;9.85;279.00;2.34;0
114;bunker;4727.00;9.73;600.00;1.28;0
114;bunker;4906.00;9.50;538.00;2.55;0
114;bunker;4702.00;9.68;607.00;5.03;0
114;bunker;4837.00;9.53;456.00;4.36;0
114;bunker;4161.00;9.65;537.00;6.00;0
114;bunker;4305.00;9.50;699.00;0.72;0
114;bunker;4652.00;9.90;283.00;5.50;0
114;bunker;4837.00;9.53;493.00;1.41;0
114;bunker;4648.00;9.53;711.00;0.30;0
114;bunker;4835.00;9.55;486.00;3.72;0
114;bunker;4652.00;9.90;245.00;5.20;0
114;coastal_bunker;4402.00;9.53;756.00;-3.17;0
114;coastal_bunker;4723.00;9.50;450.00;-4.27;0
114;coastal_bunker;4559.00;9.70;317.00;0.13;0
114;coastal_bunker;4304.00;9.50;698.00;-1.57;0
114;coastal_bunker;4384.00;9.50;438.00;0.20;0
114;coastal_bunker;4591.00;9.98;311.00;0.92;0
114;coastal_bunker;4635.00;9.73;649.00;-3.88;0
114;coastal_bunker;4576.00;9.70;785.00;-3.11;0
114;coastal_bunker;4692.00;9.50;376.00;1.51;0
114;coastal_bunker;4678.00;9.50;701.00;-3.93;0
114;coastal_bunker;4487.00;9.50;731.00;1.57;0
114;coastal_bunker;4317.00;9.50;709.00;-1.46;0
114;coastal_bunker;4711.00;9.80;558.00;-3.46;0
114;coastal_bunker;4164.00;9.50;581.00;-2.03;0
114;coastal_bunker;4177.00;9.50;484.00;-1.40;0
114;coastal_bunker;4498.00;9.68;378.00;-1.09;0
114;coastal_bunker;4725.00;9.50;552.00;-3.31;0
114;coastal_bunker;4397.00;9.50;772.00;-3.14;0
114;coastal_bunker;4682.00;9.62;597.00;-3.68;0
114;coastal_bunker;4190.00;9.50;419.00;-0.83;0
114;coastal_bunker;4166.00;9.50;517.00;-0.41;0
114;coastal_bunker;4753.00;9.70;654.00;-1.57;0
114;coastal_bunker;4756.00;9.50;646.00;-1.57;0
114;coastal_bunker;4481.00;9.65;713.00;-4.27;0
114;coastal_bunker;4302.00;9.53;678.00;-2.10;0
114;coastal_bunker;4615.00;9.50;247.00;-1.57;0
114;coastal_bunker;4190.00;9.50;442.00;-1.31;0
114;coastal_bunker;4406.00;9.50;771.00;-2.36;0
114;coastal_bunker;4283.00;9.50;663.00;-2.11;0
114;coastal_bunker;4507.00;9.73;362.00;1.57;0
114;coastal_bunker;4181.00;9.50;609.00;-2.63;0
114;coastal_bunker;4488.00;9.50;398.00;-0.27;0
114;coastal_bunker;4706.00;9.75;565.00;-4.37;0
114;coastal_bunker;4399.00;9.50;439.00;0.17;0
114;coastal_bunker;4647.00;9.85;290.00;-1.57;0
114;coastal_bunker;4683.00;9.50;663.00;-3.14;0
114;coastal_bunker;4729.00;9.75;487.00;1.29;0
114;coastal_bunker;4749.00;9.50;650.00;-1.57;0
114;coastal_bunker;4645.00;9.50;713.00;1.57;0
114;coastal_bunker;4162.00;9.62;538.00;-1.57;0
114;coastal_bunker;4235.00;9.50;387.00;-0.06;0
114;coastal_bunker;4619.00;9.55;751.00;-1.57;0
114;coastal_bunker;4385.00;9.50;716.00;-3.04;0
114;coastal_bunker;4151.00;9.53;542.00;-3.14;0
114;coastal_bunker;4450.00;9.50;423.00;-1.08;0
114;coastal_bunker;4492.00;9.53;784.00;-1.57;0
114;coastal_bunker;4313.00;9.50;413.00;0.73;0
114;coastal_bunker;4551.00;9.73;678.00;-2.56;0
114;coastal_bunker;4728.00;9.73;600.00;-1.57;0
114;coastal_bunker;4306.00;9.60;402.00;0.21;0
114;coastal_bunker;4225.00;10.15;629.00;-2.36;0
114;coastal_bunker;4526.00;9.50;692.00;-3.93;0
114;coastal_bunker;4161.00;9.50;558.00;-1.22;0
114;coastal_bunker;4445.00;9.53;429.00;-0.52;0
114;coastal_bunker;4640.00;9.80;228.00;1.57;0
114;coastal_bunker;4652.00;9.88;280.00;-3.93;0
114;coastal_bunker;4837.00;9.50;492.00;-1.57;0
114;coastal_bunker;4834.00;9.50;456.00;-3.14;0
114;coastal_bunker;4432.00;9.50;781.00;1.57;0
114;coastal_bunker;4702.00;9.50;606.00;-3.14;0
114;coastal_bunker;4592.00;9.50;287.00;-1.57;0
114;coastal_bunker;4905.00;9.50;540.00;-1.57;0
114;coastal_bunker;4327.00;9.50;420.00;0.61;0
114;coastal_bunker;4186.00;9.50;622.00;-3.14;0
114;coastal_bunker;4652.00;9.50;244.00;-1.57;0
114;coastal_bunker;4176.00;9.50;492.00;-0.79;0
114;coastal_bunker;4836.00;9.53;487.00;-1.57;0
114;stronghold_network;4466.00;11.10;601.00;1.33;0
114;dockyard;4694.00;9.80;572.00;-4.37;0
114;anti_air_building;4495.00;11.23;516.00;6.05;0
114;anti_air_building;4378.00;10.88;574.00;4.86;0
114;anti_air_building;4194.00;13.18;528.00;4.62;0
114;synthetic_refinery;4300.00;10.82;636.00;0.30;0
114;fuel_silo;4573.00;15.65;351.00;1.79;0
114;radar_station;4530.00;14.98;507.00;3.56;0
114;naval_supply_hub;4163.00;9.50;579.00;-2.03;0
114;naval_supply_hub;4245.00;9.70;635.00;-2.11;0
114;naval_supply_hub;4536.00;9.57;335.00;-1.93;0
114;naval_supply_hub;4680.00;9.90;360.00;0.92;0
114;naval_supply_hub;4400.00;9.50;774.00;-3.14;0
114;naval_supply_hub;4465.00;9.50;406.00;-1.08;0
114;naval_supply_hub;4498.00;9.62;379.00;-1.09;0
114;naval_supply_hub;4375.00;9.50;722.00;-3.04;0
114;naval_supply_hub;4676.00;9.68;596.00;-3.68;0
114;naval_supply_hub;4161.00;9.50;558.00;-1.22;0
114;naval_supply_hub;4509.00;9.70;692.00;-4.27;0
114;naval_supply_hub;4356.00;9.50;427.00;0.20;0
114;naval_supply_hub;4618.00;9.50;238.00;-1.57;0
114;naval_supply_hub;4188.00;9.50;389.00;-0.83;0
114;naval_supply_hub;4425.00;9.50;780.00;-3.17;0
114;naval_supply_hub;4211.00;9.80;626.00;-2.36;0
114;naval_supply_hub;4159.00;9.62;531.00;-2.03;0
114;naval_supply_hub;4756.00;9.50;653.00;-1.57;0
114;naval_supply_hub;4730.00;9.75;497.00;1.29;0
114;naval_supply_hub;4469.00;9.50;387.00;-0.27;0
114;naval_supply_hub;4487.00;9.50;735.00;1.57;0
114;naval_supply_hub;4312.00;9.50;413.00;0.73;0
114;naval_supply_hub;4719.00;9.85;543.00;1.36;0
114;naval_supply_hub;4198.00;9.50;621.00;-2.63;0
114;naval_supply_hub;4682.00;9.50;664.00;-3.14;0
114;naval_supply_hub;4650.00;9.88;280.00;-3.93;0
114;naval_supply_hub;4319.00;9.50;705.00;-1.46;0
114;naval_supply_hub;4230.00;9.50;383.00;-0.06;0
114;naval_supply_hub;4333.00;9.50;424.00;0.61;0
114;naval_supply_hub;4284.00;9.62;397.00;0.21;0
114;naval_supply_hub;4547.00;9.70;677.00;-2.56;0
114;naval_supply_hub;4411.00;9.50;779.00;-2.36;0
114;naval_supply_hub;4559.00;9.50;737.00;-3.11;0
114;naval_supply_hub;4726.00;9.82;551.00;0.00;0
114;naval_supply_hub;4161.00;9.62;536.00;-1.57;0
114;naval_supply_hub;4490.00;9.50;359.00;1.57;0
114;naval_supply_hub;4190.00;9.50;439.00;-1.31;0
114;naval_supply_hub;4641.00;9.55;231.00;1.57;0
114;naval_supply_hub;4908.00;9.50;538.00;-1.57;0
114;naval_supply_hub;4700.00;9.80;568.00;-4.37;0
114;naval_supply_hub;4423.00;9.50;434.00;0.17;0
114;naval_supply_hub;4652.00;9.90;246.00;-1.57;0
114;naval_supply_hub;4181.00;9.50;464.00;-1.40;0
114;naval_supply_hub;4724.00;9.50;462.00;-4.27;0
114;naval_supply_hub;4648.00;9.85;290.00;-1.57;0
114;naval_supply_hub;4688.00;9.75;376.00;1.51;0
114;naval_supply_hub;4155.00;9.60;536.00;-3.14;0
114;naval_supply_hub;4758.00;9.50;646.00;-1.57;0
114;naval_supply_hub;4293.00;9.50;690.00;-2.10;0
114;naval_supply_hub;4594.00;10.57;295.00;-1.57;0
114;naval_supply_hub;4677.00;9.50;695.00;-3.93;0
114;naval_supply_hub;4727.00;9.50;598.00;-1.57;0
114;naval_supply_hub;4529.00;9.70;694.00;-3.93;0
114;naval_supply_hub;4624.00;10.03;656.00;-3.88;0
114;naval_supply_hub;4748.00;9.50;644.00;-1.57;0
114;naval_supply_hub;4647.00;9.50;710.00;1.57;0
114;naval_supply_hub;4838.00;9.55;458.00;-3.14;0
114;naval_supply_hub;4488.00;9.50;778.00;-1.57;0
114;naval_supply_hub;4185.00;9.50;622.00;-3.14;0
114;naval_supply_hub;4304.00;9.50;699.00;-1.57;0
114;naval_supply_hub;4837.00;9.55;494.00;-1.57;0
114;naval_supply_hub;4174.00;9.50;494.00;-0.79;0
114;naval_supply_hub;4445.00;9.55;430.00;-0.52;0
114;naval_supply_hub;4836.00;9.50;485.00;-1.57;0
114;naval_supply_hub;4700.00;9.50;605.00;-3.14;0
114;naval_supply_hub;4620.00;9.50;750.00;-1.57;0
114;naval_supply_hub;4433.00;9.50;785.00;1.57;0
114;naval_headquarters;4497.00;9.50;375.00;-1.09;0
114;naval_headquarters;4384.00;9.50;715.00;-3.04;0
114;naval_headquarters;4711.00;9.90;557.00;-3.46;0
114;naval_headquarters;4321.00;9.62;418.00;0.73;0
114;naval_headquarters;4454.00;9.50;416.00;-1.08;0
114;naval_headquarters;4504.00;9.68;699.00;-4.27;0
114;naval_headquarters;4231.00;9.50;383.00;-0.06;0
114;naval_headquarters;4635.00;9.73;649.00;-3.88;0
114;naval_headquarters;4398.00;9.50;747.00;-3.17;0
114;naval_headquarters;4553.00;9.78;685.00;-3.11;0
114;naval_headquarters;4626.00;10.20;265.00;-1.57;0
114;naval_headquarters;4426.00;9.50;431.00;0.17;0
114;naval_headquarters;4625.00;9.90;310.00;0.92;0
114;naval_headquarters;4727.00;9.70;599.00;-1.57;0
114;naval_headquarters;4306.00;9.62;403.00;0.21;0
114;naval_headquarters;4165.00;9.50;602.00;-2.03;0
114;naval_headquarters;4264.00;9.60;641.00;-2.11;0
114;naval_headquarters;4649.00;9.50;278.00;-3.93;0
114;naval_headquarters;4592.00;9.50;288.00;-1.57;0
114;naval_headquarters;4722.00;9.75;453.00;-4.27;0
114;naval_headquarters;4364.00;9.53;727.00;-3.28;0
114;naval_headquarters;4335.00;9.50;426.00;0.20;0
114;naval_headquarters;4684.00;9.50;663.00;-3.14;0
114;naval_headquarters;4180.00;9.50;482.00;-1.40;0
114;naval_headquarters;4492.00;9.62;401.00;-0.27;0
114;naval_headquarters;4730.00;9.73;489.00;1.29;0
114;naval_headquarters;4181.00;9.50;457.00;-1.31;0
114;naval_headquarters;4690.00;9.50;381.00;1.51;0
114;naval_headquarters;4329.00;9.62;421.00;0.61;0
114;naval_headquarters;4572.00;9.82;317.00;0.13;0
114;naval_headquarters;4298.00;9.53;685.00;-2.10;0
114;naval_headquarters;4620.00;9.50;750.00;-1.57;0
114;naval_headquarters;4445.00;9.55;430.00;-0.52;0
114;naval_headquarters;4160.00;9.60;540.00;-1.57;0
114;naval_headquarters;4706.00;9.75;564.00;-4.37;0
114;naval_headquarters;4679.00;9.50;697.00;-3.93;0
114;naval_headquarters;4640.00;9.80;229.00;1.57;0
114;naval_headquarters;4725.00;9.88;550.00;-3.31;0
114;naval_headquarters;4753.00;9.50;653.00;-1.57;0
114;naval_headquarters;4668.00;9.68;612.00;-3.68;0
114;naval_headquarters;4528.00;9.68;694.00;-3.93;0
114;naval_headquarters;4540.00;9.70;675.00;-2.56;0
114;naval_headquarters;4492.00;9.50;365.00;1.57;0
114;naval_headquarters;4485.00;9.50;732.00;1.57;0
114;naval_headquarters;4160.00;9.50;561.00;-1.22;0
114;naval_headquarters;4183.00;9.65;610.00;-2.63;0
114;naval_headquarters;4162.00;9.50;522.00;-2.03;0
114;naval_headquarters;4214.00;9.50;377.00;-0.83;0
114;naval_headquarters;4209.00;9.75;625.00;-2.36;0
114;naval_headquarters;4487.00;9.50;778.00;-1.57;0
114;naval_headquarters;4185.00;9.50;622.00;-3.14;0
114;naval_headquarters;4835.00;9.50;456.00;-3.14;0
114;naval_headquarters;4398.00;9.50;774.00;-3.14;0
114;naval_headquarters;4153.00;9.50;536.00;-3.14;0
114;naval_headquarters;4646.00;9.50;290.00;-1.57;0
114;naval_headquarters;4644.00;9.50;713.00;1.57;0
114;naval_headquarters;4651.00;9.50;245.00;-1.57;0
114;naval_headquarters;4433.00;9.50;782.00;1.57;0
114;naval_headquarters;4700.00;9.50;608.00;-3.14;0
114;naval_headquarters;4414.00;9.55;775.00;-2.36;0
114;naval_headquarters;4306.00;9.50;700.00;-1.57;0
114;naval_headquarters;4836.00;9.50;494.00;-1.57;0
114;naval_headquarters;4747.00;9.50;646.00;-1.57;0
114;naval_headquarters;4905.00;9.50;539.00;-1.57;0
114;naval_headquarters;4757.00;9.50;648.00;-1.57;0
114;naval_headquarters;4834.00;9.50;485.00;-1.57;0
114;naval_headquarters;4174.00;9.50;494.00;-0.79;0
114;nuclear_reactor_spawn;4218.00;11.70;609.00;4.02;0
114;special_project_facility_spawn;4235.00;11.57;563.00;4.67;0
114;special_project_facility_spawn;4632.00;13.82;340.00;3.64;0
114;special_project_facility_spawn;4396.00;10.70;504.00;4.98;0
114;special_project_facility_spawn;4624.00;11.73;560.00;1.00;0
114;special_project_facility_spawn;4231.00;9.95;400.00;3.33;0
114;special_project_facility_spawn;4501.00;11.85;586.00;4.30;0
114;special_project_facility_spawn;4300.00;10.50;464.00;5.21;0
114;special_project_facility_spawn;4189.00;12.50;524.00;5.69;0
114;special_project_facility_spawn;4531.00;11.00;663.00;3.97;0
114;special_project_facility_spawn;4388.00;10.00;452.00;5.04;0
114;special_project_facility_spawn;4616.00;13.98;411.00;4.85;0
114;special_project_facility_spawn;4549.00;16.65;350.00;0.82;0
114;special_project_facility_spawn;4369.00;11.20;539.00;5.48;0
114;special_project_facility_spawn;4351.00;9.80;681.00;3.40;0
114;special_project_facility_spawn;4592.00;12.18;651.00;0.17;0
114;special_project_facility_spawn;4425.00;10.18;674.00;0.88;0
114;special_project_facility_spawn;4408.00;11.53;539.00;1.35;0
114;special_project_facility_spawn;4589.00;12.50;491.00;2.05;0
114;special_project_facility_spawn;4383.00;9.90;678.00;6.15;0
114;special_project_facility_spawn;4198.00;9.85;407.00;3.82;0
114;special_project_facility_spawn;4269.00;10.50;424.00;3.23;0
114;special_project_facility_spawn;4381.00;10.20;473.00;0.00;0
114;special_project_facility_spawn;4489.00;9.57;759.00;5.43;0
114;special_project_facility_spawn;4613.00;13.57;439.00;1.72;0
114;special_project_facility_spawn;4680.00;11.03;474.00;2.14;0
114;special_project_facility_spawn;4475.00;11.50;548.00;2.82;0
114;special_project_facility_spawn;4483.00;11.32;518.00;1.93;0
114;special_project_facility_spawn;4261.00;11.25;607.00;2.21;0
114;special_project_facility_spawn;4263.00;11.88;558.00;3.28;0
114;special_project_facility_spawn;4423.00;11.43;511.00;5.09;0
114;special_project_facility_spawn;4568.00;14.57;400.00;0.83;0
114;special_project_facility_spawn;4459.00;11.10;601.00;4.72;0
114;special_project_facility_spawn;4241.00;11.25;518.00;5.06;0
114;special_project_facility_spawn;4620.00;12.23;603.00;5.66;0
114;special_project_facility_spawn;4401.00;10.25;631.00;6.02;0
114;special_project_facility_spawn;4653.00;10.12;628.00;4.86;0
114;special_project_facility_spawn;4170.00;9.95;572.00;4.34;0
114;special_project_facility_spawn;4349.00;10.50;510.00;1.75;0
114;special_project_facility_spawn;4366.00;10.20;598.00;5.45;0
114;special_project_facility_spawn;4504.00;9.73;422.00;5.12;0
114;special_project_facility_spawn;4342.00;11.43;556.00;5.99;0
114;special_project_facility_spawn;4391.00;11.10;548.00;5.12;0
114;special_project_facility_spawn;4296.00;10.60;420.00;2.84;0
114;special_project_facility_spawn;4403.00;10.12;476.00;3.14;0
114;special_project_facility_spawn;4351.00;11.12;566.00;6.10;0
114;special_project_facility_spawn;4188.00;11.18;537.00;4.30;0
114;special_project_facility_spawn;4362.00;10.07;470.00;3.58;0
114;special_project_facility_spawn;4487.00;10.35;453.00;2.31;0
114;special_project_facility_spawn;4610.00;12.55;625.00;0.89;0
114;special_project_facility_spawn;4209.00;10.88;601.00;0.89;0
114;special_project_facility_spawn;4656.00;11.95;525.00;4.25;0
114;special_project_facility_spawn;4299.00;11.88;523.00;3.67;0
114;special_project_facility_spawn;4507.00;10.00;462.00;3.99;0
114;special_project_facility_spawn;4350.00;9.80;694.00;0.99;0
114;special_project_facility_spawn;4207.00;10.60;620.00;3.16;0
114;special_project_facility_spawn;4444.00;10.25;448.00;2.11;0
114;special_project_facility_spawn;4479.00;10.03;404.00;3.93;0
114;special_project_facility_spawn;4303.00;10.60;618.00;4.92;0
114;special_project_facility_spawn;4496.00;10.43;656.00;1.65;0
114;special_project_facility_spawn;4603.00;12.23;527.00;5.74;0
114;special_project_facility_spawn;4687.00;11.18;565.00;3.00;0
114;special_project_facility_spawn;4236.00;10.78;487.00;2.21;0
114;special_project_facility_spawn;4380.00;9.60;440.00;1.45;0
114;special_project_facility_spawn;4236.00;10.85;467.00;0.52;0
114;special_project_facility_spawn;4313.00;11.65;572.00;1.97;0
114;special_project_facility_spawn;4198.00;10.32;460.00;2.72;0
114;special_project_facility_spawn;4551.00;10.80;658.00;0.17;0
114;special_project_facility_spawn;4291.00;10.93;622.00;4.72;0
114;special_project_facility_spawn;4288.00;12.53;576.00;0.66;0
114;special_project_facility_spawn;4666.00;12.53;523.00;0.82;0
114;special_project_facility_spawn;4495.00;10.00;698.00;2.83;0
114;special_project_facility_spawn;4388.00;10.25;640.00;6.14;0
114;special_project_facility_spawn;4484.00;10.23;420.00;5.04;0
114;special_project_facility_spawn;4331.00;9.73;426.00;2.45;0
114;special_project_facility_spawn;4327.00;10.40;459.00;1.95;0
114;special_project_facility_spawn;4333.00;10.23;471.00;2.75;0
114;special_project_facility_spawn;4403.00;10.50;624.00;5.87;0
114;special_project_facility_spawn;4462.00;11.70;490.00;3.76;0
114;special_project_facility_spawn;4406.00;10.57;575.00;4.23;0
114;special_project_facility_spawn;4217.00;10.90;595.00;4.11;0
114;special_project_facility_spawn;4313.00;10.25;644.00;1.45;0
114;special_project_facility_spawn;4203.00;11.05;520.00;2.06;0
114;special_project_facility_spawn;4682.00;10.88;380.00;1.70;0
114;special_project_facility_spawn;4661.00;11.48;553.00;5.72;0
114;special_project_facility_spawn;4409.00;9.60;773.00;1.84;0
114;special_project_facility_spawn;4696.00;11.55;545.00;4.93;0
114;special_project_facility_spawn;4197.00;10.30;495.00;0.21;0
114;special_project_facility_spawn;4271.00;11.70;491.00;4.64;0
114;special_project_facility_spawn;4631.00;12.70;258.00;3.68;0
114;special_project_facility_spawn;4309.00;10.55;429.00;3.93;0
114;special_project_facility_spawn;4907.00;9.50;538.00;3.33;0
114;special_project_facility_spawn;4173.00;10.57;588.00;5.40;0
114;special_project_facility_spawn;4494.00;9.68;360.00;2.61;0
114;special_project_facility_spawn;4593.00;10.65;291.00;2.37;0
114;special_project_facility_spawn;4672.00;9.57;695.00;0.83;0
114;special_project_facility_spawn;4756.00;9.50;645.00;2.62;0
114;special_project_facility_spawn;4747.00;9.50;645.00;2.70;0
114;special_project_facility_spawn;4641.00;9.55;232.00;4.48;0
114;special_project_facility_spawn;4433.00;9.50;783.00;1.33;0
114;special_project_facility_spawn;4681.00;9.50;667.00;4.35;0
114;special_project_facility_spawn;4185.00;9.50;623.00;3.51;0
114;special_project_facility_spawn;4489.00;9.60;736.00;5.37;0
114;special_project_facility_spawn;4757.00;9.78;654.00;0.59;0
114;special_project_facility_spawn;4702.00;9.68;607.00;6.05;0
114;special_project_facility_spawn;4305.00;9.50;699.00;2.18;0
114;special_project_facility_spawn;4728.00;9.75;601.00;5.71;0
114;special_project_facility_spawn;4725.00;9.93;549.00;1.17;0
114;special_project_facility_spawn;4835.00;9.53;457.00;4.68;0
114;special_project_facility_spawn;4161.00;9.65;537.00;5.89;0
114;special_project_facility_spawn;4491.00;9.55;782.00;3.47;0
114;special_project_facility_spawn;4652.00;9.90;245.00;1.24;0
114;special_project_facility_spawn;4399.00;9.50;774.00;4.12;0
114;special_project_facility_spawn;4835.00;9.55;486.00;0.20;0
114;special_project_facility_spawn;4837.00;9.53;493.00;5.01;0
114;special_project_facility_spawn;4652.00;9.85;279.00;2.10;0
114;special_project_facility_spawn;4649.00;9.90;287.00;6.10;0
114;special_project_facility_spawn;4529.00;9.73;693.00;6.02;0
114;special_project_facility_spawn;4648.00;9.53;711.00;4.46;0
114;special_project_facility_spawn;4153.00;9.62;537.00;5.90;0
114;special_project_facility_spawn;4618.00;9.53;751.00;0.15;0
114;rocket_site_spawn;4209.00;11.80;548.00;2.01;0
114;floating_harbor;4292.47;9.50;392.16;-2.93;1277
114;floating_harbor;4448.84;9.50;413.68;-4.22;1280
114;floating_harbor;4034.00;9.50;643.00;0.85;1281
114;floating_harbor;4702.59;9.50;578.35;-1.23;1282
114;floating_harbor;4524.46;9.50;354.49;1.21;1283
114;floating_harbor;4262.00;9.50;656.60;1.03;1284
114;floating_harbor;4184.57;9.50;620.10;0.51;1286
114;floating_harbor;4601.00;9.50;775.00;-0.42;1287
114;floating_harbor;4157.74;9.50;591.13;1.11;1293
114;floating_harbor;4212.05;9.50;631.95;0.79;1295
114;floating_harbor;4633.70;9.50;661.19;-0.74;1297
114;floating_harbor;4440.49;9.50;421.94;-3.67;1298
114;floating_harbor;4532.16;9.50;683.86;0.58;1302
114;floating_harbor;4382.29;9.50;725.96;0.10;1306
114;floating_harbor;4364.37;9.50;424.14;-2.94;1307
114;floating_harbor;4380.00;9.50;843.00;-0.29;1313
114;floating_harbor;4419.15;9.50;429.10;-2.98;1314
114;floating_harbor;4334.01;9.50;416.27;-2.53;1318
114;floating_harbor;4425.00;9.50;340.00;-3.96;1320
114;floating_harbor;4507.31;9.50;703.02;-1.12;1322
114;floating_harbor;4157.42;9.50;547.61;-4.36;1325
114;floating_harbor;4498.79;9.50;388.78;-4.23;1327
114;floating_harbor;4220.00;9.50;781.00;0.70;1329
114;floating_harbor;4241.59;9.50;382.01;-3.20;1332
114;floating_harbor;4654.55;9.50;319.73;-2.23;1333
114;floating_harbor;4178.24;9.50;447.20;-4.45;1336
114;floating_harbor;4172.10;9.50;474.80;-4.54;1340
114;floating_harbor;4439.17;9.50;779.00;-0.02;1341
114;floating_harbor;4733.73;9.50;484.08;-1.85;1346
114;floating_harbor;4169.05;9.50;488.05;-3.93;1348
114;floating_harbor;4715.99;9.50;420.36;-1.52;1349
114;floating_harbor;4320.65;9.50;408.77;-2.41;1350
114;floating_harbor;4694.99;9.50;373.56;-1.63;1353
114;floating_harbor;4222.00;9.50;349.00;-2.57;1367
114;floating_harbor;4671.60;9.50;620.00;-0.54;1368
114;floating_harbor;4714.21;9.50;562.64;-0.32;1370
114;floating_harbor;4674.00;9.50;286.00;-0.90;1539
114;floating_harbor;4425.00;9.50;340.00;-4.42;1650
114;floating_harbor;4403.05;9.50;780.95;0.79;1663
114;floating_harbor;4674.00;9.50;286.00;-1.61;1730
114;floating_harbor;4783.00;9.50;681.00;-1.71;1774
114;floating_harbor;4497.00;9.50;734.00;-1.57;1781
114;floating_harbor;4724.00;9.50;539.00;-3.14;1793
114;floating_harbor;4674.00;9.50;286.00;-1.57;1806
114;floating_harbor;4152.00;9.50;547.00;0.00;1836
114;floating_harbor;4399.00;9.50;781.00;0.00;1844
114;floating_harbor;4034.00;9.50;643.00;0.88;1869
114;floating_harbor;4656.95;9.50;283.95;-0.79;1888
114;floating_harbor;4601.00;9.50;775.00;-1.62;1889
114;floating_harbor;4533.95;9.50;697.95;-0.79;1902
114;floating_harbor;4836.00;9.50;464.00;0.00;1926
114;floating_harbor;4783.00;9.50;681.00;-0.80;1943
114;floating_harbor;4654.00;9.50;712.00;-1.57;1968
114;floating_harbor;5006.00;9.50;487.00;-2.04;1980
114;floating_harbor;4783.00;9.50;681.00;-0.80;1981
114;floating_harbor;4601.00;9.50;775.00;0.62;1983
114;floating_harbor;4783.00;9.50;681.00;-0.60;2004
114;floating_harbor;4701.00;9.50;614.00;0.00;2005
114;floating_harbor;4682.00;9.50;672.00;0.00;2029
114;floating_harbor;4647.00;9.50;229.00;-1.57;2091
114;floating_harbor;4783.00;9.50;681.00;-0.65;2095
114;floating_harbor;4819.00;9.50;464.00;-3.70;2163
114;floating_harbor;4186.00;9.50;631.00;0.00;2164
114;floating_harbor;4440.00;9.50;782.00;-1.57;2168
114;floating_harbor;4220.00;9.50;781.00;0.80;2214
114;floating_harbor;4674.00;9.50;286.00;-0.49;2262
114;floating_harbor;4819.00;9.50;464.00;-3.77;2264
115;arms_factory;2803.00;10.62;813.00;4.71;0
115;arms_factory;2816.00;10.00;765.00;5.47;0
115;arms_factory;2805.00;10.45;760.00;3.65;0
115;arms_factory;2773.00;10.43;744.00;3.75;0
115;arms_factory;2773.00;10.62;839.00;1.18;0
115;arms_factory;2738.00;11.35;729.00;3.57;0
115;industrial_complex;2786.00;11.10;824.00;0.26;0
115;industrial_complex;2799.00;10.38;763.00;5.02;0
115;industrial_complex;2781.00;10.60;785.00;4.98;0
115;industrial_complex;2754.00;10.88;823.00;4.42;0
115;industrial_complex;2793.00;10.40;704.00;2.18;0
115;industrial_complex;2803.00;10.20;791.00;6.06;0
115;air_base;2763.00;10.88;846.00;0.31;0
115;supply_node;2768.00;10.48;769.00;4.83;0
115;bunker;2790.00;11.00;692.00;3.89;0
115;coastal_bunker;2719.00;9.50;691.00;-1.19;0
115;stronghold_network;2776.00;10.65;811.00;0.55;0
115;dockyard;2741.00;9.50;824.00;-1.19;0
115;anti_air_building;2808.00;10.65;755.00;2.37;0
115;anti_air_building;2766.00;10.93;753.00;2.76;0
115;anti_air_building;2734.00;12.53;714.00;3.49;0
115;synthetic_refinery;2783.00;10.32;749.00;2.70;0
115;fuel_silo;2746.00;9.80;793.00;5.78;0
115;radar_station;2771.00;10.62;772.00;4.12;0
115;naval_supply_hub;2739.00;9.50;801.00;-1.19;0
115;naval_headquarters;2720.00;10.40;704.00;-1.19;0
115;nuclear_reactor_spawn;2785.00;10.93;849.00;5.18;0
115;special_project_facility_spawn;2810.00;9.90;772.00;2.32;0
115;rocket_site_spawn;2742.00;9.65;827.00;1.92;0
115;floating_harbor;2726.50;9.50;752.40;-4.33;361
116;arms_factory;2586.00;10.03;1199.00;3.65;0
116;arms_factory;2605.00;9.80;1162.00;3.75;0
116;arms_factory;2720.00;10.38;1198.00;1.18;0
116;arms_factory;2649.00;10.10;1215.00;3.57;0
116;arms_factory;2606.00;10.18;1206.00;0.26;0
116;arms_factory;2637.00;10.75;1231.00;5.02;0
116;industrial_complex;2542.00;10.07;1194.00;4.98;0
116;industrial_complex;2554.00;10.05;1186.00;4.42;0
116;industrial_complex;2672.00;10.62;1226.00;2.18;0
116;industrial_complex;2678.00;10.28;1218.00;6.06;0
116;industrial_complex;2642.00;9.70;1181.00;0.31;0
116;industrial_complex;2556.00;10.65;1139.00;2.47;0
116;supply_node;2708.00;10.00;1194.00;4.78;0
116;supply_node;2614.00;9.85;1186.00;1.10;0
116;supply_node;2673.00;10.57;1250.00;5.97;0
116;supply_node;2646.00;10.05;1238.00;2.05;0
116;bunker;2700.00;10.30;1207.00;2.37;0
116;bunker;2616.00;10.68;1233.00;2.76;0
116;bunker;2664.00;10.98;1220.00;3.49;0
116;bunker;2667.00;10.68;1254.00;2.70;0
116;stronghold_network;2667.00;9.90;1173.00;5.78;0
116;anti_air_building;2564.00;9.60;1164.00;2.02;0
116;anti_air_building;2572.00;9.73;1154.00;0.36;0
116;anti_air_building;2565.00;9.62;1161.00;3.47;0
116;synthetic_refinery;2651.00;9.78;1192.00;5.18;0
116;fuel_silo;2687.00;10.05;1199.00;2.32;0
116;radar_station;2642.00;10.03;1202.00;0.98;0
116;nuclear_reactor_spawn;2545.00;10.38;1191.00;5.68;0
116;special_project_facility_spawn;2607.00;10.10;1196.00;3.37;0
116;special_project_facility_spawn;2646.00;10.65;1228.00;2.94;0
116;special_project_facility_spawn;2720.00;10.07;1202.00;2.43;0
116;special_project_facility_spawn;2675.00;10.48;1241.00;3.90;0
116;rocket_site_spawn;2649.00;9.70;1191.00;0.43;0
117;arms_factory;2492.00;9.60;1209.00;1.18;0
117;arms_factory;2399.00;9.82;1192.00;3.57;0
117;arms_factory;2449.00;9.60;1203.00;0.26;0
117;arms_factory;2493.00;9.57;1247.00;5.02;0
117;arms_factory;2492.00;10.03;1320.00;4.98;0
117;arms_factory;2465.00;9.68;1191.00;4.42;0
117;industrial_complex;2408.00;9.98;1187.00;2.18;0
117;industrial_complex;2497.00;10.53;1167.00;6.06;0
117;industrial_complex;2431.00;10.05;1147.00;0.31;0
117;industrial_complex;2507.00;9.53;1247.00;2.47;0
117;industrial_complex;2481.00;9.60;1220.00;3.89;0
117;industrial_complex;2514.00;9.70;1280.00;4.68;0
117;air_base;2434.00;10.18;1149.00;0.55;0
117;supply_node;2475.00;9.60;1194.00;2.05;0
117;supply_node;2584.00;10.95;1218.00;4.34;0
117;supply_node;2489.00;9.90;1314.00;4.91;0
117;bunker;2480.00;9.90;1320.00;3.49;0
117;bunker;2419.00;9.90;1169.00;2.70;0
117;bunker;2608.00;10.28;1223.00;5.78;0
117;stronghold_network;2448.00;10.07;1130.00;2.02;0
117;anti_air_building;2477.00;11.95;1353.00;0.36;0
117;anti_air_building;2442.00;10.48;1129.00;3.47;0
117;anti_air_building;2575.00;11.55;1224.00;5.18;0
117;synthetic_refinery;2425.00;9.70;1188.00;2.32;0
117;fuel_silo;2598.00;10.20;1211.00;1.92;0
117;radar_station;2494.00;9.60;1241.00;3.04;0
117;nuclear_reactor_spawn;2438.00;9.60;1182.00;3.37;0
117;special_project_facility_spawn;2506.00;9.73;1307.00;2.94;0
117;special_project_facility_spawn;2497.00;9.60;1208.00;2.43;0
117;special_project_facility_spawn;2602.00;10.50;1231.00;3.90;0
117;rocket_site_spawn;2478.00;11.57;1351.00;0.43;0
118;arms_factory;2372.00;9.93;1215.00;0.26;0
118;arms_factory;2431.00;9.60;1323.00;5.02;0
118;arms_factory;2441.00;9.80;1330.00;4.98;0
118;arms_factory;2451.00;11.38;1357.00;4.42;0
118;arms_factory;2393.00;10.00;1241.00;2.18;0
118;arms_factory;2431.00;9.60;1207.00;6.06;0
118;industrial_complex;2389.00;10.10;1240.00;0.31;0
118;industrial_complex;2453.00;9.65;1249.00;2.47;0
118;industrial_complex;2344.00;9.80;1230.00;3.89;0
118;industrial_complex;2416.00;9.50;1268.00;4.68;0
118;industrial_complex;2369.00;10.00;1212.00;0.55;0
118;industrial_complex;2458.00;9.70;1329.00;5.09;0
118;air_base;2420.00;9.60;1237.00;2.37;0
118;supply_node;2390.00;9.85;1235.00;4.91;0
118;supply_node;2333.00;9.60;1266.00;3.57;0
118;supply_node;2446.00;9.85;1341.00;3.38;0
118;supply_node;2444.00;9.60;1261.00;4.16;0
118;bunker;2325.00;9.50;1258.00;2.02;0
118;bunker;2460.00;13.00;1365.00;0.36;0
118;bunker;2358.00;9.90;1221.00;3.47;0
118;bunker;2460.00;9.70;1254.00;5.18;0
118;coastal_bunker;2319.00;9.50;1273.00;-1.22;0
118;coastal_bunker;2320.00;9.50;1230.00;-1.47;0
118;stronghold_network;2345.00;9.60;1268.00;5.68;0
118;dockyard;2320.00;9.50;1266.00;-1.22;0
118;anti_air_building;2326.00;9.60;1271.00;2.94;0
118;anti_air_building;2463.00;9.60;1294.00;2.43;0
118;anti_air_building;2446.00;9.62;1321.00;3.90;0
118;synthetic_refinery;2366.00;9.98;1211.00;0.43;0
118;fuel_silo;2408.00;9.60;1261.00;3.62;0
118;radar_station;2400.00;9.60;1275.00;5.19;0
118;naval_supply_hub;2319.00;9.50;1270.00;-1.22;0
118;naval_supply_hub;2320.00;9.50;1230.00;-1.47;0
118;naval_headquarters;2324.00;9.50;1239.00;-1.47;0
118;naval_headquarters;2321.00;9.50;1279.00;-1.22;0
118;nuclear_reactor_spawn;2372.00;9.82;1244.00;4.90;0
118;special_project_facility_spawn;2329.00;9.62;1239.00;0.24;0
118;special_project_facility_spawn;2452.00;9.57;1270.00;0.74;0
118;special_project_facility_spawn;2460.00;13.38;1377.00;3.59;0
118;special_project_facility_spawn;2336.00;9.60;1260.00;1.76;0
118;rocket_site_spawn;2453.00;10.05;1347.00;1.58;0
118;floating_harbor;2312.03;9.50;1227.31;-4.61;137
118;floating_harbor;2315.42;9.50;1259.61;-4.36;684
119;arms_factory;2948.00;10.10;683.00;4.98;0
119;arms_factory;2928.00;9.95;642.00;4.42;0
119;arms_factory;2978.00;9.80;621.00;2.18;0
119;arms_factory;3008.00;10.20;684.00;6.06;0
119;arms_factory;2990.00;9.80;601.00;0.31;0
119;arms_factory;3010.00;10.38;660.00;2.47;0
119;industrial_complex;2946.00;10.12;667.00;3.89;0
119;industrial_complex;2988.00;10.12;662.00;4.68;0
119;industrial_complex;3007.00;10.28;627.00;0.55;0
119;industrial_complex;2970.00;10.10;656.00;5.09;0
119;industrial_complex;2973.00;9.88;617.00;2.37;0
119;industrial_complex;2961.00;9.93;613.00;2.76;0
119;air_base;2951.00;10.03;682.00;3.49;0
119;supply_node;2974.00;9.88;651.00;3.38;0
119;bunker;2990.00;9.80;606.00;5.78;0
119;stronghold_network;2964.00;9.70;606.00;2.02;0
119;anti_air_building;2950.00;9.80;636.00;0.36;0
119;anti_air_building;2970.00;10.10;657.00;3.47;0
119;anti_air_building;2956.00;9.88;614.00;5.18;0
119;synthetic_refinery;2957.00;9.90;684.00;2.32;0
119;fuel_silo;2923.00;10.53;667.00;1.92;0
119;radar_station;2964.00;10.12;652.00;3.04;0
119;nuclear_reactor_spawn;2952.00;10.03;673.00;3.37;0
119;special_project_facility_spawn;2925.00;10.43;654.00;2.94;0
119;rocket_site_spawn;2939.00;9.75;633.00;2.43;0
120;arms_factory;2876.00;10.55;637.00;2.18;0
120;arms_factory;2909.00;10.73;658.00;6.06;0
120;arms_factory;2878.00;10.05;611.00;0.31;0
120;arms_factory;2920.00;10.05;562.00;2.47;0
120;arms_factory;2907.00;10.53;662.00;3.89;0
120;arms_factory;2900.00;9.90;585.00;4.68;0
120;industrial_complex;2930.00;9.90;577.00;0.55;0
120;industrial_complex;2869.00;9.80;581.00;5.09;0
120;industrial_complex;2876.00;10.68;655.00;2.37;0
120;industrial_complex;2859.00;9.93;624.00;2.76;0
120;industrial_complex;2937.00;9.82;622.00;3.49;0
120;industrial_complex;2865.00;10.07;627.00;2.70;0
120;air_base;2859.00;11.95;649.00;5.78;0
120;supply_node;2883.00;10.00;605.00;4.12;0
120;supply_node;2891.00;9.78;569.00;2.80;0
120;supply_node;2852.00;10.00;543.00;5.33;0
120;supply_node;2921.00;10.10;614.00;4.76;0
120;supply_node;2868.00;11.10;638.00;5.78;0
120;supply_node;2883.00;9.90;550.00;0.98;0
120;supply_node;2847.00;9.78;582.00;3.04;0
120;bunker;2841.00;9.70;572.00;3.37;0
120;bunker;2921.00;9.90;570.00;2.94;0
120;bunker;2846.00;10.03;543.00;2.43;0
120;bunker;2907.00;10.00;597.00;3.90;0
120;bunker;2861.00;10.88;640.00;0.43;0
120;bunker;2887.00;9.90;557.00;3.62;0
120;bunker;2886.00;10.10;609.00;4.56;0
120;stronghold_network;2873.00;10.20;621.00;2.92;0
120;anti_air_building;2857.00;9.85;581.00;2.11;0
120;anti_air_building;2842.00;9.75;586.00;5.76;0
120;anti_air_building;2883.00;10.70;633.00;5.58;0
120;synthetic_refinery;2913.00;10.78;637.00;4.90;0
120;fuel_silo;2878.00;9.80;564.00;0.24;0
120;radar_station;2899.00;10.00;597.00;3.32;0
120;nuclear_reactor_spawn;2858.00;11.35;642.00;3.59;0
120;special_project_facility_spawn;2865.00;9.90;619.00;1.76;0
120;special_project_facility_spawn;2881.00;10.12;613.00;1.58;0
120;special_project_facility_spawn;2846.00;9.70;568.00;3.69;0
120;special_project_facility_spawn;2885.00;9.80;571.00;5.05;0
120;special_project_facility_spawn;2847.00;9.70;548.00;3.02;0
120;special_project_facility_spawn;2928.00;10.00;622.00;3.69;0
120;special_project_facility_spawn;2895.00;9.90;555.00;4.76;0
120;rocket_site_spawn;2888.00;10.10;604.00;4.96;0
121;arms_factory;3033.00;10.43;689.00;0.31;0
121;arms_factory;3027.00;10.62;670.00;2.47;0
121;arms_factory;3030.00;10.20;644.00;3.89;0
121;arms_factory;3015.00;9.70;562.00;4.68;0
121;arms_factory;3036.00;10.00;609.00;0.55;0
121;arms_factory;3051.00;10.40;662.00;5.09;0
121;industrial_complex;3045.00;9.65;643.00;2.37;0
121;industrial_complex;3018.00;10.05;621.00;2.76;0
121;industrial_complex;3001.00;10.23;703.00;3.49;0
121;industrial_complex;3024.00;10.55;675.00;2.70;0
121;industrial_complex;3038.00;10.20;649.00;5.78;0
121;industrial_complex;3025.00;10.68;655.00;2.02;0
121;air_base;3044.00;9.70;564.00;0.36;0
121;supply_node;3010.00;9.80;556.00;5.33;0
121;supply_node;3032.00;10.03;628.00;4.76;0
121;supply_node;3029.00;9.80;586.00;5.78;0
121;supply_node;3031.00;9.70;558.00;0.98;0
121;supply_node;3026.00;10.38;681.00;3.04;0
121;bunker;3052.00;9.60;567.00;3.37;0
121;bunker;3020.00;10.25;692.00;2.94;0
121;bunker;3010.00;9.80;538.00;2.43;0
121;bunker;3034.00;10.12;645.00;3.90;0
121;bunker;3026.00;9.60;552.00;0.43;0
121;coastal_bunker;3048.00;9.55;619.00;-4.66;0
121;coastal_bunker;3026.00;9.50;549.00;0.67;0
121;coastal_bunker;3013.00;9.60;536.00;0.19;0
121;coastal_bunker;3066.00;9.60;657.00;1.03;0
121;coastal_bunker;3052.00;9.50;573.00;1.41;0
121;stronghold_network;3044.00;10.75;666.00;5.58;0
121;dockyard;3056.00;9.57;651.00;-4.66;0
121;anti_air_building;3029.00;10.35;686.00;0.24;0
121;anti_air_building;3037.00;10.60;680.00;0.74;0
121;anti_air_building;3050.00;10.45;660.00;3.59;0
121;synthetic_refinery;3042.00;9.68;624.00;1.76;0
121;fuel_silo;3002.00;9.80;585.00;1.58;0
121;radar_station;3025.00;10.07;615.00;5.75;0
121;naval_supply_hub;3054.00;9.50;646.00;-4.66;0
121;naval_supply_hub;3066.00;9.60;657.00;1.03;0
121;naval_supply_hub;3054.00;9.55;589.00;1.41;0
121;naval_supply_hub;3013.00;9.62;532.00;0.19;0
121;naval_supply_hub;3035.00;9.50;553.00;0.67;0
121;naval_headquarters;3039.00;9.50;554.00;0.67;0
121;naval_headquarters;3054.00;9.50;580.00;1.41;0
121;naval_headquarters;3014.00;9.62;530.00;0.19;0
121;naval_headquarters;3048.00;9.50;640.00;-4.66;0
121;naval_headquarters;3066.00;9.60;657.00;1.03;0
121;nuclear_reactor_spawn;3015.00;9.78;569.00;3.98;0
121;special_project_facility_spawn;3042.00;9.85;611.00;4.40;0
121;special_project_facility_spawn;3023.00;9.60;551.00;3.90;0
121;special_project_facility_spawn;3014.00;10.25;704.00;4.67;0
121;special_project_facility_spawn;3020.00;9.70;567.00;2.17;0
121;special_project_facility_spawn;3008.00;9.93;596.00;3.88;0
121;rocket_site_spawn;3021.00;9.70;564.00;2.97;0
121;floating_harbor;3109.00;9.50;578.00;-1.10;17
121;floating_harbor;3056.99;9.50;629.39;-1.52;167
121;floating_harbor;3060.91;9.50;580.89;-1.73;226
121;floating_harbor;3039.37;9.50;547.53;-2.47;344
121;floating_harbor;3072.00;9.50;653.40;-2.11;581
122;arms_factory;2837.00;11.53;649.00;3.89;0
122;arms_factory;2810.00;9.80;606.00;4.68;0
122;arms_factory;2812.00;10.18;499.00;0.55;0
122;arms_factory;2815.00;9.80;605.00;5.09;0
122;arms_factory;2812.00;10.30;494.00;2.37;0
122;arms_factory;2801.00;10.25;538.00;2.76;0
122;industrial_complex;2807.00;9.88;627.00;3.49;0
122;industrial_complex;2835.00;12.62;664.00;2.70;0
122;industrial_complex;2830.00;9.98;623.00;5.78;0
122;industrial_complex;2770.00;10.03;601.00;2.02;0
122;industrial_complex;2831.00;10.07;538.00;0.36;0
122;industrial_complex;2821.00;9.90;615.00;3.47;0
122;air_base;2776.00;12.50;677.00;5.18;0
122;supply_node;2814.00;10.00;546.00;5.78;0
122;supply_node;2754.00;10.00;658.00;0.98;0
122;supply_node;2794.00;10.23;508.00;3.04;0
122;supply_node;2820.00;10.15;510.00;5.36;0
122;supply_node;2787.00;10.03;577.00;5.11;0
122;supply_node;2832.00;11.60;657.00;4.51;0
122;supply_node;2773.00;10.53;539.00;2.00;0
122;supply_node;2800.00;9.82;613.00;5.29;0
122;bunker;2816.00;9.80;561.00;3.62;0
122;bunker;2779.00;10.05;503.00;4.56;0
122;bunker;2832.00;9.70;572.00;2.92;0
122;bunker;2739.00;9.60;632.00;2.11;0
122;bunker;2821.00;10.48;522.00;5.76;0
122;bunker;2795.00;10.20;674.00;5.58;0
122;bunker;2789.00;10.60;531.00;4.90;0
122;bunker;2806.00;9.80;587.00;0.24;0
122;coastal_bunker;2724.00;9.50;658.00;-1.27;0
122;coastal_bunker;2757.00;9.50;592.00;-1.57;0
122;coastal_bunker;2756.00;9.50;567.00;-1.47;0
122;coastal_bunker;2744.00;9.50;616.00;-1.43;0
122;coastal_bunker;2781.00;9.50;493.00;-0.93;0
122;stronghold_network;2816.00;9.93;628.00;5.05;0
122;dockyard;2750.00;9.50;605.00;-1.43;0
122;anti_air_building;2810.00;10.10;643.00;3.69;0
122;anti_air_building;2897.00;10.20;676.00;4.76;0
122;anti_air_building;2776.00;9.95;593.00;4.96;0
122;synthetic_refinery;2784.00;9.90;566.00;3.72;0
122;fuel_silo;2771.00;10.00;609.00;1.71;0
122;radar_station;2812.00;9.80;587.00;0.91;0
122;naval_supply_hub;2717.00;9.50;676.00;-1.27;0
122;naval_supply_hub;2778.00;9.50;497.00;-0.93;0
122;naval_supply_hub;2766.00;9.50;519.00;-1.47;0
122;naval_supply_hub;2746.00;9.50;613.00;-1.43;0
122;naval_supply_hub;2756.00;9.50;576.00;-1.57;0
122;naval_headquarters;2745.00;9.50;613.00;-1.43;0
122;naval_headquarters;2739.00;9.50;630.00;-1.27;0
122;naval_headquarters;2757.00;9.50;592.00;-1.57;0
122;naval_headquarters;2781.00;9.50;493.00;-0.93;0
122;naval_headquarters;2767.00;9.50;517.00;-1.47;0
122;nuclear_reactor_spawn;2832.00;9.70;572.00;4.38;0
122;special_project_facility_spawn;2772.00;11.82;670.00;3.15;0
122;special_project_facility_spawn;2783.00;9.80;611.00;5.97;0
122;special_project_facility_spawn;2807.00;10.53;491.00;3.21;0
122;special_project_facility_spawn;2824.00;9.70;561.00;0.94;0
122;special_project_facility_spawn;2799.00;11.15;660.00;5.63;0
122;special_project_facility_spawn;2811.00;10.43;522.00;4.86;0
122;special_project_facility_spawn;2784.00;10.00;578.00;1.37;0
122;special_project_facility_spawn;2776.00;11.35;528.00;5.08;0
122;rocket_site_spawn;2821.00;9.70;572.00;1.62;0
122;floating_harbor;2721.31;9.50;647.94;-4.41;148
122;floating_harbor;2772.40;9.50;491.80;-4.07;188
122;floating_harbor;2719.00;9.50;456.00;-3.45;243
122;floating_harbor;2756.03;9.50;537.30;-4.61;428
123;arms_factory;2533.00;10.68;1140.00;0.55;0
123;arms_factory;2482.00;9.85;1043.00;5.09;0
123;arms_factory;2503.00;10.23;1111.00;2.37;0
123;arms_factory;2491.00;10.35;1134.00;2.76;0
123;arms_factory;2483.00;10.75;1092.00;3.49;0
123;arms_factory;2489.00;10.53;1145.00;2.70;0
123;industrial_complex;2454.00;10.12;1088.00;5.78;0
123;industrial_complex;2451.00;10.20;1076.00;2.02;0
123;industrial_complex;2451.00;10.25;1040.00;0.36;0
123;industrial_complex;2490.00;10.45;1084.00;3.47;0
123;industrial_complex;2470.00;10.45;1097.00;5.18;0
123;industrial_complex;2528.00;10.40;1161.00;2.32;0
123;air_base;2454.00;10.05;1097.00;1.92;0
123;supply_node;2485.00;10.45;1099.00;3.04;0
123;bunker;2515.00;10.00;1156.00;3.37;0
123;coastal_bunker;2501.00;9.50;1040.00;-0.07;0
123;stronghold_network;2487.00;10.40;1090.00;2.43;0
123;dockyard;2454.00;9.50;1033.00;-0.07;0
123;anti_air_building;2476.00;9.95;1121.00;0.43;0
123;anti_air_building;2539.00;10.90;1139.00;3.62;0
123;anti_air_building;2492.00;10.45;1106.00;4.56;0
123;synthetic_refinery;2525.00;10.10;1146.00;2.92;0
123;fuel_silo;2528.00;10.38;1141.00;2.11;0
123;radar_station;2493.00;10.62;1104.00;2.17;0
123;naval_supply_hub;2480.00;9.50;1040.00;-0.07;0
123;naval_headquarters;2486.00;9.62;1043.00;-0.07;0
123;nuclear_reactor_spawn;2454.00;10.10;1039.00;0.24;0
123;special_project_facility_spawn;2483.00;10.35;1110.00;0.74;0
123;rocket_site_spawn;2495.00;10.75;1082.00;3.59;0
124;arms_factory;2728.00;14.43;981.00;2.37;0
124;arms_factory;2698.00;14.32;955.00;2.76;0
124;arms_factory;2722.00;17.85;978.00;3.49;0
124;arms_factory;2703.00;16.25;980.00;2.70;0
124;arms_factory;2700.00;15.80;967.00;5.78;0
124;arms_factory;2727.00;14.95;985.00;2.02;0
124;industrial_complex;2703.00;16.33;978.00;0.36;0
124;industrial_complex;2696.00;13.95;950.00;3.47;0
124;industrial_complex;2690.00;13.98;948.00;5.18;0
124;industrial_complex;2690.00;12.23;974.00;2.32;0
124;industrial_complex;2703.00;15.15;992.00;1.92;0
124;industrial_complex;2696.00;14.28;954.00;5.68;0
124;supply_node;2706.00;16.90;976.00;5.36;0
124;bunker;2727.00;15.25;991.00;2.94;0
124;coastal_bunker;2690.00;9.50;992.00;-1.43;0
124;stronghold_network;2691.00;11.78;978.00;3.90;0
124;dockyard;2688.00;10.03;975.00;-1.43;0
124;anti_air_building;2713.00;13.85;965.00;3.62;0
124;anti_air_building;2712.00;16.77;982.00;4.56;0
124;anti_air_building;2706.00;16.35;982.00;2.92;0
124;synthetic_refinery;2697.00;15.28;980.00;2.11;0
124;fuel_silo;2699.00;16.48;977.00;5.76;0
124;radar_station;2712.00;15.73;971.00;0.93;0
124;naval_supply_hub;2684.00;9.70;952.00;-1.43;0
124;naval_headquarters;2687.00;9.53;974.00;-1.43;0
124;nuclear_reactor_spawn;2731.00;14.50;992.00;0.74;0
124;special_project_facility_spawn;2710.00;16.83;973.00;3.59;0
124;rocket_site_spawn;2700.00;15.03;964.00;1.76;0
124;floating_harbor;2678.07;9.50;972.01;-4.57;2743
125;arms_factory;1613.00;11.53;1133.00;3.49;0
125;arms_factory;1595.00;15.15;1129.00;2.70;0
125;arms_factory;1579.00;11.05;1088.00;5.78;0
125;arms_factory;1654.00;11.15;1062.00;2.02;0
125;arms_factory;1625.00;11.73;1099.00;0.36;0
125;arms_factory;1574.00;11.18;1087.00;3.47;0
125;industrial_complex;1662.00;12.45;1113.00;5.18;0
125;industrial_complex;1624.00;10.73;1059.00;2.32;0
125;industrial_complex;1659.00;11.20;1084.00;1.92;0
125;industrial_complex;1609.00;11.60;1037.00;5.68;0
125;industrial_complex;1599.00;11.62;1010.00;3.37;0
125;industrial_complex;1672.00;11.82;1111.00;2.94;0
125;air_base;1650.00;11.20;1073.00;2.43;0
125;supply_node;1562.00;17.33;1113.00;2.00;0
125;supply_node;1623.00;11.30;1011.00;5.29;0
125;supply_node;1599.00;11.15;1035.00;6.28;0
125;supply_node;1645.00;10.95;1088.00;5.19;0
125;bunker;1654.00;11.20;1077.00;2.92;0
125;bunker;1586.00;11.65;1136.00;2.11;0
125;bunker;1609.00;12.10;1051.00;5.76;0
125;bunker;1592.00;10.78;1041.00;5.58;0
125;coastal_bunker;1527.00;10.05;1129.00;-2.32;0
125;coastal_bunker;1645.00;9.88;1138.00;-2.95;0
125;stronghold_network;1599.00;11.10;1051.00;0.74;0
125;dockyard;1560.00;10.28;1163.00;-3.27;0
125;anti_air_building;1656.00;12.23;1102.00;1.76;0
125;anti_air_building;1606.00;11.03;1099.00;1.58;0
125;anti_air_building;1567.00;11.98;1097.00;3.69;0
125;synthetic_refinery;1633.00;11.60;1115.00;5.05;0
125;fuel_silo;1656.00;11.15;1079.00;3.02;0
125;radar_station;1607.00;11.40;1074.00;1.16;0
125;naval_supply_hub;1562.00;9.88;1156.00;-3.27;0
125;naval_supply_hub;1639.00;9.50;1142.00;-2.95;0
125;naval_headquarters;1646.00;9.70;1142.00;-2.95;0
125;naval_headquarters;1530.00;10.30;1135.00;-2.32;0
125;nuclear_reactor_spawn;1656.00;10.55;1036.00;0.21;0
125;special_project_facility_spawn;1565.00;16.62;1127.00;5.28;0
125;special_project_facility_spawn;1671.00;11.10;1088.00;2.33;0
125;special_project_facility_spawn;1598.00;10.93;1038.00;3.98;0
125;special_project_facility_spawn;1607.00;12.28;1048.00;4.40;0
125;rocket_site_spawn;1582.00;12.45;1101.00;3.90;0
125;floating_harbor;1416.00;9.50;1190.00;1.15;746
126;arms_factory;1509.00;10.60;949.00;5.78;0
126;arms_factory;1494.00;11.60;1130.00;2.02;0
126;arms_factory;1468.00;12.12;1009.00;0.36;0
126;arms_factory;1567.00;11.32;1031.00;3.47;0
126;arms_factory;1580.00;10.85;1046.00;5.18;0
126;arms_factory;1587.00;11.38;1031.00;2.32;0
126;industrial_complex;1565.00;11.20;1045.00;1.92;0
126;industrial_complex;1539.00;11.35;977.00;5.68;0
126;industrial_complex;1472.00;12.25;1014.00;3.37;0
126;industrial_complex;1485.00;11.23;1054.00;2.94;0
126;industrial_complex;1492.00;11.57;1030.00;2.43;0
126;industrial_complex;1459.00;11.18;1075.00;3.90;0
126;air_base;1487.00;12.15;1115.00;0.43;0
126;supply_node;1533.00;11.10;1014.00;6.28;0
126;supply_node;1474.00;12.30;1023.00;5.19;0
126;supply_node;1557.00;11.48;1049.00;3.26;0
126;supply_node;1496.00;11.50;1064.00;1.18;0
126;supply_node;1491.00;12.23;1114.00;2.17;0
126;supply_node;1531.00;10.88;966.00;0.93;0
126;supply_node;1540.00;11.25;1039.00;4.95;0
126;supply_node;1460.00;12.45;996.00;0.15;0
126;supply_node;1490.00;11.55;1032.00;3.32;0
126;supply_node;1501.00;11.35;1014.00;5.93;0
126;supply_node;1465.00;11.48;1056.00;0.97;0
126;bunker;1513.00;13.10;1108.00;1.58;0
126;bunker;1487.00;11.62;1035.00;3.69;0
126;bunker;1501.00;11.53;1058.00;5.05;0
126;bunker;1589.00;11.57;1022.00;3.02;0
126;bunker;1521.00;10.75;970.00;3.69;0
126;bunker;1462.00;11.28;1055.00;4.76;0
126;bunker;1503.00;11.40;1034.00;4.96;0
126;bunker;1488.00;11.40;984.00;3.72;0
126;bunker;1473.00;12.15;1019.00;1.71;0
126;bunker;1531.00;11.25;1004.00;0.21;0
126;bunker;1550.00;11.38;1040.00;5.28;0
126;coastal_bunker;1455.00;9.50;1067.00;-1.66;0
126;coastal_bunker;1450.00;9.50;1081.00;-0.93;0
126;coastal_bunker;1433.00;9.57;998.00;-2.15;0
126;coastal_bunker;1458.00;9.55;1034.00;-1.94;0
126;stronghold_network;1493.00;12.25;1114.00;4.67;0
126;dockyard;1498.00;9.50;1152.00;-3.22;0
126;anti_air_building;1542.00;11.25;986.00;3.88;0
126;anti_air_building;1547.00;12.68;1082.00;2.97;0
126;anti_air_building;1457.00;10.10;1045.00;4.58;0
126;synthetic_refinery;1499.00;12.40;1117.00;4.38;0
126;fuel_silo;1565.00;11.57;1019.00;3.15;0
126;radar_station;1516.00;11.32;1039.00;0.33;0
126;naval_supply_hub;1435.00;9.50;1007.00;-2.15;0
126;naval_supply_hub;1459.00;10.38;1101.00;-3.22;0
126;naval_supply_hub;1452.00;9.50;1070.00;-1.66;0
126;naval_supply_hub;1455.00;9.50;1029.00;-1.94;0
126;naval_headquarters;1526.00;10.32;1162.00;-3.22;0
126;naval_headquarters;1436.00;9.57;1001.00;-2.15;0
126;naval_headquarters;1457.00;9.60;1031.00;-1.94;0
126;naval_headquarters;1453.00;9.85;1061.00;-1.66;0
126;nuclear_reactor_spawn;1566.00;11.50;1015.00;5.66;0
126;special_project_facility_spawn;1534.00;11.38;979.00;3.45;0
126;special_project_facility_spawn;1526.00;11.30;1041.00;5.37;0
126;special_project_facility_spawn;1497.00;11.62;1026.00;3.23;0
126;special_project_facility_spawn;1534.00;11.40;1055.00;3.61;0
126;special_project_facility_spawn;1455.00;11.93;1011.00;2.53;0
126;special_project_facility_spawn;1531.00;11.15;1019.00;3.26;0
126;special_project_facility_spawn;1481.00;11.88;1008.00;2.72;0
126;special_project_facility_spawn;1507.00;11.25;1042.00;6.11;0
126;special_project_facility_spawn;1468.00;11.65;1107.00;4.12;0
126;special_project_facility_spawn;1464.00;11.40;1060.00;1.12;0
126;special_project_facility_spawn;1490.00;11.55;1038.00;1.36;0
126;rocket_site_spawn;1504.00;12.53;1108.00;4.20;0
126;floating_harbor;1449.48;9.50;1032.54;1.20;839
126;floating_harbor;1493.56;9.50;1145.98;-0.08;929
126;floating_harbor;1434.13;9.50;1012.81;0.99;1031
126;floating_harbor;1447.03;9.50;1057.63;1.48;1201
127;arms_factory;1038.00;10.15;1507.00;0.36;0
127;arms_factory;1089.00;10.10;1467.00;3.47;0
127;arms_factory;915.00;17.83;1506.00;5.18;0
127;arms_factory;1130.00;10.00;1276.00;2.32;0
127;arms_factory;1029.00;13.30;1415.00;1.92;0
127;arms_factory;1118.00;10.03;1429.00;5.68;0
127;industrial_complex;1120.00;11.00;1356.00;3.37;0
127;industrial_complex;1160.00;10.40;1339.00;2.94;0
127;industrial_complex;1068.00;9.73;1328.00;2.43;0
127;industrial_complex;1104.00;9.70;1287.00;3.90;0
127;industrial_complex;1048.00;10.20;1513.00;0.43;0
127;industrial_complex;1046.00;9.88;1372.00;3.62;0
127;air_base;1102.00;9.98;1417.00;4.56;0
127;supply_node;1033.00;10.30;1383.00;3.26;0
127;supply_node;1301.00;10.32;1309.00;1.18;0
127;supply_node;1152.00;12.35;1368.00;2.17;0
127;supply_node;1102.00;10.10;1438.00;0.93;0
127;supply_node;1064.00;11.30;1396.00;4.95;0
127;supply_node;1104.00;10.55;1371.00;0.15;0
127;supply_node;1067.00;9.73;1315.00;3.32;0
127;supply_node;1167.00;10.75;1283.00;5.93;0
127;supply_node;1138.00;9.75;1311.00;0.97;0
127;supply_node;1204.00;11.43;1250.00;1.03;0
127;supply_node;1090.00;9.90;1293.00;5.75;0
127;supply_node;980.00;11.05;1501.00;0.50;0
127;supply_node;1050.00;9.90;1471.00;4.45;0
127;supply_node;1164.00;9.88;1309.00;1.16;0
127;supply_node;945.00;11.55;1421.00;3.43;0
127;supply_node;1116.00;9.75;1290.00;6.04;0
127;supply_node;1290.00;10.60;1281.00;3.90;0
127;supply_node;1128.00;10.10;1415.00;3.21;0
127;supply_node;1275.00;10.43;1296.00;0.91;0
127;supply_node;956.00;10.20;1447.00;2.12;0
127;supply_node;941.00;9.50;1453.00;1.68;0
127;supply_node;1317.00;9.60;1302.00;3.39;0
127;supply_node;915.00;9.50;1433.00;1.65;0
127;bunker;1026.00;9.50;1369.00;3.90;0
127;bunker;1012.00;9.98;1484.00;4.67;0
127;bunker;1063.00;9.62;1334.00;2.17;0
127;bunker;1102.00;9.70;1333.00;3.88;0
127;bunker;1152.00;10.25;1316.00;2.97;0
127;bunker;1071.00;10.00;1440.00;4.58;0
127;bunker;955.00;10.05;1409.00;4.38;0
127;bunker;1134.00;11.38;1351.00;3.15;0
127;bunker;1097.00;9.90;1428.00;5.97;0
127;bunker;1184.00;10.95;1264.00;3.21;0
127;bunker;1100.00;9.70;1311.00;0.94;0
127;bunker;1135.00;10.25;1418.00;5.63;0
127;bunker;1305.00;9.88;1277.00;4.86;0
127;bunker;1080.00;10.18;1402.00;1.37;0
127;bunker;1164.00;10.18;1302.00;5.08;0
127;bunker;1278.00;10.62;1302.00;1.62;0
127;bunker;1154.00;11.18;1338.00;0.18;0
127;bunker;1175.00;11.15;1286.00;5.66;0
127;bunker;1306.00;10.18;1304.00;3.45;0
127;bunker;940.00;10.80;1456.00;5.37;0
127;bunker;915.00;9.50;1435.00;3.23;0
127;bunker;956.00;10.30;1448.00;3.61;0
127;bunker;1317.00;9.50;1303.00;2.53;0
127;coastal_bunker;1106.00;9.50;1261.00;0.04;0
127;coastal_bunker;1192.00;9.50;1228.00;-1.21;0
127;coastal_bunker;1036.00;9.50;1356.00;-1.19;0
127;coastal_bunker;1169.00;9.57;1312.00;-4.02;0
127;coastal_bunker;939.00;10.68;1445.00;0.62;0
127;coastal_bunker;1057.00;9.50;1304.00;-1.00;0
127;coastal_bunker;916.00;9.62;1432.00;-3.93;0
127;coastal_bunker;1117.00;9.50;1251.00;0.03;0
127;coastal_bunker;1167.00;9.75;1383.00;1.43;0
127;coastal_bunker;982.00;9.50;1428.00;-0.43;0
127;coastal_bunker;957.00;10.38;1449.00;-3.14;0
127;coastal_bunker;1295.00;9.62;1320.00;-3.93;0
127;coastal_bunker;1255.00;9.50;1276.00;-1.79;0
127;coastal_bunker;942.00;10.80;1454.00;1.57;0
127;coastal_bunker;1307.00;9.73;1282.00;1.50;0
127;coastal_bunker;1187.00;9.88;1280.00;-4.66;0
127;coastal_bunker;1319.00;9.50;1304.00;-1.57;0
127;coastal_bunker;1163.00;9.90;1333.00;-3.99;0
127;stronghold_network;965.00;9.60;1388.00;3.92;0
127;dockyard;1050.00;9.50;1339.00;-1.00;0
127;anti_air_building;1033.00;10.30;1514.00;0.12;0
127;anti_air_building;976.00;11.40;1447.00;3.23;0
127;anti_air_building;1064.00;10.10;1479.00;1.49;0
127;synthetic_refinery;1055.00;10.65;1385.00;3.02;0
127;fuel_silo;1012.00;10.80;1527.00;5.38;0
127;radar_station;1104.00;10.10;1381.00;0.60;0
127;naval_supply_hub;933.00;11.28;1493.00;-0.43;0
127;naval_supply_hub;1033.00;9.50;1362.00;-1.19;0
127;naval_supply_hub;1259.00;9.50;1280.00;-1.79;0
127;naval_supply_hub;1179.00;9.50;1225.00;-1.21;0
127;naval_supply_hub;1052.00;9.50;1330.00;-1.00;0
127;naval_supply_hub;1188.00;9.90;1279.00;-4.66;0
127;naval_supply_hub;920.00;11.25;1488.00;0.62;0
127;naval_supply_hub;1165.00;9.57;1370.00;1.43;0
127;naval_supply_hub;1308.00;9.50;1283.00;1.50;0
127;naval_supply_hub;1086.00;9.50;1266.00;0.04;0
127;naval_supply_hub;957.00;10.40;1451.00;-3.14;0
127;naval_supply_hub;1301.00;9.60;1322.00;-3.93;0
127;naval_supply_hub;1171.00;9.62;1306.00;-4.02;0
127;naval_supply_hub;1318.00;9.60;1303.00;-1.57;0
127;naval_supply_hub;1120.00;9.50;1249.00;0.03;0
127;naval_supply_hub;944.00;9.50;1449.00;1.57;0
127;naval_supply_hub;916.00;10.00;1434.00;-3.93;0
127;naval_supply_hub;1163.00;9.90;1333.00;-3.99;0
127;naval_headquarters;937.00;11.10;1452.00;0.62;0
127;naval_headquarters;1085.00;9.50;1266.00;0.04;0
127;naval_headquarters;991.00;9.50;1415.00;-0.43;0
127;naval_headquarters;1159.00;9.50;1233.00;-1.21;0
127;naval_headquarters;1267.00;9.50;1294.00;-1.79;0
127;naval_headquarters;1163.00;9.90;1332.00;-4.02;0
127;naval_headquarters;1042.00;9.50;1349.00;-1.19;0
127;naval_headquarters;1062.00;9.50;1285.00;-1.00;0
127;naval_headquarters;1167.00;9.75;1382.00;1.43;0
127;naval_headquarters;1305.00;9.68;1289.00;1.50;0
127;naval_headquarters;1293.00;9.62;1319.00;-3.93;0
127;naval_headquarters;955.00;9.50;1445.00;-3.14;0
127;naval_headquarters;1181.00;10.03;1293.00;-4.66;0
127;naval_headquarters;943.00;10.32;1452.00;1.57;0
127;naval_headquarters;1317.00;9.50;1303.00;-1.57;0
127;naval_headquarters;915.00;9.50;1432.00;-3.93;0
127;naval_headquarters;1120.00;9.50;1249.00;0.03;0
127;naval_headquarters;1163.00;9.90;1333.00;-3.99;0
127;nuclear_reactor_spawn;1099.00;10.18;1374.00;2.28;0
127;special_project_facility_spawn;1102.00;9.70;1334.00;5.46;0
127;special_project_facility_spawn;1063.00;9.93;1444.00;2.25;0
127;special_project_facility_spawn;1158.00;10.68;1393.00;0.78;0
127;special_project_facility_spawn;1274.00;10.25;1303.00;4.57;0
127;special_project_facility_spawn;972.00;12.25;1449.00;5.44;0
127;special_project_facility_spawn;1032.00;9.57;1367.00;1.58;0
127;special_project_facility_spawn;1131.00;10.10;1426.00;2.57;0
127;special_project_facility_spawn;1162.00;10.43;1264.00;3.52;0
127;special_project_facility_spawn;1081.00;9.95;1412.00;4.83;0
127;special_project_facility_spawn;1083.00;9.90;1303.00;2.75;0
127;special_project_facility_spawn;1136.00;9.80;1318.00;3.00;0
127;special_project_facility_spawn;1165.00;9.93;1307.00;2.07;0
127;special_project_facility_spawn;1103.00;10.10;1443.00;2.77;0
127;special_project_facility_spawn;1089.00;9.80;1355.00;2.99;0
127;special_project_facility_spawn;915.00;14.28;1479.00;3.61;0
127;special_project_facility_spawn;1159.00;10.32;1292.00;2.24;0
127;special_project_facility_spawn;1283.00;10.82;1272.00;0.19;0
127;special_project_facility_spawn;1061.00;9.70;1342.00;0.00;0
127;special_project_facility_spawn;1306.00;10.23;1313.00;3.00;0
127;special_project_facility_spawn;1317.00;9.50;1303.00;1.20;0
127;special_project_facility_spawn;940.00;10.25;1455.00;4.81;0
127;special_project_facility_spawn;916.00;9.62;1432.00;2.38;0
127;special_project_facility_spawn;957.00;10.12;1446.00;5.49;0
127;rocket_site_spawn;1097.00;10.20;1456.00;4.00;0
127;floating_harbor;1011.50;9.50;1374.40;-4.33;730
127;floating_harbor;1280.00;9.50;1371.00;0.43;742
127;floating_harbor;1172.93;9.50;1365.01;-1.71;750
127;floating_harbor;1050.09;9.50;1304.24;-4.15;860
127;floating_harbor;1191.99;9.50;1284.39;-1.52;897
127;floating_harbor;1168.26;9.50;1337.62;-0.85;906
127;floating_harbor;1224.94;9.50;1219.21;-2.54;958
127;floating_harbor;1091.26;9.50;1259.00;-3.10;969
127;floating_harbor;984.00;9.50;1325.00;-2.95;971
127;floating_harbor;1175.38;9.50;1318.48;-0.88;1006
127;floating_harbor;984.00;9.50;1325.00;-2.78;1027
127;floating_harbor;1117.18;9.50;1244.00;-3.12;1102
127;floating_harbor;1311.98;9.50;1279.53;-1.64;1139
127;floating_harbor;1259.17;9.50;1299.52;1.35;1189
127;floating_harbor;984.00;9.50;1325.00;-2.92;1864
127;floating_harbor;949.00;9.50;1453.00;-1.57;1915
127;floating_harbor;1280.00;9.50;1371.00;0.49;2183
127;floating_harbor;920.95;9.50;1438.95;-0.79;2235
128;arms_factory;1966.00;9.88;2540.00;5.18;0
128;arms_factory;2070.00;9.80;2285.00;2.32;0
128;arms_factory;1911.00;9.88;2189.00;1.92;0
128;arms_factory;1969.00;9.70;2497.00;5.68;0
128;arms_factory;1935.00;9.60;2385.00;3.37;0
128;arms_factory;1913.00;11.95;2124.00;2.94;0
128;industrial_complex;1780.00;9.85;2414.00;2.43;0
128;industrial_complex;2068.00;9.80;2265.00;3.90;0
128;industrial_complex;1979.00;9.50;2245.00;0.43;0
128;industrial_complex;2122.00;10.40;2379.00;3.62;0
128;industrial_complex;1664.00;10.12;2513.00;4.56;0
128;industrial_complex;1739.00;10.30;2464.00;2.92;0
128;air_base;2027.00;9.70;2222.00;2.11;0
128;supply_node;2039.00;9.70;2336.00;2.17;0
128;supply_node;2079.00;10.00;2308.00;0.93;0
128;supply_node;1588.00;11.28;2466.00;4.95;0
128;supply_node;1887.00;9.60;2406.00;0.15;0
128;supply_node;1995.00;9.60;2391.00;3.32;0
128;supply_node;1817.00;11.57;2231.00;5.93;0
128;supply_node;2230.00;12.45;2396.00;0.97;0
128;supply_node;2064.00;10.00;2528.00;1.03;0
128;supply_node;2219.00;11.07;2469.00;5.75;0
128;supply_node;1886.00;9.50;2262.00;0.50;0
128;supply_node;1819.00;9.57;2346.00;4.45;0
128;supply_node;1845.00;9.60;2487.00;1.16;0
128;supply_node;2069.00;9.90;2369.00;3.43;0
128;supply_node;2133.00;10.55;2309.00;6.04;0
128;supply_node;1972.00;9.50;2333.00;3.90;0
128;supply_node;1928.00;10.93;2116.00;3.21;0
128;supply_node;1869.00;9.62;2347.00;0.91;0
128;supply_node;1863.00;10.50;2122.00;2.12;0
128;supply_node;2003.00;9.50;2318.00;1.68;0
128;supply_node;1856.00;9.50;2284.00;3.39;0
128;supply_node;1896.00;9.60;2497.00;1.65;0
128;supply_node;2016.00;9.60;2243.00;1.01;0
128;supply_node;1932.00;9.50;2284.00;0.78;0
128;supply_node;1902.00;9.70;2233.00;1.17;0
128;supply_node;1839.00;10.07;2181.00;4.11;0
128;supply_node;1970.00;9.60;2186.00;2.06;0
128;supply_node;1931.00;9.90;2192.00;2.59;0
128;supply_node;1939.00;9.80;2156.00;3.91;0
128;supply_node;2110.00;10.35;2329.00;5.06;0
128;supply_node;1961.00;9.60;2452.00;0.33;0
128;supply_node;2030.00;9.80;2399.00;1.86;0
128;supply_node;2016.00;9.60;2365.00;5.76;0
128;supply_node;1967.00;9.50;2282.00;4.54;0
128;supply_node;2061.00;9.70;2449.00;0.54;0
128;supply_node;1768.00;9.50;2348.00;4.31;0
128;supply_node;1952.00;9.88;2135.00;4.76;0
128;supply_node;1822.00;10.28;2206.00;1.36;0
128;supply_node;1791.00;9.80;2407.00;3.68;0
128;supply_node;1957.00;9.90;2529.00;0.74;0
128;supply_node;1758.00;10.82;2461.00;4.66;0
128;supply_node;1902.00;9.98;2170.00;2.75;0
128;supply_node;2034.00;9.70;2284.00;4.18;0
128;supply_node;1878.00;11.78;2199.00;3.14;0
128;supply_node;1832.00;9.60;2423.00;2.82;0
128;supply_node;2200.00;12.90;2360.00;1.13;0
128;supply_node;2063.00;9.80;2252.00;4.59;0
128;supply_node;2171.00;11.68;2344.00;2.09;0
128;supply_node;1987.00;9.60;2228.00;6.04;0
128;supply_node;1926.00;9.53;2335.00;1.36;0
128;supply_node;1819.00;9.50;2309.00;3.95;0
128;supply_node;1916.00;9.60;2074.00;1.53;0
128;supply_node;2010.00;9.55;2208.00;1.24;0
128;supply_node;2101.00;10.10;2363.00;5.77;0
128;supply_node;1676.00;10.57;2460.00;0.02;0
128;supply_node;2155.00;11.05;2321.00;6.15;0
128;supply_node;1809.00;9.50;2367.00;4.07;0
128;supply_node;2146.00;10.30;2283.00;2.53;0
128;supply_node;1794.00;9.70;2501.00;3.10;0
128;supply_node;1956.00;9.60;2220.00;2.49;0
128;supply_node;1669.00;12.35;2501.00;5.05;0
128;supply_node;1744.00;9.70;2414.00;3.12;0
128;supply_node;1801.00;9.62;2385.00;2.94;0
128;supply_node;1954.00;9.60;2391.00;5.93;0
128;supply_node;1913.00;11.48;2097.00;5.88;0
128;supply_node;2136.00;11.10;2488.00;3.50;0
128;supply_node;1976.00;9.50;2259.00;3.28;0
128;supply_node;2128.00;10.28;2402.00;5.18;0
128;supply_node;1875.00;9.60;2446.00;1.47;0
128;supply_node;2007.00;9.50;2291.00;5.67;0
128;supply_node;1878.00;14.20;2150.00;0.60;0
128;supply_node;1786.00;9.78;2291.00;3.31;0
128;supply_node;1769.00;9.60;2301.00;5.47;0
128;supply_node;2270.00;10.90;2414.00;1.78;0
128;supply_node;1803.00;9.50;2249.00;2.85;0
128;supply_node;1796.00;9.60;2210.00;4.50;0
128;supply_node;1650.00;9.50;2521.00;2.66;0
128;supply_node;2274.00;10.15;2458.00;0.17;0
128;supply_node;2016.00;9.50;2194.00;0.61;0
128;supply_node;1901.00;9.75;2077.00;1.46;0
128;supply_node;1834.00;9.55;2166.00;1.61;0
128;supply_node;1780.00;9.50;2323.00;4.52;0
128;supply_node;1791.00;9.50;2322.00;5.09;0
128;supply_node;1748.00;9.50;2364.00;4.41;0
128;supply_node;1731.00;9.50;2405.00;1.82;0
128;supply_node;2244.00;9.85;2534.00;1.27;0
128;supply_node;1852.00;9.57;2551.00;3.54;0
128;supply_node;1909.00;10.05;2063.00;5.22;0
128;supply_node;1827.00;9.50;2163.00;3.14;0
128;supply_node;1928.00;9.50;2052.00;4.56;0
128;supply_node;1972.00;9.50;2157.00;4.60;0
128;supply_node;1795.00;9.50;2223.00;4.64;0
128;supply_node;1957.00;9.50;2131.00;5.40;0
128;supply_node;2025.00;9.50;2193.00;1.85;0
128;bunker;1963.00;9.60;2270.00;4.34;0
128;bunker;1938.00;9.88;2127.00;1.94;0
128;bunker;2292.00;13.05;2510.00;5.63;0
128;bunker;2059.00;9.70;2447.00;0.08;0
128;bunker;1787.00;10.20;2443.00;4.53;0
128;bunker;1870.00;10.60;2125.00;4.21;0
128;bunker;1939.00;9.60;2448.00;2.39;0
128;bunker;1690.00;11.88;2471.00;1.38;0
128;bunker;1851.00;9.60;2487.00;5.82;0
128;bunker;1850.00;9.93;2393.00;1.34;0
128;bunker;1913.00;9.70;2231.00;3.61;0
128;bunker;2016.00;9.98;2521.00;5.43;0
128;bunker;2047.00;9.70;2264.00;4.92;0
128;bunker;1968.00;9.60;2152.00;2.28;0
128;bunker;2122.00;10.20;2470.00;5.46;0
128;bunker;2205.00;11.43;2337.00;2.25;0
128;bunker;1935.00;9.50;2323.00;0.78;0
128;bunker;1990.00;9.60;2373.00;4.57;0
128;bunker;2132.00;10.50;2308.00;5.44;0
128;bunker;1882.00;9.70;2516.00;1.58;0
128;bunker;2062.00;9.90;2300.00;2.57;0
128;bunker;1933.00;9.50;2302.00;3.52;0
128;bunker;1904.00;11.90;2099.00;4.83;0
128;bunker;1857.00;9.60;2342.00;2.75;0
128;bunker;1901.00;9.50;2288.00;3.00;0
128;bunker;1912.00;10.00;2147.00;2.07;0
128;bunker;1954.00;9.60;2188.00;2.77;0
128;bunker;1768.00;10.15;2414.00;2.99;0
128;bunker;1752.00;9.60;2398.00;3.61;0
128;bunker;1933.00;10.12;2201.00;2.24;0
128;bunker;2205.00;14.05;2382.00;0.19;0
128;bunker;2035.00;9.70;2229.00;0.00;0
128;bunker;1847.00;12.12;2210.00;3.00;0
128;bunker;1948.00;9.60;2254.00;1.20;0
128;bunker;1789.00;9.82;2503.00;4.81;0
128;bunker;1644.00;15.93;2489.00;2.38;0
128;bunker;1919.00;10.28;2077.00;5.49;0
128;bunker;1806.00;9.50;2300.00;4.00;0
128;bunker;2028.00;9.80;2409.00;3.73;0
128;bunker;1867.00;9.53;2426.00;1.41;0
128;bunker;1987.00;9.60;2216.00;5.36;0
128;bunker;1789.00;9.60;2364.00;1.10;0
128;bunker;1566.00;10.48;2457.00;0.37;0
128;bunker;1847.00;9.70;2272.00;4.02;0
128;bunker;1987.00;9.73;2541.00;5.49;0
128;bunker;2193.00;10.35;2285.00;4.25;0
128;bunker;1757.00;9.50;2346.00;3.24;0
128;bunker;1963.00;9.50;2363.00;5.96;0
128;bunker;2102.00;10.50;2394.00;3.33;0
128;bunker;2077.00;10.10;2358.00;0.52;0
128;bunker;2183.00;10.25;2370.00;1.80;0
128;bunker;1862.00;9.60;2447.00;0.39;0
128;bunker;2097.00;10.40;2329.00;3.07;0
128;bunker;1875.00;13.03;2146.00;1.28;0
128;bunker;1949.00;10.15;2140.00;3.05;0
128;bunker;1780.00;9.60;2384.00;3.30;0
128;bunker;1841.00;10.55;2200.00;4.36;0
128;bunker;1883.00;12.80;2187.00;0.63;0
128;bunker;1835.00;9.60;2343.00;1.49;0
128;bunker;2014.00;9.60;2305.00;5.63;0
128;bunker;2004.00;9.50;2355.00;0.12;0
128;bunker;1962.00;9.50;2346.00;0.49;0
128;bunker;1950.00;9.80;2232.00;0.50;0
128;bunker;2017.00;9.60;2345.00;1.72;0
128;bunker;2005.00;9.60;2337.00;2.65;0
128;bunker;2048.00;9.70;2300.00;3.95;0
128;bunker;2147.00;10.88;2330.00;2.10;0
128;bunker;1802.00;9.75;2251.00;1.60;0
128;bunker;2099.00;10.10;2359.00;1.85;0
128;bunker;2274.00;10.55;2413.00;2.95;0
128;bunker;1832.00;9.80;2225.00;2.39;0
128;bunker;1788.00;9.62;2288.00;2.30;0
128;bunker;1770.00;9.55;2303.00;2.68;0
128;bunker;1992.00;9.60;2236.00;5.63;0
128;bunker;1792.00;9.50;2322.00;5.21;0
128;bunker;1795.00;9.60;2212.00;3.79;0
128;bunker;1795.00;9.50;2223.00;0.73;0
128;bunker;1656.00;9.60;2523.00;2.83;0
128;bunker;1782.00;9.50;2322.00;1.65;0
128;bunker;1973.00;9.50;2158.00;2.54;0
128;bunker;1958.00;9.50;2130.00;5.67;0
128;bunker;2273.00;10.15;2458.00;0.76;0
128;bunker;1830.00;9.53;2165.00;0.00;0
128;bunker;2015.00;9.50;2193.00;4.19;0
128;bunker;2242.00;9.50;2534.00;2.18;0
128;bunker;2026.00;9.50;2192.00;0.18;0
128;bunker;1836.00;9.60;2166.00;4.65;0
128;bunker;1902.00;9.75;2077.00;0.83;0
128;bunker;1853.00;9.55;2551.00;3.46;0
128;bunker;1731.00;9.50;2406.00;3.23;0
128;bunker;1748.00;9.50;2364.00;1.89;0
128;bunker;1909.00;10.12;2064.00;0.12;0
128;bunker;1929.00;10.20;2053.00;0.92;0
128;coastal_bunker;2120.00;9.62;2557.00;-4.55;0
128;coastal_bunker;1827.00;9.50;2149.00;-2.18;0
128;coastal_bunker;1824.00;9.50;2226.00;-1.70;0
128;coastal_bunker;2234.00;10.80;2534.00;-4.04;0
128;coastal_bunker;1831.00;9.50;2170.00;-1.28;0
128;coastal_bunker;2080.00;9.50;2242.00;0.46;0
128;coastal_bunker;1833.00;9.65;2543.00;-3.06;0
128;coastal_bunker;2104.00;9.57;2259.00;1.48;0
128;coastal_bunker;2185.00;9.78;2377.00;1.57;0
128;coastal_bunker;2019.00;9.50;2193.00;-3.93;0
128;coastal_bunker;1917.00;9.82;2068.00;0.79;0
128;coastal_bunker;1617.00;9.50;2444.00;0.50;0
128;coastal_bunker;1686.00;9.50;2434.00;-0.52;0
128;coastal_bunker;2219.00;10.30;2370.00;1.35;0
128;coastal_bunker;1966.00;9.50;2155.00;1.47;0
128;coastal_bunker;1798.00;9.50;2309.00;-1.27;0
128;coastal_bunker;2032.00;9.50;2197.00;0.96;0
128;coastal_bunker;1981.00;9.50;2164.00;0.79;0
128;coastal_bunker;1657.00;9.60;2522.00;-3.14;0
128;coastal_bunker;1653.00;9.50;2514.00;-1.74;0
128;coastal_bunker;2277.00;10.38;2413.00;1.57;0
128;coastal_bunker;1830.00;9.50;2250.00;-0.84;0
128;coastal_bunker;1760.00;9.50;2370.00;-0.52;0
128;coastal_bunker;1779.00;9.50;2334.00;-0.98;0
128;coastal_bunker;2279.00;9.70;2457.00;-3.93;0
128;coastal_bunker;1874.00;9.50;2552.00;-1.95;0
128;coastal_bunker;1799.00;9.50;2203.00;-1.08;0
128;coastal_bunker;1805.00;9.50;2330.00;-1.06;0
128;coastal_bunker;1747.00;9.50;2364.00;-3.14;0
128;coastal_bunker;2224.00;10.23;2332.00;1.38;0
128;coastal_bunker;1792.00;9.50;2247.00;1.57;0
128;coastal_bunker;1956.00;9.65;2139.00;1.46;0
128;coastal_bunker;1948.00;9.88;2105.00;1.02;0
128;coastal_bunker;1798.00;9.50;2214.00;-3.14;0
128;coastal_bunker;1841.00;9.50;2242.00;-1.13;0
128;coastal_bunker;2173.00;9.85;2308.00;1.23;0
128;coastal_bunker;1877.00;9.78;2546.00;-2.80;0
128;coastal_bunker;1765.00;9.50;2306.00;-2.36;0
128;coastal_bunker;2197.00;9.50;2378.00;1.24;0
128;coastal_bunker;1831.00;9.50;2167.00;1.57;0
128;coastal_bunker;1799.00;9.53;2290.00;1.57;0
128;coastal_bunker;1943.00;9.50;2085.00;1.12;0
128;coastal_bunker;1827.00;9.50;2161.00;1.57;0
128;coastal_bunker;1959.00;9.50;2130.00;-1.57;0
128;coastal_bunker;2180.00;9.70;2533.00;-4.00;0
128;coastal_bunker;1903.00;9.50;2076.00;-3.14;0
128;coastal_bunker;1852.00;9.60;2552.00;-1.57;0
128;coastal_bunker;1783.00;9.50;2325.00;-3.93;0
128;coastal_bunker;1971.00;9.50;2157.00;-3.14;0
128;coastal_bunker;1909.00;10.05;2063.00;-3.14;0
128;coastal_bunker;2043.00;9.50;2212.00;0.73;0
128;coastal_bunker;1730.00;9.50;2406.00;1.57;0
128;coastal_bunker;2026.00;9.50;2194.00;-1.57;0
128;coastal_bunker;1929.00;10.25;2054.00;-3.14;0
128;coastal_bunker;1793.00;9.50;2320.00;-1.57;0
128;coastal_bunker;1796.00;9.50;2223.00;-1.57;0
128;coastal_bunker;1847.00;9.62;2538.00;-3.14;0
128;coastal_bunker;2242.00;9.50;2535.00;-1.57;0
128;stronghold_network;1975.00;9.60;2312.00;2.26;0
128;dockyard;1821.00;9.50;2164.00;-1.28;0
128;anti_air_building;2201.00;11.12;2488.00;3.52;0
128;anti_air_building;1586.00;11.20;2468.00;1.43;0
128;anti_air_building;1978.00;9.50;2257.00;4.22;0
128;synthetic_refinery;1620.00;11.75;2486.00;1.16;0
128;fuel_silo;1641.00;15.35;2493.00;6.00;0
128;radar_station;1926.00;9.50;2306.00;2.98;0
128;naval_supply_hub;1903.00;9.65;2548.00;-1.95;0
128;naval_supply_hub;1796.00;9.50;2219.00;-1.70;0
128;naval_supply_hub;1962.00;9.62;2133.00;1.46;0
128;naval_supply_hub;1692.00;9.50;2431.00;-0.52;0
128;naval_supply_hub;2014.00;9.50;2195.00;-3.93;0
128;naval_supply_hub;2260.00;9.50;2442.00;1.01;0
128;naval_supply_hub;2275.00;9.50;2456.00;-3.93;0
128;naval_supply_hub;1813.00;9.50;2169.00;-1.28;0
128;naval_supply_hub;2219.00;9.73;2358.00;1.57;0
128;naval_supply_hub;1842.00;9.50;2121.00;-2.18;0
128;naval_supply_hub;1582.00;9.50;2461.00;-1.54;0
128;naval_supply_hub;2121.00;9.65;2556.00;-4.55;0
128;naval_supply_hub;1828.00;9.50;2246.00;-0.84;0
128;naval_supply_hub;2244.00;9.50;2417.00;1.35;0
128;naval_supply_hub;1597.00;9.50;2493.00;-1.74;0
128;naval_supply_hub;2046.00;9.50;2205.00;0.96;0
128;naval_supply_hub;1776.00;9.50;2331.00;-0.98;0
128;naval_supply_hub;2188.00;9.95;2351.00;1.38;0
128;naval_supply_hub;1986.00;9.50;2187.00;0.79;0
128;naval_supply_hub;1797.00;9.50;2251.00;1.57;0
128;naval_supply_hub;1973.00;9.50;2159.00;-3.14;0
128;naval_supply_hub;1756.00;9.50;2377.00;-0.52;0
128;naval_supply_hub;1840.00;9.65;2540.00;-3.06;0
128;naval_supply_hub;1916.00;9.78;2061.00;0.79;0
128;naval_supply_hub;1793.00;9.50;2205.00;0.32;0
128;naval_supply_hub;2185.00;9.55;2324.00;1.23;0
128;naval_supply_hub;1800.00;9.50;2192.00;-1.08;0
128;naval_supply_hub;2079.00;9.50;2238.00;0.46;0
128;naval_supply_hub;2157.00;9.50;2269.00;1.48;0
128;naval_supply_hub;1820.00;9.50;2274.00;-1.27;0
128;naval_supply_hub;2276.00;9.50;2411.00;1.57;0
128;naval_supply_hub;1888.00;9.65;2546.00;-2.80;0
128;naval_supply_hub;1796.00;9.53;2293.00;1.57;0
128;naval_supply_hub;1967.00;9.50;2160.00;1.47;0
128;naval_supply_hub;2208.00;10.00;2524.00;-4.00;0
128;naval_supply_hub;1950.00;9.50;2115.00;1.02;0
128;naval_supply_hub;1764.00;9.50;2305.00;-2.36;0
128;naval_supply_hub;1792.00;9.50;2323.00;-1.57;0
128;naval_supply_hub;1641.00;9.50;2519.00;-3.14;0
128;naval_supply_hub;1781.00;9.50;2326.00;-3.93;0
128;naval_supply_hub;1941.00;9.50;2083.00;1.12;0
128;naval_supply_hub;1749.00;9.50;2366.00;-3.14;0
128;naval_supply_hub;1927.00;9.50;2052.00;-3.14;0
128;naval_supply_hub;1733.00;9.50;2406.00;1.57;0
128;naval_supply_hub;1848.00;9.62;2538.00;-3.14;0
128;naval_supply_hub;1794.00;9.50;2333.00;-1.06;0
128;naval_supply_hub;1796.00;9.60;2224.00;-1.57;0
128;naval_supply_hub;1854.00;9.53;2552.00;-1.57;0
128;naval_supply_hub;1830.00;9.53;2165.00;1.57;0
128;naval_supply_hub;1842.00;9.50;2241.00;-1.13;0
128;naval_supply_hub;2242.00;9.50;2535.00;-1.57;0
128;naval_supply_hub;1903.00;9.80;2079.00;-3.14;0
128;naval_supply_hub;1955.00;9.50;2132.00;-1.57;0
128;naval_supply_hub;1909.00;10.05;2063.00;-3.14;0
128;naval_supply_hub;1833.00;9.50;2167.00;1.57;0
128;naval_supply_hub;2042.00;9.53;2212.00;0.73;0
128;naval_supply_hub;2025.00;9.50;2192.00;-1.57;0
128;naval_supply_hub;2193.00;9.50;2379.00;1.24;0
128;naval_headquarters;1604.00;9.50;2446.00;0.50;0
128;naval_headquarters;1892.00;9.50;2556.00;-1.95;0
128;naval_headquarters;2040.00;9.50;2202.00;0.96;0
128;naval_headquarters;2328.00;9.78;2530.00;-4.04;0
128;naval_headquarters;1809.00;9.80;2247.00;-1.70;0
128;naval_headquarters;1644.00;9.85;2505.00;-1.74;0
128;naval_headquarters;1834.00;9.50;2128.00;-2.18;0
128;naval_headquarters;1979.00;9.50;2177.00;0.79;0
128;naval_headquarters;1835.00;9.50;2243.00;-0.84;0
128;naval_headquarters;1704.00;9.50;2429.00;-0.52;0
128;naval_headquarters;2187.00;9.55;2548.00;-4.55;0
128;naval_headquarters;2180.00;9.50;2323.00;1.23;0
128;naval_headquarters;1780.00;9.50;2323.00;-3.93;0
128;naval_headquarters;2251.00;9.50;2412.00;1.35;0
128;naval_headquarters;1804.00;9.50;2283.00;1.57;0
128;naval_headquarters;2187.00;9.95;2302.00;1.48;0
128;naval_headquarters;1665.00;9.50;2440.00;-0.52;0
128;naval_headquarters;1799.00;9.50;2306.00;-1.27;0
128;naval_headquarters;2225.00;9.50;2304.00;0.81;0
128;naval_headquarters;1959.00;9.50;2130.00;-1.57;0
128;naval_headquarters;2245.00;10.32;2534.00;-1.57;0
128;naval_headquarters;1967.00;9.50;2159.00;1.47;0
128;naval_headquarters;1808.00;9.53;2202.00;-1.08;0
128;naval_headquarters;2203.00;9.50;2349.00;1.57;0
128;naval_headquarters;1822.00;9.60;2167.00;-1.28;0
128;naval_headquarters;1965.00;9.60;2135.00;1.46;0
128;naval_headquarters;1851.00;9.50;2550.00;-1.57;0
128;naval_headquarters;1936.00;9.50;2070.00;0.79;0
128;naval_headquarters;1796.00;9.50;2246.00;1.57;0
128;naval_headquarters;1649.00;9.60;2523.00;-3.14;0
128;naval_headquarters;2162.00;9.73;2526.00;-4.00;0
128;naval_headquarters;1950.00;9.50;2115.00;1.02;0
128;naval_headquarters;2100.00;9.50;2259.00;0.46;0
128;naval_headquarters;1801.00;9.50;2517.00;-3.06;0
128;naval_headquarters;2025.00;9.50;2192.00;-1.57;0
128;naval_headquarters;2274.00;9.98;2418.00;1.57;0
128;naval_headquarters;1934.00;10.12;2083.00;1.12;0
128;naval_headquarters;1756.00;9.50;2362.00;-0.98;0
128;naval_headquarters;2272.00;10.05;2457.00;-3.93;0
128;naval_headquarters;1793.00;9.50;2209.00;-3.14;0
128;naval_headquarters;2018.00;9.50;2193.00;-3.93;0
128;naval_headquarters;1749.00;9.50;2365.00;-3.14;0
128;naval_headquarters;2193.00;9.65;2382.00;1.24;0
128;naval_headquarters;1733.00;9.50;2407.00;1.57;0
128;naval_headquarters;1894.00;9.50;2528.00;-2.80;0
128;naval_headquarters;1843.00;9.70;2539.00;-3.14;0
128;naval_headquarters;1840.00;9.50;2243.00;-1.13;0
128;naval_headquarters;1763.00;9.50;2302.00;-2.36;0
128;naval_headquarters;1897.00;9.50;2074.00;-3.14;0
128;naval_headquarters;1800.00;9.50;2331.00;-1.06;0
128;naval_headquarters;1794.00;9.50;2322.00;-1.57;0
128;naval_headquarters;1834.00;9.50;2168.00;1.57;0
128;naval_headquarters;1910.00;10.18;2065.00;-3.14;0
128;naval_headquarters;1928.00;9.50;2052.00;-3.14;0
128;naval_headquarters;1793.00;9.50;2223.00;-1.57;0
128;naval_headquarters;1829.00;9.55;2165.00;1.57;0
128;naval_headquarters;1970.00;9.50;2157.00;-3.14;0
128;naval_headquarters;2042.00;9.53;2212.00;0.73;0
128;nuclear_reactor_spawn;2137.00;10.50;2370.00;1.63;0
128;special_project_facility_spawn;1833.00;9.73;2481.00;0.41;0
128;special_project_facility_spawn;1852.00;9.50;2292.00;2.14;0
128;special_project_facility_spawn;2045.00;9.80;2379.00;1.21;0
128;special_project_facility_spawn;1893.00;11.12;2108.00;1.81;0
128;special_project_facility_spawn;1966.00;9.68;2324.00;3.45;0
128;special_project_facility_spawn;2041.00;9.88;2550.00;1.75;0
128;special_project_facility_spawn;1973.00;9.50;2258.00;5.80;0
128;special_project_facility_spawn;1928.00;10.05;2154.00;4.75;0
128;special_project_facility_spawn;2046.00;9.80;2338.00;0.85;0
128;special_project_facility_spawn;1910.00;9.82;2195.00;0.20;0
128;special_project_facility_spawn;1992.00;9.62;2220.00;5.81;0
128;special_project_facility_spawn;1938.00;9.50;2308.00;4.42;0
128;special_project_facility_spawn;2146.00;10.93;2321.00;6.11;0
128;special_project_facility_spawn;2105.00;10.00;2416.00;2.90;0
128;special_project_facility_spawn;2032.00;9.70;2286.00;2.01;0
128;special_project_facility_spawn;1971.00;9.60;2228.00;3.33;0
128;special_project_facility_spawn;1840.00;9.68;2343.00;1.76;0
128;special_project_facility_spawn;1872.00;9.60;2249.00;0.66;0
128;special_project_facility_spawn;1966.00;9.70;2521.00;6.17;0
128;special_project_facility_spawn;1877.00;9.68;2407.00;4.16;0
128;special_project_facility_spawn;2036.00;9.95;2468.00;1.27;0
128;special_project_facility_spawn;1947.00;9.60;2277.00;1.19;0
128;special_project_facility_spawn;1911.00;13.65;2113.00;3.85;0
128;special_project_facility_spawn;1844.00;9.80;2410.00;5.82;0
128;special_project_facility_spawn;1909.00;12.03;2106.00;0.94;0
128;special_project_facility_spawn;1942.00;9.85;2231.00;1.44;0
128;special_project_facility_spawn;1942.00;10.07;2131.00;4.07;0
128;special_project_facility_spawn;2108.00;9.88;2469.00;2.16;0
128;special_project_facility_spawn;1767.00;11.85;2432.00;2.63;0
128;special_project_facility_spawn;1799.00;9.65;2249.00;0.56;0
128;special_project_facility_spawn;1640.00;10.85;2455.00;3.10;0
128;special_project_facility_spawn;1876.00;15.45;2174.00;6.28;0
128;special_project_facility_spawn;2253.00;13.93;2502.00;4.57;0
128;special_project_facility_spawn;1849.00;9.50;2325.00;0.47;0
128;special_project_facility_spawn;2006.00;9.60;2340.00;5.74;0
128;special_project_facility_spawn;2097.00;10.45;2335.00;5.51;0
128;special_project_facility_spawn;1863.00;9.68;2534.00;1.96;0
128;special_project_facility_spawn;2008.00;9.70;2432.00;5.23;0
128;special_project_facility_spawn;2221.00;11.95;2321.00;4.50;0
128;special_project_facility_spawn;1943.00;9.60;2466.00;0.88;0
128;special_project_facility_spawn;1698.00;9.75;2518.00;0.10;0
128;special_project_facility_spawn;1831.00;9.95;2178.00;2.65;0
128;special_project_facility_spawn;1622.00;9.78;2451.00;3.31;0
128;special_project_facility_spawn;1825.00;10.00;2489.00;5.11;0
128;special_project_facility_spawn;1926.00;9.80;2215.00;6.26;0
128;special_project_facility_spawn;2075.00;9.90;2279.00;1.82;0
128;special_project_facility_spawn;1950.00;9.50;2361.00;0.71;0
128;special_project_facility_spawn;2020.00;9.70;2225.00;2.37;0
128;special_project_facility_spawn;1818.00;9.50;2376.00;5.42;0
128;special_project_facility_spawn;1819.00;9.60;2336.00;2.25;0
128;special_project_facility_spawn;1986.00;9.50;2297.00;3.73;0
128;special_project_facility_spawn;2177.00;11.12;2282.00;4.02;0
128;special_project_facility_spawn;1866.00;9.55;2452.00;4.67;0
128;special_project_facility_spawn;2063.00;9.90;2373.00;3.64;0
128;special_project_facility_spawn;2008.00;9.55;2214.00;4.98;0
128;special_project_facility_spawn;1759.00;9.50;2376.00;1.00;0
128;special_project_facility_spawn;2107.00;10.28;2353.00;3.33;0
128;special_project_facility_spawn;2070.00;10.00;2318.00;4.30;0
128;special_project_facility_spawn;1806.00;9.50;2381.00;5.21;0
128;special_project_facility_spawn;1822.00;10.00;2203.00;5.69;0
128;special_project_facility_spawn;1896.00;12.57;2140.00;3.97;0
128;special_project_facility_spawn;1976.00;9.50;2299.00;5.04;0
128;special_project_facility_spawn;1772.00;9.50;2293.00;4.85;0
128;special_project_facility_spawn;2029.00;9.65;2368.00;0.82;0
128;special_project_facility_spawn;1817.00;10.65;2243.00;5.48;0
128;special_project_facility_spawn;1790.00;10.85;2419.00;3.40;0
128;special_project_facility_spawn;1912.00;10.15;2081.00;0.17;0
128;special_project_facility_spawn;1762.00;9.50;2352.00;0.88;0
128;special_project_facility_spawn;2194.00;9.98;2355.00;1.35;0
128;special_project_facility_spawn;2217.00;14.73;2398.00;2.05;0
128;special_project_facility_spawn;1975.00;9.60;2189.00;6.15;0
128;special_project_facility_spawn;1772.00;9.55;2297.00;3.82;0
128;special_project_facility_spawn;2130.00;10.30;2302.00;3.23;0
128;special_project_facility_spawn;1794.00;9.50;2209.00;0.00;0
128;special_project_facility_spawn;2273.00;10.55;2416.00;5.43;0
128;special_project_facility_spawn;1794.00;9.60;2223.00;1.72;0
128;special_project_facility_spawn;1900.00;9.73;2077.00;2.14;0
128;special_project_facility_spawn;1732.00;9.50;2406.00;2.82;0
128;special_project_facility_spawn;1827.00;9.50;2162.00;1.93;0
128;special_project_facility_spawn;1655.00;9.65;2523.00;2.21;0
128;special_project_facility_spawn;1973.00;9.50;2158.00;3.28;0
128;special_project_facility_spawn;2272.00;10.23;2458.00;5.09;0
128;special_project_facility_spawn;1792.00;9.50;2322.00;0.83;0
128;special_project_facility_spawn;2245.00;9.90;2536.00;4.72;0
128;special_project_facility_spawn;2024.00;9.50;2194.00;5.06;0
128;special_project_facility_spawn;1955.00;9.50;2132.00;5.66;0
128;special_project_facility_spawn;2016.00;9.50;2196.00;6.02;0
128;special_project_facility_spawn;1748.00;9.50;2364.00;4.86;0
128;special_project_facility_spawn;1781.00;9.50;2325.00;4.34;0
128;special_project_facility_spawn;1835.00;9.60;2165.00;1.75;0
128;special_project_facility_spawn;1929.00;10.20;2053.00;5.45;0
128;special_project_facility_spawn;1909.00;10.12;2064.00;5.12;0
128;special_project_facility_spawn;1852.00;9.57;2551.00;5.99;0
128;rocket_site_spawn;1892.00;9.50;2281.00;5.12;0
128;floating_harbor;1638.00;10.25;2503.00;-1.13;1209
128;floating_harbor;1661.00;9.50;2312.00;1.08;1212
128;floating_harbor;2245.83;9.50;2392.48;-1.79;1213
128;floating_harbor;2283.00;13.62;2528.00;-1.73;1214
128;floating_harbor;2283.00;13.62;2528.00;-0.64;1215
128;floating_harbor;1661.00;9.50;2312.00;1.20;1216
128;floating_harbor;1787.89;9.50;2328.58;-4.20;1217
128;floating_harbor;1845.00;9.50;2545.00;0.00;1218
128;floating_harbor;1951.97;9.50;2101.35;-2.12;1222
128;floating_harbor;1860.53;9.50;2085.02;-3.21;1224
128;floating_harbor;1661.00;9.50;2312.00;1.20;1226
128;floating_harbor;1638.00;10.25;2503.00;-4.57;1227
128;floating_harbor;2047.68;9.50;2207.80;-2.41;1228
128;floating_harbor;1815.28;9.50;2174.02;-4.43;1231
128;floating_harbor;1983.95;9.50;2172.05;-2.36;1232
128;floating_harbor;1975.97;9.50;2152.30;-1.67;1234
128;floating_harbor;1661.00;9.50;2312.00;-4.40;1241
128;floating_harbor;2111.00;9.50;2135.00;-1.56;1242
128;floating_harbor;1742.00;9.50;2101.00;-3.73;1243
128;floating_harbor;1638.00;10.25;2503.00;-4.53;1245
128;floating_harbor;2329.00;9.50;2399.00;-1.28;1251
128;floating_harbor;2076.13;9.50;2225.74;-2.68;1252
128;floating_harbor;2329.00;9.50;2399.00;-1.07;1253
128;floating_harbor;1796.31;9.50;2299.94;-4.41;1256
128;floating_harbor;1891.00;9.50;1971.00;-3.42;1257
128;floating_harbor;2025.73;9.50;2196.99;-2.18;1258
128;floating_harbor;1660.53;9.50;2432.92;-3.66;1260
128;floating_harbor;2181.61;9.50;2311.69;-1.91;1261
128;floating_harbor;2111.00;9.50;2135.00;-3.52;1263
128;floating_harbor;1791.46;9.50;2533.98;0.08;1264
128;floating_harbor;1632.10;9.50;2507.15;1.41;1266
128;floating_harbor;1732.53;9.50;2393.92;-3.66;1267
128;floating_harbor;1946.31;9.50;2080.96;-2.02;1270
128;floating_harbor;2190.31;9.50;2534.56;-0.86;1271
128;floating_harbor;2329.00;9.50;2399.00;-1.42;1273
128;floating_harbor;1661.00;9.50;2312.00;1.41;1562
128;floating_harbor;1762.05;9.50;2307.95;0.79;1563
128;floating_harbor;2329.00;9.50;2399.00;-1.83;1640
128;floating_harbor;1661.00;9.50;2312.00;1.16;1643
128;floating_harbor;1742.00;9.50;2101.00;-3.62;1662
128;floating_harbor;1650.00;9.50;2529.00;0.00;1721
128;floating_harbor;2279.95;9.50;2463.95;-0.79;1744
128;floating_harbor;2021.95;9.50;2199.95;-0.79;1765
128;floating_harbor;1901.00;9.50;2085.00;0.00;1801
128;floating_harbor;1742.00;9.50;2101.00;-4.10;1849
128;floating_harbor;1785.95;9.50;2328.95;-0.79;1850
128;floating_harbor;1661.00;9.50;2312.00;-4.64;1923
128;floating_harbor;1748.00;9.50;2372.00;0.00;1962
128;floating_harbor;1739.00;9.50;2405.00;-1.57;2002
128;floating_harbor;2283.00;13.62;2528.00;-1.72;2054
128;floating_harbor;1638.00;10.25;2503.00;-4.49;2055
128;floating_harbor;1891.00;9.50;1971.00;-3.33;2082
128;floating_harbor;1835.00;9.50;2163.00;-1.57;2085
128;floating_harbor;1891.00;9.50;1971.00;-3.57;2120
128;floating_harbor;2111.00;9.50;2135.00;-1.73;2158
128;floating_harbor;1661.00;9.50;2312.00;0.98;2250
128;floating_harbor;2111.00;9.50;2135.00;-1.54;2310
129;arms_factory;1381.00;9.80;1577.00;5.68;0
129;arms_factory;1334.00;10.30;1557.00;3.37;0
129;arms_factory;1406.00;9.70;1577.00;2.94;0
129;arms_factory;1320.00;10.70;1554.00;2.43;0
129;arms_factory;1344.00;10.10;1613.00;3.90;0
129;arms_factory;1386.00;10.30;1539.00;0.43;0
129;industrial_complex;1353.00;10.00;1621.00;3.62;0
129;industrial_complex;1355.00;10.28;1560.00;4.56;0
129;industrial_complex;1336.00;10.20;1555.00;2.92;0
129;industrial_complex;1361.00;10.20;1577.00;2.11;0
129;industrial_complex;1340.00;10.30;1569.00;5.76;0
129;industrial_complex;1344.00;10.20;1564.00;5.58;0
129;air_base;1362.00;10.10;1568.00;4.90;0
129;supply_node;1360.00;10.20;1608.00;0.15;0
129;supply_node;1351.00;10.20;1560.00;3.32;0
129;supply_node;1378.00;10.35;1544.00;5.93;0
129;bunker;1386.00;10.30;1540.00;1.58;0
129;bunker;1365.00;10.25;1557.00;3.69;0
129;bunker;1375.00;9.90;1616.00;5.05;0
129;stronghold_network;1327.00;10.50;1547.00;3.69;0
129;anti_air_building;1337.00;10.50;1538.00;4.76;0
129;anti_air_building;1335.00;10.50;1541.00;4.96;0
129;anti_air_building;1352.00;10.30;1572.00;3.72;0
129;synthetic_refinery;1361.00;10.32;1591.00;1.71;0
129;fuel_silo;1384.00;10.00;1567.00;0.21;0
129;radar_station;1360.00;10.20;1576.00;2.12;0
129;nuclear_reactor_spawn;1361.00;10.50;1533.00;2.33;0
129;special_project_facility_spawn;1387.00;9.90;1572.00;3.98;0
129;special_project_facility_spawn;1379.00;9.88;1595.00;4.40;0
129;special_project_facility_spawn;1392.00;9.80;1572.00;3.90;0
129;rocket_site_spawn;1399.00;9.80;1579.00;2.17;0
130;arms_factory;1312.00;10.98;1602.00;2.94;0
130;arms_factory;1332.00;10.88;1596.00;2.43;0
130;arms_factory;1293.00;11.15;1590.00;3.90;0
130;arms_factory;1300.00;11.30;1572.00;0.43;0
130;arms_factory;1327.00;10.88;1595.00;3.62;0
130;arms_factory;1296.00;11.35;1587.00;4.56;0
130;industrial_complex;1284.00;11.53;1564.00;2.92;0
130;industrial_complex;1298.00;10.95;1556.00;2.11;0
130;industrial_complex;1291.00;11.23;1590.00;5.76;0
130;industrial_complex;1324.00;10.95;1602.00;5.58;0
130;industrial_complex;1323.00;10.93;1590.00;4.90;0
130;industrial_complex;1289.00;11.10;1551.00;0.24;0
130;air_base;1292.00;11.15;1557.00;0.74;0
130;stronghold_network;1293.00;11.62;1584.00;1.58;0
130;anti_air_building;1295.00;10.98;1555.00;3.69;0
130;anti_air_building;1300.00;11.25;1564.00;5.05;0
130;anti_air_building;1297.00;11.55;1584.00;3.02;0
130;synthetic_refinery;1299.00;11.50;1584.00;3.69;0
130;fuel_silo;1302.00;11.25;1563.00;4.76;0
130;radar_station;1305.00;11.25;1576.00;6.04;0
130;nuclear_reactor_spawn;1301.00;11.25;1564.00;3.72;0
130;rocket_site_spawn;1313.00;11.07;1581.00;0.21;0
131;arms_factory;1398.00;9.95;1552.00;3.90;0
131;arms_factory;1442.00;9.62;1537.00;0.43;0
131;arms_factory;1435.00;9.80;1540.00;3.62;0
131;arms_factory;1432.00;9.75;1538.00;4.56;0
131;arms_factory;1414.00;9.90;1539.00;2.92;0
131;arms_factory;1409.00;9.90;1556.00;2.11;0
131;industrial_complex;1413.00;10.07;1529.00;5.76;0
131;industrial_complex;1435.00;9.80;1556.00;5.58;0
131;industrial_complex;1429.00;9.62;1529.00;4.90;0
131;industrial_complex;1437.00;9.85;1545.00;0.24;0
131;industrial_complex;1418.00;9.90;1562.00;0.74;0
131;industrial_complex;1402.00;9.90;1558.00;3.59;0
131;air_base;1414.00;9.90;1557.00;1.76;0
131;supply_node;1418.00;9.90;1547.00;1.03;0
131;bunker;1444.00;9.60;1540.00;3.69;0
131;coastal_bunker;1451.00;9.53;1545.00;0.82;0
131;stronghold_network;1401.00;10.03;1547.00;3.02;0
131;dockyard;1430.00;9.60;1530.00;0.82;0
131;anti_air_building;1428.00;9.80;1562.00;4.76;0
131;anti_air_building;1396.00;10.28;1540.00;4.96;0
131;anti_air_building;1412.00;9.90;1552.00;3.72;0
131;synthetic_refinery;1422.00;9.70;1526.00;1.71;0
131;fuel_silo;1407.00;9.82;1568.00;0.21;0
131;radar_station;1422.00;9.95;1545.00;2.12;0
131;naval_supply_hub;1425.00;9.60;1522.00;0.82;0
131;naval_headquarters;1425.00;9.60;1524.00;0.82;0
131;nuclear_reactor_spawn;1412.00;9.90;1554.00;4.40;0
131;special_project_facility_spawn;1411.00;9.93;1545.00;3.90;0
131;rocket_site_spawn;1394.00;9.90;1561.00;4.67;0
131;floating_harbor;1440.10;9.50;1526.20;-2.33;1165
132;arms_factory;1328.00;10.55;1522.00;3.62;0
132;arms_factory;1382.00;11.20;1500.00;4.56;0
132;arms_factory;1345.00;10.57;1520.00;2.92;0
132;arms_factory;1362.00;10.95;1499.00;2.11;0
132;arms_factory;1353.00;10.98;1503.00;5.76;0
132;arms_factory;1376.00;10.95;1488.00;5.58;0
132;industrial_complex;1378.00;10.93;1477.00;4.90;0
132;industrial_complex;1411.00;9.82;1514.00;0.24;0
132;industrial_complex;1391.00;10.93;1499.00;0.74;0
132;industrial_complex;1397.00;10.50;1520.00;3.59;0
132;industrial_complex;1362.00;10.78;1515.00;1.76;0
132;industrial_complex;1364.00;10.85;1516.00;1.58;0
132;air_base;1376.00;11.30;1498.00;3.69;0
132;supply_node;1372.00;11.10;1499.00;0.50;0
132;bunker;1368.00;10.93;1516.00;3.02;0
132;coastal_bunker;1397.00;9.73;1487.00;1.27;0
132;stronghold_network;1404.00;10.43;1519.00;4.76;0
132;dockyard;1367.00;9.50;1457.00;-0.09;0
132;anti_air_building;1362.00;10.73;1520.00;3.72;0
132;anti_air_building;1361.00;10.98;1498.00;1.71;0
132;anti_air_building;1349.00;10.60;1515.00;0.21;0
132;synthetic_refinery;1374.00;11.00;1484.00;5.28;0
132;fuel_silo;1389.00;10.45;1478.00;2.33;0
132;radar_station;1370.00;10.82;1494.00;3.39;0
132;naval_supply_hub;1412.00;9.50;1511.00;1.27;0
132;naval_headquarters;1367.00;9.50;1458.00;-0.09;0
132;nuclear_reactor_spawn;1397.00;10.40;1502.00;4.67;0
132;special_project_facility_spawn;1372.00;11.23;1472.00;2.17;0
132;rocket_site_spawn;1331.00;10.50;1518.00;3.88;0
133;arms_factory;1315.00;11.15;1492.00;2.92;0
133;arms_factory;1309.00;10.80;1535.00;2.11;0
133;arms_factory;1280.00;12.80;1509.00;5.76;0
133;arms_factory;1279.00;13.03;1482.00;5.58;0
133;arms_factory;1262.00;13.20;1537.00;4.90;0
133;arms_factory;1391.00;10.20;1405.00;0.24;0
133;industrial_complex;1282.00;12.95;1487.00;0.74;0
133;industrial_complex;1395.00;12.32;1444.00;3.59;0
133;industrial_complex;1297.00;11.20;1519.00;1.76;0
133;industrial_complex;1316.00;10.40;1477.00;1.58;0
133;industrial_complex;1264.00;14.65;1497.00;3.69;0
133;industrial_complex;1315.00;10.88;1497.00;5.05;0
133;air_base;1293.00;11.50;1512.00;3.02;0
133;supply_node;1269.00;13.43;1487.00;1.16;0
133;supply_node;1332.00;11.38;1480.00;3.43;0
133;supply_node;1384.00;9.57;1364.00;6.04;0
133;supply_node;1411.00;9.53;1380.00;3.90;0
133;supply_node;1374.00;9.60;1360.00;3.21;0
133;bunker;1260.00;15.03;1500.00;0.21;0
133;bunker;1345.00;10.60;1506.00;5.28;0
133;bunker;1376.00;9.55;1362.00;2.33;0
133;bunker;1412.00;9.53;1381.00;3.98;0
133;bunker;1385.00;9.55;1365.00;4.40;0
133;coastal_bunker;1395.00;9.50;1394.00;0.68;0
133;coastal_bunker;1282.00;10.10;1470.00;0.41;0
133;coastal_bunker;1388.00;9.50;1365.00;-3.93;0
133;coastal_bunker;1413.00;9.57;1382.00;-3.14;0
133;coastal_bunker;1373.00;9.50;1359.00;-3.14;0
133;stronghold_network;1264.00;13.43;1533.00;4.58;0
133;dockyard;1383.00;9.50;1363.00;-3.93;0
133;anti_air_building;1265.00;13.68;1519.00;3.15;0
133;anti_air_building;1312.00;10.60;1524.00;5.97;0
133;anti_air_building;1310.00;11.00;1498.00;3.21;0
133;synthetic_refinery;1413.00;10.35;1401.00;0.94;0
133;fuel_silo;1387.00;14.45;1438.00;5.63;0
133;radar_station;1341.00;9.50;1459.00;0.54;0
133;naval_supply_hub;1313.00;10.00;1472.00;0.68;0
133;naval_supply_hub;1412.00;9.53;1380.00;-3.14;0
133;naval_supply_hub;1280.00;10.15;1459.00;0.41;0
133;naval_supply_hub;1381.00;9.53;1364.00;-3.93;0
133;naval_supply_hub;1376.00;9.55;1362.00;-3.14;0
133;naval_headquarters;1406.00;9.50;1382.00;0.68;0
133;naval_headquarters;1373.00;9.98;1360.00;-3.14;0
133;naval_headquarters;1282.00;9.50;1459.00;0.41;0
133;naval_headquarters;1381.00;9.53;1364.00;-3.93;0
133;naval_headquarters;1410.00;9.53;1378.00;-3.14;0
133;nuclear_reactor_spawn;1325.00;10.50;1510.00;3.26;0
133;special_project_facility_spawn;1394.00;11.35;1452.00;2.72;0
133;special_project_facility_spawn;1268.00;13.48;1485.00;6.11;0
133;special_project_facility_spawn;1380.00;9.55;1363.00;4.12;0
133;special_project_facility_spawn;1377.00;9.50;1361.00;1.12;0
133;special_project_facility_spawn;1409.00;9.53;1378.00;1.36;0
133;rocket_site_spawn;1342.00;11.30;1481.00;4.20;0
133;floating_harbor;1282.82;9.50;1455.59;-2.73;774
133;floating_harbor;1280.00;9.50;1371.00;-4.38;1206
133;floating_harbor;1389.95;9.50;1369.95;-0.79;1933
133;floating_harbor;1280.00;9.50;1371.00;-4.64;2041
133;floating_harbor;1374.00;9.50;1368.00;0.00;2185
134;arms_factory;4265.00;10.05;1249.00;5.76;0
134;arms_factory;4325.00;9.70;1120.00;5.58;0
134;arms_factory;4321.00;9.50;1060.00;4.90;0
134;arms_factory;4327.00;10.18;1067.00;0.24;0
134;arms_factory;4267.00;11.07;1238.00;0.74;0
134;arms_factory;4261.00;9.78;1236.00;3.59;0
134;industrial_complex;4318.00;10.00;1089.00;1.76;0
134;industrial_complex;4262.00;10.20;1238.00;1.58;0
134;industrial_complex;4323.00;10.03;1092.00;3.69;0
134;industrial_complex;4305.00;9.82;1091.00;5.05;0
134;industrial_complex;4261.00;9.75;1235.00;3.02;0
134;industrial_complex;4322.00;9.53;1147.00;3.69;0
134;air_base;4268.00;11.60;1242.00;4.76;0
134;supply_node;4288.00;9.82;1176.00;6.04;0
134;supply_node;4269.00;12.00;1223.00;3.90;0
134;supply_node;4321.00;10.53;1076.00;3.21;0
134;supply_node;4296.00;9.50;1115.00;0.91;0
134;supply_node;4324.00;9.57;1146.00;2.12;0
134;supply_node;4233.00;9.50;1111.00;1.68;0
134;supply_node;4288.00;9.98;1134.00;3.39;0
134;supply_node;4268.00;10.32;1163.00;1.65;0
134;supply_node;4322.00;9.50;1127.00;1.01;0
134;supply_node;4306.00;9.53;1120.00;0.78;0
134;supply_node;4312.00;9.60;1111.00;1.17;0
134;supply_node;4305.00;9.50;1150.00;4.11;0
134;supply_node;4349.00;9.50;1027.00;2.06;0
134;supply_node;4282.00;9.57;1059.00;2.59;0
134;supply_node;4313.00;9.50;1176.00;3.91;0
134;supply_node;4269.00;9.50;1049.00;5.06;0
134;supply_node;4333.00;9.62;1116.00;0.33;0
134;supply_node;4282.00;9.50;1154.00;1.86;0
134;supply_node;4281.00;9.88;1170.00;5.76;0
134;supply_node;4254.00;9.50;1149.00;4.54;0
134;supply_node;4254.00;9.50;1036.00;0.54;0
134;supply_node;4290.00;9.50;1123.00;4.31;0
134;supply_node;4297.00;9.50;1163.00;4.76;0
134;supply_node;4281.00;9.50;1194.00;1.36;0
134;supply_node;4316.00;9.50;1140.00;3.68;0
134;supply_node;4253.00;9.50;1144.00;0.74;0
134;supply_node;4290.00;9.50;1154.00;4.66;0
134;supply_node;4335.00;9.50;1015.00;2.75;0
134;supply_node;4339.00;9.50;1112.00;4.18;0
134;supply_node;4251.00;9.50;1123.00;3.14;0
134;bunker;4264.00;10.75;1198.00;2.53;0
134;bunker;4326.00;9.62;1146.00;3.26;0
134;bunker;4328.00;10.48;1069.00;2.72;0
134;bunker;4312.00;9.57;1113.00;6.11;0
134;bunker;4280.00;9.50;1195.00;4.12;0
134;bunker;4298.00;9.50;1116.00;1.12;0
134;bunker;4285.00;9.70;1130.00;1.36;0
134;bunker;4253.00;9.62;1152.00;4.20;0
134;bunker;4302.00;9.80;1172.00;6.12;0
134;bunker;4262.00;9.93;1169.00;3.48;0
134;bunker;4255.00;9.50;1038.00;2.01;0
134;bunker;4302.00;9.68;1153.00;4.87;0
134;bunker;4220.00;9.53;1096.00;3.38;0
134;bunker;4316.00;9.50;1141.00;2.56;0
134;bunker;4321.00;9.65;1131.00;0.48;0
134;bunker;4268.00;9.50;1051.00;5.56;0
134;bunker;4283.00;9.50;1158.00;1.27;0
134;bunker;4336.00;9.60;1016.00;5.86;0
134;bunker;4281.00;9.53;1059.00;6.23;0
134;bunker;4334.00;9.50;1120.00;3.92;0
134;bunker;4291.00;9.50;1153.00;0.78;0
134;bunker;4296.00;9.50;1165.00;0.12;0
134;bunker;4251.00;9.50;1122.00;3.23;0
134;bunker;4253.00;9.50;1144.00;1.49;0
134;bunker;4281.00;9.95;1171.00;3.02;0
134;bunker;4350.00;9.88;1029.00;5.38;0
134;bunker;4307.00;9.55;1122.00;6.19;0
134;bunker;4339.00;9.50;1111.00;2.49;0
134;bunker;4290.00;9.50;1124.00;1.04;0
134;bunker;4314.00;9.55;1176.00;2.95;0
134;coastal_bunker;4231.00;9.50;1103.00;-3.61;0
134;coastal_bunker;4330.00;9.50;1063.00;0.92;0
134;coastal_bunker;4283.00;9.50;1214.00;-3.42;0
134;coastal_bunker;4289.00;10.15;1185.00;1.25;0
134;coastal_bunker;4322.00;9.50;1125.00;0.79;0
134;coastal_bunker;4333.00;9.62;1116.00;-3.14;0
134;coastal_bunker;4254.00;9.50;1148.00;-3.14;0
134;coastal_bunker;4300.00;9.50;1155.00;-1.57;0
134;coastal_bunker;4271.00;9.62;1153.00;-1.57;0
134;coastal_bunker;4310.00;9.50;1113.00;-3.93;0
134;coastal_bunker;4281.00;9.90;1172.00;1.57;0
134;coastal_bunker;4282.00;9.50;1151.00;1.57;0
134;coastal_bunker;4253.00;9.50;1144.00;-3.14;0
134;coastal_bunker;4349.00;9.50;1028.00;-1.57;0
134;coastal_bunker;4272.00;9.50;1049.00;1.57;0
134;coastal_bunker;4293.00;9.50;1141.00;-3.14;0
134;coastal_bunker;4332.00;9.50;1134.00;0.50;0
134;coastal_bunker;4280.00;9.50;1196.00;-3.14;0
134;coastal_bunker;4299.00;9.50;1102.00;0.38;0
134;coastal_bunker;4302.00;9.50;1112.00;0.00;0
134;coastal_bunker;4316.00;9.50;1140.00;-3.93;0
134;coastal_bunker;4336.00;9.50;1015.00;-3.93;0
134;coastal_bunker;4284.00;9.50;1057.00;-1.57;0
134;coastal_bunker;4313.00;9.50;1178.00;-1.57;0
134;coastal_bunker;4254.00;9.50;1036.00;-1.57;0
134;coastal_bunker;4290.00;9.50;1125.00;-3.93;0
134;coastal_bunker;4297.00;9.50;1163.00;1.57;0
134;coastal_bunker;4339.00;9.50;1114.00;-3.14;0
134;coastal_bunker;4252.00;9.50;1123.00;-1.57;0
134;coastal_bunker;4291.00;9.73;1155.00;-1.57;0
134;stronghold_network;4330.00;10.88;1073.00;3.61;0
134;dockyard;4294.00;9.57;1140.00;-3.14;0
134;anti_air_building;4327.00;10.28;1094.00;4.92;0
134;anti_air_building;4334.00;10.90;1076.00;2.28;0
134;anti_air_building;4263.00;10.30;1236.00;5.46;0
134;synthetic_refinery;4265.00;11.12;1199.00;2.25;0
134;fuel_silo;4266.00;12.25;1203.00;0.78;0
134;radar_station;4283.00;9.50;1136.00;1.59;0
134;naval_supply_hub;4260.00;9.50;1239.00;-3.42;0
134;naval_supply_hub;4330.00;9.55;1148.00;-4.55;0
134;naval_supply_hub;4315.00;9.50;1089.00;-1.99;0
134;naval_supply_hub;4267.00;9.50;1177.00;1.25;0
134;naval_supply_hub;4215.00;9.50;1092.00;-3.61;0
134;naval_supply_hub;4301.00;9.50;1149.00;-1.57;0
134;naval_supply_hub;4348.00;9.50;1022.00;-1.57;0
134;naval_supply_hub;4297.00;9.55;1139.00;-3.14;0
134;naval_supply_hub;4291.00;9.50;1107.00;0.38;0
134;naval_supply_hub;4309.00;9.50;1130.00;-3.49;0
134;naval_supply_hub;4313.00;9.53;1115.00;-3.93;0
134;naval_supply_hub;4266.00;9.50;1158.00;-1.57;0
134;naval_supply_hub;4270.00;9.50;1049.00;1.57;0
134;naval_supply_hub;4320.00;9.65;1135.00;-2.92;0
134;naval_supply_hub;4290.00;9.50;1154.00;-1.57;0
134;naval_supply_hub;4281.00;9.50;1192.00;0.00;0
134;naval_supply_hub;4315.00;9.50;1175.00;-1.57;0
134;naval_supply_hub;4283.00;9.55;1061.00;-1.57;0
134;naval_supply_hub;4336.00;9.50;1014.00;-3.93;0
134;naval_supply_hub;4298.00;9.50;1162.00;1.57;0
134;naval_supply_hub;4282.00;9.50;1157.00;1.57;0
134;naval_supply_hub;4253.00;9.50;1151.00;-3.14;0
134;naval_supply_hub;4333.00;9.60;1118.00;-3.14;0
134;naval_supply_hub;4292.00;9.50;1124.00;-3.93;0
134;naval_supply_hub;4252.00;9.50;1036.00;-1.57;0
134;naval_supply_hub;4316.00;9.55;1142.00;-3.93;0
134;naval_supply_hub;4254.00;9.60;1146.00;-3.14;0
134;naval_supply_hub;4339.00;9.50;1111.00;-3.14;0
134;naval_supply_hub;4251.00;9.50;1122.00;-1.57;0
134;naval_supply_hub;4280.00;9.50;1172.00;1.57;0
134;naval_headquarters;4289.00;9.90;1179.00;1.25;0
134;naval_headquarters;4330.00;9.50;1063.00;0.92;0
134;naval_headquarters;4333.00;9.60;1119.00;-3.14;0
134;naval_headquarters;4298.00;9.50;1100.00;0.38;0
134;naval_headquarters;4292.00;9.50;1154.00;-1.57;0
134;naval_headquarters;4281.00;9.73;1197.00;-3.14;0
134;naval_headquarters;4281.00;9.50;1057.00;-1.57;0
134;naval_headquarters;4283.00;9.50;1133.00;-3.14;0
134;naval_headquarters;4266.00;9.50;1049.00;1.57;0
134;naval_headquarters;4327.00;9.62;1155.00;-4.55;0
134;naval_headquarters;4270.00;10.07;1170.00;-1.57;0
134;naval_headquarters;4313.00;9.50;1173.00;-1.57;0
134;naval_headquarters;4308.00;9.50;1126.00;0.00;0
134;naval_headquarters;4316.00;9.53;1111.00;-3.93;0
134;naval_headquarters;4243.00;9.50;1120.00;-3.61;0
134;naval_headquarters;4281.00;9.50;1169.00;1.57;0
134;naval_headquarters;4311.00;9.50;1145.00;-1.57;0
134;naval_headquarters;4326.00;9.68;1123.00;0.79;0
134;naval_headquarters;4250.00;9.50;1213.00;-3.42;0
134;naval_headquarters;4350.00;9.73;1031.00;-1.57;0
134;naval_headquarters;4339.00;9.50;1111.00;-3.14;0
134;naval_headquarters;4284.00;9.73;1157.00;1.57;0
134;naval_headquarters;4317.00;9.50;1140.00;-3.93;0
134;naval_headquarters;4300.00;9.50;1161.00;1.57;0
134;naval_headquarters;4253.00;9.50;1144.00;-3.14;0
134;naval_headquarters;4253.00;9.50;1036.00;-1.57;0
134;naval_headquarters;4251.00;9.50;1124.00;-1.57;0
134;naval_headquarters;4292.00;9.50;1125.00;-3.93;0
134;naval_headquarters;4254.00;9.60;1150.00;-3.14;0
134;naval_headquarters;4337.00;9.50;1014.00;-3.93;0
134;nuclear_reactor_spawn;4262.00;10.48;1224.00;1.65;0
134;special_project_facility_spawn;4323.00;9.65;1062.00;2.54;0
134;special_project_facility_spawn;4264.00;10.43;1244.00;5.67;0
134;special_project_facility_spawn;4325.00;9.65;1155.00;0.76;0
134;special_project_facility_spawn;4334.00;9.50;1115.00;0.00;0
134;special_project_facility_spawn;4223.00;9.50;1097.00;4.19;0
134;special_project_facility_spawn;4339.00;9.50;1111.00;2.18;0
134;special_project_facility_spawn;4272.00;10.53;1166.00;0.18;0
134;special_project_facility_spawn;4320.00;9.80;1134.00;4.65;0
134;special_project_facility_spawn;4250.00;9.50;1124.00;0.83;0
134;special_project_facility_spawn;4288.00;9.50;1155.00;3.46;0
134;special_project_facility_spawn;4286.00;9.55;1127.00;3.23;0
134;special_project_facility_spawn;4290.00;9.50;1109.00;1.89;0
134;special_project_facility_spawn;4336.00;9.60;1016.00;0.12;0
134;special_project_facility_spawn;4311.00;9.50;1109.00;0.92;0
134;special_project_facility_spawn;4317.00;9.50;1140.00;2.56;0
134;special_project_facility_spawn;4265.00;10.18;1183.00;2.97;0
134;special_project_facility_spawn;4253.00;9.50;1150.00;1.76;0
134;special_project_facility_spawn;4257.00;9.50;1037.00;4.52;0
134;special_project_facility_spawn;4281.00;9.50;1191.00;2.26;0
134;special_project_facility_spawn;4300.00;9.50;1161.00;1.64;0
134;special_project_facility_spawn;4303.00;9.73;1154.00;0.69;0
134;special_project_facility_spawn;4284.00;9.73;1157.00;5.55;0
134;special_project_facility_spawn;4281.00;9.53;1059.00;0.99;0
134;special_project_facility_spawn;4290.00;9.50;1123.00;0.71;0
134;special_project_facility_spawn;4254.00;9.60;1146.00;2.22;0
134;special_project_facility_spawn;4308.00;9.60;1124.00;5.18;0
134;special_project_facility_spawn;4281.00;9.95;1171.00;6.21;0
134;special_project_facility_spawn;4267.00;9.50;1049.00;2.34;0
134;special_project_facility_spawn;4314.00;9.55;1177.00;1.28;0
134;special_project_facility_spawn;4349.00;9.75;1029.00;2.55;0
134;rocket_site_spawn;4302.00;9.62;1091.00;5.03;0
134;floating_harbor;4297.64;9.50;1172.79;-1.89;1528
134;floating_harbor;4265.00;9.50;1300.00;0.09;1529
134;floating_harbor;4305.60;9.50;1082.84;1.15;1535
134;floating_harbor;4293.85;9.50;1127.90;0.17;1599
134;floating_harbor;4315.18;9.50;1151.88;0.98;1600
134;floating_harbor;4237.13;9.50;1119.26;-0.46;1606
134;floating_harbor;4288.00;9.50;1142.00;0.00;1610
134;floating_harbor;4243.00;9.50;1139.00;-3.95;1623
134;floating_harbor;4277.00;9.50;1039.00;-3.62;1648
134;floating_harbor;4306.00;9.50;1112.00;-3.14;1688
134;floating_harbor;4317.95;9.50;1116.95;-0.79;1707
134;floating_harbor;4304.00;9.50;1150.00;-1.57;1722
134;floating_harbor;4362.00;9.50;1007.00;-2.57;1853
134;floating_harbor;4277.00;9.50;1039.00;-3.39;1871
134;floating_harbor;4243.00;9.50;1139.00;-4.23;1891
134;floating_harbor;4277.00;9.50;1049.00;-1.57;1931
134;floating_harbor;4333.00;9.50;1124.00;0.00;1932
134;floating_harbor;4243.00;9.50;1139.00;-4.35;1949
134;floating_harbor;4289.00;9.50;1170.00;-1.57;1950
134;floating_harbor;4254.00;9.50;1157.00;0.00;2012
134;floating_harbor;4277.00;9.50;1039.00;-1.44;2063
134;floating_harbor;4295.95;9.50;1128.95;-0.79;2064
134;floating_harbor;4243.00;9.50;1139.00;-4.30;2065
134;floating_harbor;4281.00;9.50;1186.00;-3.14;2109
134;floating_harbor;4321.95;9.50;1145.95;-0.79;2176
134;floating_harbor;4243.00;9.50;1139.00;-4.17;2178
134;floating_harbor;4243.00;9.50;1139.00;-4.40;2229
134;floating_harbor;4340.95;9.50;1020.95;-0.79;2284
134;floating_harbor;4339.00;9.50;1120.00;0.00;2286
134;floating_harbor;4243.00;9.50;1139.00;0.46;2287
135;arms_factory;1470.00;11.50;913.00;4.90;0
135;arms_factory;1457.00;10.95;816.00;0.24;0
135;arms_factory;1548.00;11.12;764.00;0.74;0
135;arms_factory;1474.00;11.15;794.00;3.59;0
135;arms_factory;1552.00;10.78;693.00;1.76;0
135;arms_factory;1474.00;11.23;813.00;1.58;0
135;industrial_complex;1481.00;10.43;765.00;3.69;0
135;industrial_complex;1501.00;11.32;839.00;5.05;0
135;industrial_complex;1526.00;11.93;772.00;3.02;0
135;industrial_complex;1524.00;10.20;901.00;3.69;0
135;industrial_complex;1557.00;10.48;747.00;4.76;0
135;industrial_complex;1523.00;11.62;765.00;4.96;0
135;air_base;1430.00;11.18;886.00;3.72;0
135;supply_node;1529.00;11.50;744.00;3.21;0
135;supply_node;1478.00;11.80;865.00;0.91;0
135;bunker;1499.00;10.93;949.00;5.28;0
135;bunker;1487.00;10.75;739.00;2.33;0
135;coastal_bunker;1485.00;9.50;725.00;-1.31;0
135;coastal_bunker;1443.00;9.50;810.00;-1.07;0
135;stronghold_network;1465.00;11.57;887.00;3.90;0
135;dockyard;1405.00;9.50;872.00;-1.07;0
135;anti_air_building;1559.00;10.60;694.00;2.17;0
135;anti_air_building;1480.00;11.48;935.00;3.88;0
135;anti_air_building;1520.00;12.48;716.00;2.97;0
135;synthetic_refinery;1411.00;10.53;887.00;4.58;0
135;fuel_silo;1542.00;11.00;749.00;4.38;0
135;radar_station;1486.00;11.78;825.00;5.06;0
135;naval_supply_hub;1405.00;9.50;873.00;-1.07;0
135;naval_supply_hub;1526.00;9.50;701.00;0.04;0
135;naval_headquarters;1517.00;9.88;707.00;0.04;0
135;naval_headquarters;1400.00;9.50;875.00;-1.07;0
135;nuclear_reactor_spawn;1494.00;10.90;769.00;4.86;0
135;special_project_facility_spawn;1562.00;10.03;710.00;1.37;0
135;special_project_facility_spawn;1474.00;11.35;926.00;5.08;0
135;rocket_site_spawn;1476.00;11.00;901.00;1.62;0
135;floating_harbor;1531.29;9.50;689.01;-3.10;852
135;floating_harbor;1422.87;9.50;834.62;-4.21;1187
136;arms_factory;1613.00;10.38;659.00;0.74;0
136;arms_factory;1628.00;10.65;625.00;3.59;0
136;arms_factory;1664.00;13.43;716.00;1.76;0
136;arms_factory;1613.00;10.30;642.00;1.58;0
136;arms_factory;1621.00;10.40;646.00;3.69;0
136;arms_factory;1619.00;10.30;645.00;5.05;0
136;industrial_complex;1598.00;9.62;662.00;3.02;0
136;industrial_complex;1594.00;10.28;696.00;3.69;0
136;industrial_complex;1704.00;14.82;688.00;4.76;0
136;industrial_complex;1722.00;12.95;658.00;4.96;0
136;industrial_complex;1588.00;10.53;794.00;3.72;0
136;industrial_complex;1607.00;10.20;637.00;1.71;0
136;air_base;1725.00;11.62;667.00;0.21;0
136;supply_node;1649.00;10.90;690.00;2.12;0
136;supply_node;1625.00;10.15;690.00;1.68;0
136;supply_node;1671.00;11.60;660.00;3.39;0
136;supply_node;1625.00;10.57;621.00;1.65;0
136;supply_node;1601.00;12.38;757.00;1.01;0
136;supply_node;1714.00;12.30;680.00;0.78;0
136;supply_node;1666.00;11.38;727.00;1.17;0
136;supply_node;1582.00;10.03;684.00;4.11;0
136;supply_node;1614.00;10.30;644.00;2.06;0
136;bunker;1632.00;13.40;734.00;4.58;0
136;bunker;1591.00;9.80;662.00;4.38;0
136;bunker;1650.00;15.90;724.00;3.15;0
136;bunker;1593.00;10.60;793.00;5.97;0
136;bunker;1592.00;10.03;643.00;3.21;0
136;bunker;1717.00;13.23;692.00;0.94;0
136;bunker;1655.00;10.90;644.00;5.63;0
136;bunker;1661.00;10.60;621.00;4.86;0
136;bunker;1638.00;15.95;724.00;1.37;0
136;stronghold_network;1659.00;10.85;761.00;5.08;0
136;anti_air_building;1715.00;12.62;677.00;1.62;0
136;anti_air_building;1580.00;10.95;734.00;0.18;0
136;anti_air_building;1585.00;10.45;714.00;5.66;0
136;synthetic_refinery;1600.00;18.02;730.00;3.45;0
136;fuel_silo;1652.00;10.62;682.00;5.37;0
136;radar_station;1649.00;11.50;708.00;4.18;0
136;nuclear_reactor_spawn;1692.00;13.40;693.00;3.61;0
136;special_project_facility_spawn;1610.00;12.03;760.00;2.53;0
136;special_project_facility_spawn;1649.00;11.25;706.00;3.26;0
136;special_project_facility_spawn;1576.00;10.70;729.00;2.72;0
136;special_project_facility_spawn;1596.00;10.30;616.00;6.11;0
136;special_project_facility_spawn;1631.00;10.15;669.00;4.12;0
136;special_project_facility_spawn;1650.00;11.25;645.00;1.12;0
136;special_project_facility_spawn;1661.00;13.78;709.00;1.36;0
136;special_project_facility_spawn;1604.00;9.82;658.00;4.20;0
136;special_project_facility_spawn;1722.00;12.03;676.00;6.12;0
136;rocket_site_spawn;1675.00;10.50;733.00;3.48;0
137;arms_factory;1686.00;10.60;614.00;1.76;0
137;arms_factory;1691.00;10.30;628.00;1.58;0
137;arms_factory;1669.00;10.53;605.00;3.69;0
137;arms_factory;1763.00;11.80;542.00;5.05;0
137;arms_factory;1704.00;10.98;645.00;3.02;0
137;arms_factory;1726.00;10.75;613.00;3.69;0
137;industrial_complex;1751.00;11.25;576.00;4.76;0
137;industrial_complex;1738.00;10.70;607.00;4.96;0
137;industrial_complex;1719.00;10.55;622.00;3.72;0
137;industrial_complex;1723.00;11.00;605.00;1.71;0
137;industrial_complex;1735.00;12.07;531.00;0.21;0
137;industrial_complex;1710.00;11.55;598.00;5.28;0
137;air_base;1724.00;10.60;619.00;2.33;0
137;supply_node;1747.00;10.88;585.00;3.39;0
137;supply_node;1748.00;12.68;544.00;1.65;0
137;supply_node;1699.00;10.68;620.00;1.01;0
137;bunker;1734.00;12.12;528.00;4.67;0
137;bunker;1702.00;11.05;646.00;2.17;0
137;bunker;1743.00;10.80;603.00;3.88;0
137;stronghold_network;1688.00;11.80;656.00;2.97;0
137;anti_air_building;1710.00;11.07;608.00;4.58;0
137;anti_air_building;1682.00;11.00;648.00;4.38;0
137;anti_air_building;1738.00;11.78;534.00;3.15;0
137;synthetic_refinery;1742.00;11.95;535.00;5.97;0
137;fuel_silo;1738.00;11.85;537.00;3.21;0
137;radar_station;1723.00;11.43;591.00;5.76;0
137;nuclear_reactor_spawn;1727.00;10.78;613.00;5.63;0
137;special_project_facility_spawn;1775.00;11.43;574.00;4.86;0
137;special_project_facility_spawn;1763.00;11.82;549.00;1.37;0
137;special_project_facility_spawn;1720.00;10.40;631.00;5.08;0
137;rocket_site_spawn;1713.00;10.95;612.00;1.62;0
138;arms_factory;1765.00;10.95;450.00;3.69;0
138;arms_factory;1735.00;11.10;450.00;5.05;0
138;arms_factory;1762.00;11.00;420.00;3.02;0
138;arms_factory;1743.00;10.82;440.00;3.69;0
138;arms_factory;1772.00;10.90;433.00;4.76;0
138;arms_factory;1739.00;10.75;414.00;4.96;0
138;industrial_complex;1750.00;10.78;419.00;3.72;0
138;industrial_complex;1730.00;11.03;449.00;1.71;0
138;industrial_complex;1756.00;10.80;430.00;0.21;0
138;industrial_complex;1752.00;11.38;469.00;5.28;0
138;industrial_complex;1731.00;11.00;427.00;2.33;0
138;industrial_complex;1761.00;10.93;449.00;3.98;0
138;air_base;1726.00;10.20;406.00;4.40;0
138;supply_node;1753.00;10.80;429.00;1.01;0
138;bunker;1759.00;10.90;421.00;4.67;0
138;coastal_bunker;1758.00;9.50;391.00;-0.23;0
138;stronghold_network;1726.00;10.30;419.00;3.88;0
138;dockyard;1779.00;9.85;403.00;-0.23;0
138;anti_air_building;1784.00;10.93;442.00;4.58;0
138;anti_air_building;1782.00;10.55;417.00;4.38;0
138;anti_air_building;1749.00;10.75;418.00;3.15;0
138;synthetic_refinery;1750.00;10.80;423.00;5.97;0
138;fuel_silo;1754.00;10.57;406.00;3.21;0
138;radar_station;1756.00;10.90;434.00;5.76;0
138;naval_supply_hub;1776.00;9.80;400.00;-0.23;0
138;naval_headquarters;1719.00;9.50;421.00;-0.23;0
138;nuclear_reactor_spawn;1753.00;10.93;425.00;1.37;0
138;special_project_facility_spawn;1751.00;10.73;419.00;5.08;0
138;rocket_site_spawn;1731.00;9.95;402.00;1.62;0
139;arms_factory;1702.00;11.38;575.00;3.02;0
139;arms_factory;1575.00;10.40;362.00;3.69;0
139;arms_factory;1560.00;9.93;358.00;4.76;0
139;arms_factory;1634.00;10.65;395.00;4.96;0
139;arms_factory;1713.00;11.43;554.00;3.72;0
139;arms_factory;1735.00;11.32;505.00;1.71;0
139;industrial_complex;1569.00;9.80;485.00;0.21;0
139;industrial_complex;1635.00;10.23;434.00;5.28;0
139;industrial_complex;1602.00;10.25;537.00;2.33;0
139;industrial_complex;1673.00;10.40;350.00;3.98;0
139;industrial_complex;1687.00;10.55;328.00;4.40;0
139;industrial_complex;1648.00;10.43;363.00;3.90;0
139;air_base;1603.00;11.12;288.00;4.67;0
139;supply_node;1661.00;9.88;323.00;1.17;0
139;supply_node;1583.00;11.48;234.00;4.11;0
139;supply_node;1714.00;10.40;482.00;2.06;0
139;supply_node;1678.00;9.80;407.00;2.59;0
139;supply_node;1607.00;9.90;461.00;3.91;0
139;supply_node;1631.00;10.20;536.00;5.06;0
139;supply_node;1664.00;10.00;518.00;0.33;0
139;supply_node;1684.00;10.30;360.00;1.86;0
139;supply_node;1580.00;10.10;381.00;5.76;0
139;supply_node;1608.00;10.32;412.00;4.54;0
139;supply_node;1590.00;10.10;532.00;0.54;0
139;supply_node;1774.00;11.68;532.00;4.31;0
139;supply_node;1711.00;11.03;437.00;4.76;0
139;supply_node;1571.00;10.05;358.00;1.36;0
139;supply_node;1568.00;10.23;312.00;3.68;0
139;supply_node;1577.00;10.90;198.00;0.74;0
139;supply_node;1636.00;10.60;402.00;4.66;0
139;supply_node;1713.00;10.45;389.00;2.75;0
139;supply_node;1686.00;10.30;493.00;4.18;0
139;supply_node;1598.00;9.90;486.00;3.14;0
139;supply_node;1706.00;10.80;542.00;2.82;0
139;supply_node;1573.00;10.28;281.00;1.13;0
139;supply_node;1580.00;10.32;328.00;4.59;0
139;supply_node;1610.00;10.90;262.00;2.09;0
139;supply_node;1699.00;10.03;412.00;6.04;0
139;supply_node;1617.00;10.23;312.00;1.36;0
139;supply_node;1648.00;10.00;471.00;3.95;0
139;supply_node;1628.00;9.98;362.00;1.53;0
139;supply_node;1640.00;10.28;438.00;1.24;0
139;supply_node;1713.00;10.70;505.00;5.77;0
139;supply_node;1591.00;9.98;500.00;0.02;0
139;supply_node;1724.00;10.60;466.00;6.15;0
139;supply_node;1657.00;10.30;392.00;4.07;0
139;supply_node;1697.00;10.18;462.00;2.53;0
139;supply_node;1569.00;9.80;467.00;3.10;0
139;supply_node;1717.00;11.05;358.00;2.49;0
139;supply_node;1675.00;9.90;441.00;5.05;0
139;supply_node;1564.00;10.20;248.00;3.12;0
139;supply_node;1740.00;11.65;504.00;2.94;0
139;supply_node;1599.00;10.45;350.00;5.93;0
139;supply_node;1577.00;9.90;420.00;5.88;0
139;supply_node;1639.00;10.38;584.00;3.50;0
139;supply_node;1602.00;11.05;140.00;3.28;0
139;supply_node;1733.00;11.15;181.00;5.18;0
139;supply_node;1723.00;11.40;177.00;1.47;0
139;supply_node;2034.00;9.90;137.00;5.67;0
139;supply_node;1714.00;11.38;180.00;0.60;0
139;supply_node;1644.00;9.98;273.00;3.31;0
139;supply_node;1670.00;9.70;319.00;5.47;0
139;supply_node;1632.00;9.50;132.00;1.78;0
139;bunker;1695.00;10.60;349.00;3.99;0
139;bunker;1677.00;10.40;554.00;0.21;0
139;bunker;1646.00;9.98;341.00;2.08;0
139;bunker;1624.00;10.20;417.00;0.79;0
139;bunker;1595.00;13.05;221.00;0.97;0
139;bunker;1723.00;11.53;383.00;0.26;0
139;bunker;1631.00;9.73;303.00;0.79;0
139;bunker;1639.00;10.12;531.00;2.01;0
139;bunker;1654.00;10.10;434.00;0.23;0
139;bunker;1660.00;9.95;440.00;0.27;0
139;bunker;1748.00;11.50;499.00;5.76;0
139;bunker;1615.00;10.00;246.00;5.90;0
139;bunker;1625.00;10.32;385.00;4.05;0
139;bunker;1611.00;10.50;587.00;3.98;0
139;bunker;1566.00;10.05;266.00;6.25;0
139;bunker;1561.00;10.10;311.00;0.59;0
139;bunker;1588.00;9.93;424.00;0.62;0
139;bunker;1614.00;10.00;473.00;5.23;0
139;bunker;1780.00;11.78;540.00;3.07;0
139;bunker;1698.00;10.12;417.00;0.18;0
139;bunker;1574.00;10.28;379.00;4.34;0
139;bunker;1586.00;11.68;205.00;1.94;0
139;bunker;1686.00;9.80;411.00;5.63;0
139;bunker;1729.00;10.62;475.00;0.08;0
139;bunker;1606.00;9.90;520.00;4.53;0
139;bunker;1569.00;9.90;507.00;4.21;0
139;bunker;1596.00;10.18;362.00;2.39;0
139;bunker;1719.00;11.03;507.00;1.38;0
139;bunker;1728.00;10.12;349.00;5.82;0
139;bunker;1701.00;10.20;470.00;1.34;0
139;bunker;1635.00;10.00;471.00;3.61;0
139;bunker;1730.00;10.53;185.00;5.43;0
139;bunker;1583.00;9.80;476.00;4.92;0
139;bunker;1580.00;10.32;328.00;2.28;0
139;bunker;1570.00;10.82;249.00;5.46;0
139;bunker;1708.00;10.20;477.00;2.25;0
139;bunker;1652.00;10.10;381.00;0.78;0
139;bunker;1591.00;9.82;475.00;4.57;0
139;bunker;1708.00;10.45;425.00;5.44;0
139;bunker;1682.00;10.50;556.00;1.58;0
139;bunker;1693.00;10.10;480.00;2.57;0
139;bunker;1585.00;10.28;352.00;3.52;0
139;bunker;1642.00;10.48;407.00;4.83;0
139;bunker;1672.00;9.50;320.00;2.75;0
139;bunker;1726.00;11.73;178.00;3.00;0
139;bunker;1610.00;10.00;134.00;2.07;0
139;bunker;1716.00;11.40;184.00;2.77;0
139;bunker;1643.00;9.90;272.00;2.99;0
139;bunker;2034.00;10.40;138.00;3.61;0
139;bunker;1630.00;9.50;132.00;2.24;0
139;coastal_bunker;1712.00;10.88;179.00;-3.79;0
139;coastal_bunker;1709.00;9.50;328.00;0.68;0
139;coastal_bunker;1674.00;9.50;323.00;0.79;0
139;coastal_bunker;1727.00;9.93;389.00;-4.61;0
139;coastal_bunker;1606.00;9.50;239.00;1.31;0
139;coastal_bunker;1726.00;9.50;185.00;-3.52;0
139;coastal_bunker;1617.00;9.90;135.00;-4.39;0
139;coastal_bunker;2044.00;9.90;132.00;-2.36;0
139;coastal_bunker;1585.00;9.93;182.00;1.49;0
139;coastal_bunker;1641.00;9.50;296.00;0.70;0
139;coastal_bunker;1731.00;9.62;178.00;1.57;0
139;coastal_bunker;1730.00;9.75;346.00;1.04;0
139;coastal_bunker;1672.00;9.50;320.00;1.57;0
139;coastal_bunker;1646.00;9.50;270.00;-3.14;0
139;coastal_bunker;1602.00;9.88;234.00;1.36;0
139;coastal_bunker;1718.00;9.80;431.00;0.46;0
139;coastal_bunker;1714.00;9.70;414.00;1.57;0
139;coastal_bunker;1630.00;9.50;132.00;-3.93;0
139;stronghold_network;1628.00;10.10;375.00;3.33;0
139;dockyard;1599.00;10.00;190.00;1.49;0
139;anti_air_building;1635.00;10.00;462.00;1.80;0
139;anti_air_building;1596.00;10.40;380.00;0.39;0
139;anti_air_building;1646.00;10.35;353.00;3.07;0
139;synthetic_refinery;1624.00;10.20;558.00;1.28;0
139;fuel_silo;1569.00;10.32;215.00;3.05;0
139;radar_station;1737.00;10.03;366.00;0.45;0
139;naval_supply_hub;1704.00;9.57;174.00;-0.88;0
139;naval_supply_hub;2036.00;9.50;135.00;-2.36;0
139;naval_supply_hub;1734.00;9.53;178.00;1.57;0
139;naval_supply_hub;1622.00;9.50;132.00;-4.39;0
139;naval_supply_hub;1727.00;9.75;343.00;1.04;0
139;naval_supply_hub;1661.00;9.50;294.00;0.79;0
139;naval_supply_hub;1716.00;9.75;395.00;-4.61;0
139;naval_supply_hub;1601.00;9.98;197.00;1.49;0
139;naval_supply_hub;1721.00;10.73;172.00;-0.38;0
139;naval_supply_hub;1718.00;9.80;431.00;0.46;0
139;naval_supply_hub;1634.00;9.88;270.00;1.31;0
139;naval_supply_hub;1635.00;9.50;299.00;0.70;0
139;naval_supply_hub;1601.00;10.05;231.00;1.36;0
139;naval_supply_hub;1714.00;9.73;417.00;1.57;0
139;naval_supply_hub;1640.00;9.50;273.00;-3.14;0
139;naval_supply_hub;1669.00;9.50;319.00;1.57;0
139;naval_supply_hub;1631.00;9.50;132.00;-3.93;0
139;naval_supply_hub;1712.00;9.50;328.00;0.68;0
139;naval_headquarters;1742.00;10.18;184.00;1.57;0
139;naval_headquarters;1736.00;10.18;365.00;1.04;0
139;naval_headquarters;1611.00;9.62;204.00;1.49;0
139;naval_headquarters;1703.00;9.53;174.00;-0.88;0
139;naval_headquarters;1724.00;10.20;180.00;-3.52;0
139;naval_headquarters;1616.00;9.78;245.00;1.31;0
139;naval_headquarters;1668.00;9.65;311.00;0.79;0
139;naval_headquarters;2028.00;10.40;142.00;-2.36;0
139;naval_headquarters;1714.00;9.70;397.00;-4.61;0
139;naval_headquarters;1643.00;9.82;275.00;-3.14;0
139;naval_headquarters;1602.00;9.88;234.00;1.36;0
139;naval_headquarters;1711.00;9.50;328.00;0.68;0
139;naval_headquarters;1718.00;9.75;428.00;0.46;0
139;naval_headquarters;1637.00;9.50;298.00;0.70;0
139;naval_headquarters;1594.00;9.50;156.00;-4.39;0
139;naval_headquarters;1714.00;9.68;406.00;1.57;0
139;naval_headquarters;1634.00;9.50;132.00;-3.93;0
139;naval_headquarters;1669.00;9.50;319.00;1.57;0
139;nuclear_reactor_spawn;1699.00;11.20;577.00;0.92;0
139;special_project_facility_spawn;1621.00;10.38;344.00;2.56;0
139;special_project_facility_spawn;1584.00;10.45;373.00;2.97;0
139;special_project_facility_spawn;1644.00;9.65;298.00;1.76;0
139;special_project_facility_spawn;1571.00;9.80;501.00;4.52;0
139;special_project_facility_spawn;1732.00;11.18;182.00;2.26;0
139;special_project_facility_spawn;1683.00;9.85;402.00;1.64;0
139;special_project_facility_spawn;1619.00;10.57;256.00;0.69;0
139;special_project_facility_spawn;1575.00;9.90;329.00;5.55;0
139;special_project_facility_spawn;1712.00;11.05;508.00;0.99;0
139;special_project_facility_spawn;1603.00;9.98;364.00;0.71;0
139;special_project_facility_spawn;1618.00;10.03;444.00;2.22;0
139;special_project_facility_spawn;1579.00;11.12;203.00;5.18;0
139;special_project_facility_spawn;1641.00;10.03;446.00;6.21;0
139;special_project_facility_spawn;1769.00;11.85;522.00;2.34;0
139;special_project_facility_spawn;1617.00;10.53;609.00;1.28;0
139;special_project_facility_spawn;1638.00;10.00;484.00;2.55;0
139;special_project_facility_spawn;1614.00;10.23;396.00;5.03;0
139;special_project_facility_spawn;1675.00;10.10;374.00;4.36;0
139;special_project_facility_spawn;1658.00;10.28;551.00;6.00;0
139;special_project_facility_spawn;1650.00;10.32;411.00;0.72;0
139;special_project_facility_spawn;1666.00;10.20;387.00;5.50;0
139;special_project_facility_spawn;1583.00;9.98;560.00;1.41;0
139;special_project_facility_spawn;1692.00;10.50;505.00;0.30;0
139;special_project_facility_spawn;1696.00;10.40;451.00;3.72;0
139;special_project_facility_spawn;1721.00;10.53;464.00;5.20;0
139;special_project_facility_spawn;1562.00;9.93;257.00;3.06;0
139;special_project_facility_spawn;1587.00;11.62;293.00;1.08;0
139;special_project_facility_spawn;1586.00;9.95;436.00;3.71;0
139;special_project_facility_spawn;1655.00;10.10;495.00;3.68;0
139;special_project_facility_spawn;1579.00;9.80;463.00;5.45;0
139;special_project_facility_spawn;1701.00;11.03;551.00;3.02;0
139;special_project_facility_spawn;1574.00;10.32;361.00;2.43;0
139;special_project_facility_spawn;1677.00;10.30;460.00;6.25;0
139;special_project_facility_spawn;1733.00;11.62;511.00;2.04;0
139;special_project_facility_spawn;1709.00;10.55;347.00;3.57;0
139;special_project_facility_spawn;1588.00;11.62;228.00;1.03;0
139;special_project_facility_spawn;1645.00;10.03;274.00;4.63;0
139;special_project_facility_spawn;1694.00;10.05;393.00;1.87;0
139;special_project_facility_spawn;1595.00;9.90;474.00;6.02;0
139;special_project_facility_spawn;1603.00;9.98;361.00;4.01;0
139;special_project_facility_spawn;1707.00;10.78;433.00;0.04;0
139;special_project_facility_spawn;1712.00;9.75;400.00;2.60;0
139;special_project_facility_spawn;1714.00;10.60;490.00;2.51;0
139;special_project_facility_spawn;1716.00;11.40;184.00;0.08;0
139;special_project_facility_spawn;1603.00;10.50;142.00;0.97;0
139;special_project_facility_spawn;1570.00;10.57;303.00;4.11;0
139;special_project_facility_spawn;1724.00;11.48;178.00;2.14;0
139;special_project_facility_spawn;2043.00;10.05;131.00;5.13;0
139;special_project_facility_spawn;1670.00;9.70;319.00;1.68;0
139;special_project_facility_spawn;1631.00;9.50;132.00;5.31;0
139;rocket_site_spawn;1730.00;12.28;558.00;4.75;0
139;floating_harbor;1676.95;9.50;307.05;-2.36;731
139;floating_harbor;1608.85;9.50;228.56;-1.78;754
139;floating_harbor;1714.41;9.50;322.57;-2.46;808
139;floating_harbor;1811.00;9.50;283.00;-2.56;841
139;floating_harbor;1609.98;9.50;195.46;-1.65;870
139;floating_harbor;1729.97;9.50;390.70;-1.47;925
139;floating_harbor;1631.76;9.50;256.20;-1.83;986
139;floating_harbor;1811.00;9.50;283.00;-2.50;1001
139;floating_harbor;1637.51;9.50;287.65;-2.44;1018
139;floating_harbor;1735.05;9.50;347.47;-2.10;1099
139;floating_harbor;1614.64;9.50;144.21;-1.25;1564
139;floating_harbor;1811.00;9.50;283.00;-0.64;1618
139;floating_harbor;1727.60;9.50;188.50;-0.38;1619
139;floating_harbor;2051.00;9.50;111.00;-2.55;1641
139;floating_harbor;1721.20;9.50;189.60;-0.64;1645
139;floating_harbor;1644.00;9.50;281.00;0.00;1705
139;floating_harbor;1678.00;9.50;319.00;-1.57;2207
139;floating_harbor;1637.95;9.50;136.95;-0.79;2261
140;arms_factory;1558.00;9.70;414.00;4.76;0
140;arms_factory;1569.00;9.90;607.00;4.96;0
140;arms_factory;1570.00;9.80;593.00;3.72;0
140;arms_factory;1540.00;9.68;365.00;1.71;0
140;arms_factory;1553.00;9.70;482.00;0.21;0
140;arms_factory;1544.00;9.60;298.00;5.28;0
140;industrial_complex;1545.00;9.60;414.00;2.33;0
140;industrial_complex;1544.00;9.50;472.00;3.98;0
140;industrial_complex;1562.00;9.70;577.00;4.40;0
140;industrial_complex;1555.00;9.68;536.00;3.90;0
140;industrial_complex;1559.00;9.80;522.00;4.67;0
140;industrial_complex;1540.00;9.50;456.00;2.17;0
140;air_base;1558.00;9.75;540.00;3.88;0
140;supply_node;1563.00;9.80;548.00;2.06;0
140;supply_node;1564.00;9.80;648.00;2.59;0
140;supply_node;1542.00;9.70;341.00;3.91;0
140;supply_node;1543.00;9.62;234.00;5.06;0
140;supply_node;1553.00;9.70;498.00;0.33;0
140;supply_node;1547.00;9.60;463.00;1.86;0
140;supply_node;1573.00;9.80;594.00;5.76;0
140;supply_node;1562.00;9.90;521.00;4.54;0
140;supply_node;1561.00;9.75;166.00;0.54;0
140;supply_node;1550.00;9.70;413.00;4.31;0
140;supply_node;1547.00;9.78;374.00;4.76;0
140;supply_node;1543.00;9.50;294.00;1.36;0
140;supply_node;1525.00;9.50;197.00;3.68;0
140;supply_node;1527.00;9.50;206.00;0.74;0
140;supply_node;1531.00;9.50;278.00;4.66;0
140;supply_node;1531.00;9.50;255.00;2.75;0
140;supply_node;1598.00;10.20;133.00;4.18;0
140;supply_node;1531.00;9.50;172.00;3.14;0
140;supply_node;1594.00;9.50;130.00;2.82;0
140;supply_node;1591.00;9.82;135.00;1.13;0
140;supply_node;1600.00;9.82;126.00;4.59;0
140;bunker;1581.00;9.93;578.00;6.11;0
140;bunker;1559.00;9.60;634.00;4.12;0
140;bunker;1543.00;9.50;447.00;1.12;0
140;bunker;1581.00;10.65;155.00;1.36;0
140;bunker;1551.00;9.62;514.00;4.20;0
140;bunker;1548.00;9.65;399.00;6.12;0
140;bunker;1569.00;9.80;549.00;3.48;0
140;bunker;1551.00;9.60;271.00;2.01;0
140;bunker;1532.00;9.50;171.00;4.87;0
140;bunker;1552.00;9.80;337.00;3.38;0
140;bunker;1563.00;9.90;503.00;2.56;0
140;bunker;1540.00;9.62;379.00;0.48;0
140;bunker;1551.00;9.80;234.00;5.56;0
140;bunker;1531.00;9.50;283.00;1.27;0
140;bunker;1531.00;9.53;202.00;5.86;0
140;bunker;1602.00;9.75;127.00;6.23;0
140;bunker;1523.00;9.50;197.00;3.92;0
140;bunker;1591.00;9.50;131.00;0.78;0
140;bunker;1598.00;10.20;133.00;0.12;0
140;bunker;1592.00;10.35;135.00;3.23;0
140;bunker;1532.00;9.50;255.00;1.49;0
140;coastal_bunker;1556.00;9.50;632.00;-0.98;0
140;coastal_bunker;1585.00;9.65;139.00;-1.82;0
140;coastal_bunker;1545.00;9.50;280.00;-0.79;0
140;coastal_bunker;1553.00;9.50;585.00;-1.38;0
140;coastal_bunker;1531.00;9.50;256.00;-3.14;0
140;coastal_bunker;1543.00;9.50;407.00;-1.46;0
140;coastal_bunker;1540.00;9.50;248.00;-1.67;0
140;coastal_bunker;1537.00;9.50;464.00;-2.53;0
140;coastal_bunker;1528.00;9.50;209.00;0.46;0
140;coastal_bunker;1526.00;9.50;198.00;1.57;0
140;coastal_bunker;1549.00;9.50;530.00;-1.57;0
140;coastal_bunker;1595.00;9.50;129.00;1.57;0
140;coastal_bunker;1534.00;9.50;270.00;-3.93;0
140;coastal_bunker;1529.00;9.55;358.00;-2.59;0
140;coastal_bunker;1536.00;9.50;376.00;-1.86;0
140;coastal_bunker;1532.00;9.50;172.00;-3.93;0
140;coastal_bunker;1590.00;9.50;135.00;1.57;0
140;coastal_bunker;1544.00;9.50;502.00;-1.66;0
140;coastal_bunker;1602.00;10.32;126.00;1.57;0
140;coastal_bunker;1601.00;10.28;134.00;1.57;0
140;coastal_bunker;1545.00;9.50;515.00;-1.27;0
140;stronghold_network;1569.00;9.70;580.00;0.59;0
140;dockyard;1526.00;9.50;254.00;-3.14;0
140;anti_air_building;1541.00;9.50;468.00;5.23;0
140;anti_air_building;1571.00;9.98;620.00;3.07;0
140;anti_air_building;1552.00;9.73;492.00;0.18;0
140;synthetic_refinery;1565.00;9.80;556.00;4.34;0
140;fuel_silo;1563.00;9.80;652.00;1.94;0
140;radar_station;1560.00;9.82;408.00;2.81;0
140;naval_supply_hub;1531.00;9.50;339.00;-1.22;0
140;naval_supply_hub;1538.00;9.50;197.00;-1.82;0
140;naval_supply_hub;1556.00;9.50;620.00;-0.98;0
140;naval_supply_hub;1534.00;9.50;238.00;-1.67;0
140;naval_supply_hub;1538.00;9.50;470.00;-2.53;0
140;naval_supply_hub;1541.00;9.50;496.00;-1.66;0
140;naval_supply_hub;1548.00;9.50;527.00;-1.57;0
140;naval_supply_hub;1551.00;9.50;592.00;-1.38;0
140;naval_supply_hub;1532.00;9.50;194.00;0.46;0
140;naval_supply_hub;1530.00;9.50;271.00;-3.93;0
140;naval_supply_hub;1602.00;10.32;126.00;1.57;0
140;naval_supply_hub;1543.00;9.50;402.00;-1.46;0
140;naval_supply_hub;1526.00;9.50;196.00;1.57;0
140;naval_supply_hub;1538.00;9.50;290.00;-0.79;0
140;naval_supply_hub;1536.00;9.50;377.00;-1.86;0
140;naval_supply_hub;1546.00;9.50;517.00;-1.27;0
140;naval_supply_hub;1534.00;9.50;255.00;-3.14;0
140;naval_supply_hub;1533.00;9.70;172.00;-3.93;0
140;naval_supply_hub;1590.00;9.78;136.00;1.57;0
140;naval_supply_hub;1597.00;9.50;127.00;1.57;0
140;naval_supply_hub;1602.00;9.50;132.00;1.57;0
140;naval_headquarters;1549.00;9.80;151.00;-1.82;0
140;naval_headquarters;1538.00;9.50;420.00;-1.46;0
140;naval_headquarters;1531.00;9.50;313.00;-0.79;0
140;naval_headquarters;1525.00;9.50;209.00;0.46;0
140;naval_headquarters;1538.00;9.50;234.00;-1.67;0
140;naval_headquarters;1528.00;9.50;351.00;-1.22;0
140;naval_headquarters;1540.00;9.50;439.00;-0.37;0
140;naval_headquarters;1542.00;9.50;489.00;-1.66;0
140;naval_headquarters;1532.00;9.50;254.00;-3.14;0
140;naval_headquarters;1540.00;9.55;387.00;-1.86;0
140;naval_headquarters;1598.00;9.50;132.00;1.57;0
140;naval_headquarters;1552.00;9.50;595.00;-1.38;0
140;naval_headquarters;1556.00;9.50;649.00;-0.98;0
140;naval_headquarters;1528.00;9.50;273.00;-3.93;0
140;naval_headquarters;1550.00;9.50;535.00;-1.57;0
140;naval_headquarters;1530.00;9.50;173.00;-3.93;0
140;naval_headquarters;1599.00;9.50;127.00;1.57;0
140;naval_headquarters;1595.00;9.50;129.00;1.57;0
140;naval_headquarters;1527.00;9.50;196.00;1.57;0
140;naval_headquarters;1591.00;9.82;135.00;1.57;0
140;naval_headquarters;1545.00;9.50;511.00;-1.27;0
140;nuclear_reactor_spawn;1547.00;9.60;460.00;4.25;0
140;special_project_facility_spawn;1562.00;9.68;631.00;3.24;0
140;special_project_facility_spawn;1558.00;9.82;507.00;5.96;0
140;special_project_facility_spawn;1575.00;11.12;168.00;3.33;0
140;special_project_facility_spawn;1553.00;9.70;414.00;0.52;0
140;special_project_facility_spawn;1541.00;9.82;355.00;1.80;0
140;special_project_facility_spawn;1540.00;9.60;220.00;0.39;0
140;special_project_facility_spawn;1545.00;9.60;442.00;3.07;0
140;special_project_facility_spawn;1541.00;9.70;305.00;1.28;0
140;special_project_facility_spawn;1553.00;9.50;554.00;3.05;0
140;special_project_facility_spawn;1556.00;9.57;577.00;3.30;0
140;special_project_facility_spawn;1578.00;10.20;529.00;4.36;0
140;special_project_facility_spawn;1553.00;9.80;363.00;0.63;0
140;special_project_facility_spawn;1532.00;9.50;171.00;1.49;0
140;special_project_facility_spawn;1531.00;9.55;206.00;5.63;0
140;special_project_facility_spawn;1529.00;9.50;283.00;0.12;0
140;special_project_facility_spawn;1594.00;10.32;132.00;0.49;0
140;special_project_facility_spawn;1600.00;9.50;125.00;0.50;0
140;special_project_facility_spawn;1598.00;10.20;133.00;1.72;0
140;special_project_facility_spawn;1527.00;9.50;195.00;2.65;0
140;special_project_facility_spawn;1592.00;10.35;135.00;3.95;0
140;special_project_facility_spawn;1532.00;9.50;255.00;2.10;0
140;rocket_site_spawn;1555.00;9.50;581.00;1.60;0
140;floating_harbor;1543.00;9.50;548.00;1.57;741
140;floating_harbor;1549.18;9.50;638.12;-4.12;752
140;floating_harbor;1524.42;9.50;334.61;-4.36;779
140;floating_harbor;1472.00;9.50;277.00;0.97;802
140;floating_harbor;1535.03;9.50;499.63;1.48;830
140;floating_harbor;1535.99;9.50;478.73;0.61;842
140;floating_harbor;1545.12;9.50;588.69;-4.52;874
140;floating_harbor;1539.32;9.50;513.91;-4.41;916
140;floating_harbor;1538.21;9.50;171.70;1.33;924
140;floating_harbor;1534.04;9.50;411.23;-4.60;934
140;floating_harbor;1530.30;9.50;379.01;1.28;979
140;floating_harbor;1472.00;9.50;277.00;-4.53;1152
140;floating_harbor;1528.00;9.50;107.00;-3.12;1635
140;floating_harbor;1528.00;9.50;107.00;-3.14;1636
140;floating_harbor;1536.95;9.50;283.95;-0.79;1651
140;floating_harbor;1531.00;9.50;263.00;0.00;1773
140;floating_harbor;1606.00;9.50;133.00;-1.57;1913
140;floating_harbor;1536.95;9.50;177.95;-0.79;1925
140;floating_harbor;1601.00;9.50;130.00;-1.57;1979
140;floating_harbor;1599.00;9.73;135.00;-1.57;2027
141;arms_factory;1384.00;12.70;1111.00;3.72;0
141;arms_factory;1444.00;10.78;1116.00;1.71;0
141;arms_factory;1437.00;11.03;1120.00;0.21;0
141;arms_factory;1403.00;10.85;1099.00;5.28;0
141;arms_factory;1425.00;11.20;1121.00;2.33;0
141;arms_factory;1404.00;11.85;1109.00;3.98;0
141;industrial_complex;1421.00;10.65;1121.00;4.40;0
141;industrial_complex;1400.00;11.98;1104.00;3.90;0
141;industrial_complex;1399.00;12.07;1107.00;4.67;0
141;industrial_complex;1448.00;12.40;1097.00;2.17;0
141;industrial_complex;1407.00;11.05;1113.00;3.88;0
141;industrial_complex;1449.00;12.07;1106.00;2.97;0
141;air_base;1443.00;10.82;1108.00;4.58;0
141;supply_node;1391.00;9.75;1091.00;3.91;0
141;supply_node;1414.00;10.50;1107.00;5.06;0
141;bunker;1390.00;10.65;1105.00;5.97;0
141;bunker;1391.00;9.75;1091.00;3.21;0
141;coastal_bunker;1423.00;9.82;1116.00;-0.98;0
141;coastal_bunker;1393.00;10.10;1090.00;-1.57;0
141;stronghold_network;1380.00;11.43;1122.00;4.86;0
141;dockyard;1429.00;10.53;1119.00;-0.98;0
141;anti_air_building;1443.00;10.65;1107.00;5.08;0
141;anti_air_building;1400.00;12.30;1105.00;1.62;0
141;anti_air_building;1395.00;11.45;1109.00;0.18;0
141;synthetic_refinery;1409.00;10.53;1090.00;5.66;0
141;fuel_silo;1406.00;11.32;1105.00;3.45;0
141;radar_station;1415.00;10.38;1108.00;2.75;0
141;naval_supply_hub;1442.00;9.93;1107.00;-0.98;0
141;naval_supply_hub;1391.00;10.20;1093.00;-1.57;0
141;naval_headquarters;1392.00;9.50;1089.00;-1.57;0
141;naval_headquarters;1437.00;9.50;1110.00;-0.98;0
141;nuclear_reactor_spawn;1450.00;12.05;1105.00;2.72;0
141;special_project_facility_spawn;1380.00;12.65;1115.00;6.11;0
141;special_project_facility_spawn;1391.00;9.75;1091.00;4.12;0
141;rocket_site_spawn;1451.00;12.70;1095.00;1.12;0
141;floating_harbor;1245.00;9.50;1064.00;-4.53;2135
141;floating_harbor;1393.18;9.50;1093.12;-4.12;2744
142;arms_factory;4266.00;9.62;1356.00;0.21;0
142;arms_factory;4270.00;9.95;1350.00;5.28;0
142;arms_factory;4272.00;9.80;1354.00;2.33;0
142;arms_factory;4265.00;10.18;1336.00;3.98;0
142;arms_factory;4267.00;9.82;1329.00;4.40;0
142;arms_factory;4268.00;10.10;1349.00;3.90;0
142;industrial_complex;4265.00;10.07;1341.00;4.67;0
142;industrial_complex;4273.00;9.68;1352.00;2.17;0
142;industrial_complex;4265.00;9.85;1346.00;3.88;0
142;industrial_complex;4260.00;9.62;1327.00;2.97;0
142;industrial_complex;4265.00;9.90;1350.00;4.58;0
142;industrial_complex;4265.00;9.93;1343.00;4.38;0
142;air_base;4264.00;9.80;1347.00;3.15;0
142;supply_node;4266.00;9.95;1343.00;0.33;0
142;bunker;4258.00;9.50;1326.00;3.21;0
142;coastal_bunker;4275.00;9.55;1367.00;1.57;0
142;stronghold_network;4271.00;9.85;1349.00;5.63;0
142;dockyard;4263.00;9.50;1356.00;1.57;0
142;anti_air_building;4258.00;9.55;1345.00;1.37;0
142;anti_air_building;4271.00;9.78;1336.00;5.08;0
142;anti_air_building;4260.00;9.65;1328.00;1.62;0
142;synthetic_refinery;4272.00;9.78;1353.00;0.18;0
142;fuel_silo;4263.00;9.93;1329.00;5.66;0
142;radar_station;4268.00;9.90;1342.00;4.66;0
142;naval_supply_hub;4260.00;9.50;1322.00;1.57;0
142;naval_headquarters;4259.00;9.50;1349.00;1.57;0
142;nuclear_reactor_spawn;4264.00;9.93;1342.00;3.61;0
142;special_project_facility_spawn;4259.00;9.85;1337.00;2.53;0
142;rocket_site_spawn;4265.00;10.30;1334.00;3.26;0
143;arms_factory;1377.00;10.70;1342.00;2.33;0
143;arms_factory;1415.00;12.35;1337.00;3.98;0
143;arms_factory;1414.00;11.07;1341.00;4.40;0
143;arms_factory;1418.00;12.28;1335.00;3.90;0
143;arms_factory;1419.00;11.23;1326.00;4.67;0
143;arms_factory;1407.00;11.50;1335.00;2.17;0
143;industrial_complex;1407.00;12.23;1339.00;3.88;0
143;industrial_complex;1359.00;10.60;1336.00;2.97;0
143;industrial_complex;1367.00;10.75;1336.00;4.58;0
143;industrial_complex;1480.00;11.25;1298.00;4.38;0
143;industrial_complex;1466.00;10.90;1314.00;3.15;0
143;industrial_complex;1445.00;11.60;1322.00;5.97;0
143;air_base;1356.00;10.00;1330.00;3.21;0
143;supply_node;1429.00;9.50;1322.00;5.76;0
143;supply_node;1444.00;9.50;1331.00;4.54;0
143;supply_node;1375.00;10.05;1322.00;0.54;0
143;supply_node;1431.00;9.50;1306.00;4.31;0
143;bunker;1452.00;13.18;1313.00;5.08;0
143;bunker;1375.00;10.03;1321.00;1.62;0
143;bunker;1430.00;9.50;1307.00;0.18;0
143;bunker;1448.00;10.32;1329.00;5.66;0
143;coastal_bunker;1474.00;10.07;1313.00;1.26;0
143;coastal_bunker;1442.00;9.50;1333.00;-3.14;0
143;coastal_bunker;1375.00;9.60;1320.00;-2.36;0
143;coastal_bunker;1428.00;9.50;1308.00;-3.14;0
143;stronghold_network;1381.00;10.70;1342.00;2.53;0
143;dockyard;1476.00;9.50;1295.00;1.26;0
143;anti_air_building;1399.00;12.10;1337.00;2.72;0
143;anti_air_building;1445.00;11.98;1321.00;6.11;0
143;anti_air_building;1473.00;10.35;1296.00;4.12;0
143;synthetic_refinery;1415.00;12.45;1334.00;1.12;0
143;fuel_silo;1431.00;11.05;1325.00;1.36;0
143;radar_station;1422.00;9.50;1322.00;1.53;0
143;naval_supply_hub;1394.00;9.50;1332.00;1.26;0
143;naval_supply_hub;1430.00;9.95;1308.00;-3.14;0
143;naval_supply_hub;1379.00;10.20;1323.00;-2.36;0
143;naval_supply_hub;1443.00;10.00;1334.00;-3.14;0
143;naval_headquarters;1440.00;10.28;1330.00;1.26;0
143;naval_headquarters;1430.00;9.95;1308.00;-3.14;0
143;naval_headquarters;1446.00;10.10;1331.00;-3.14;0
143;naval_headquarters;1373.00;9.57;1326.00;-2.36;0
143;nuclear_reactor_spawn;1391.00;10.70;1334.00;1.27;0
143;special_project_facility_spawn;1444.00;11.10;1324.00;5.86;0
143;special_project_facility_spawn;1448.00;10.32;1329.00;6.23;0
143;special_project_facility_spawn;1374.00;10.10;1325.00;3.92;0
143;special_project_facility_spawn;1428.00;9.53;1309.00;0.78;0
143;rocket_site_spawn;1427.00;12.57;1328.00;0.12;0
143;floating_harbor;1489.00;9.50;1281.00;-2.26;1527
143;floating_harbor;1444.00;9.50;1339.00;0.00;1751
143;floating_harbor;1369.05;9.50;1327.95;0.79;1763
143;floating_harbor;1430.00;9.50;1314.00;0.00;2233
144;arms_factory;2290.00;10.57;2179.00;4.40;0
144;arms_factory;2293.00;10.60;2147.00;3.90;0
144;arms_factory;2331.00;11.00;2187.00;4.67;0
144;arms_factory;2296.00;10.40;2148.00;2.17;0
144;arms_factory;2305.00;11.05;2168.00;3.88;0
144;arms_factory;2336.00;11.28;2181.00;2.97;0
144;industrial_complex;2343.00;10.07;2191.00;4.58;0
144;industrial_complex;2309.00;10.18;2198.00;4.38;0
144;industrial_complex;2276.00;9.78;2139.00;3.15;0
144;industrial_complex;2275.00;10.48;2146.00;5.97;0
144;industrial_complex;2325.00;11.30;2167.00;3.21;0
144;industrial_complex;2317.00;10.57;2189.00;0.94;0
144;air_base;2250.00;10.00;2175.00;5.63;0
144;supply_node;2279.00;10.00;2185.00;0.54;0
144;supply_node;2313.00;10.88;2156.00;4.31;0
144;supply_node;2237.00;9.50;2185.00;4.76;0
144;supply_node;2333.00;11.15;2184.00;1.36;0
144;supply_node;2266.00;10.32;2164.00;3.68;0
144;supply_node;2262.00;9.80;2147.00;0.74;0
144;supply_node;2304.00;10.50;2191.00;4.66;0
144;supply_node;2298.00;11.05;2160.00;2.75;0
144;bunker;2314.00;11.10;2166.00;3.23;0
144;bunker;2300.00;10.68;2149.00;3.61;0
144;bunker;2311.00;10.85;2177.00;2.53;0
144;bunker;2347.00;10.75;2183.00;3.26;0
144;bunker;2219.00;9.80;2193.00;2.72;0
144;bunker;2275.00;10.65;2156.00;6.11;0
144;bunker;2267.00;10.43;2154.00;4.12;0
144;bunker;2284.00;10.62;2177.00;1.12;0
144;coastal_bunker;2245.00;9.68;2202.00;-1.89;0
144;coastal_bunker;2344.00;9.95;2168.00;0.71;0
144;coastal_bunker;2260.00;9.50;2144.00;0.24;0
144;coastal_bunker;2266.00;9.68;2203.00;-2.86;0
144;coastal_bunker;2295.00;9.95;2143.00;-0.16;0
144;coastal_bunker;2305.00;9.50;2203.00;-2.57;0
144;coastal_bunker;2322.00;9.50;2153.00;0.17;0
144;stronghold_network;2235.00;9.90;2197.00;2.56;0
144;dockyard;2230.00;9.50;2205.00;-1.89;0
144;anti_air_building;2327.00;10.10;2159.00;5.56;0
144;anti_air_building;2285.00;10.50;2183.00;1.27;0
144;anti_air_building;2258.00;9.85;2151.00;5.86;0
144;synthetic_refinery;2233.00;9.65;2149.00;6.23;0
144;fuel_silo;2329.00;11.00;2187.00;3.92;0
144;radar_station;2282.00;10.50;2176.00;5.88;0
144;naval_supply_hub;2273.00;9.68;2195.00;-2.86;0
144;naval_supply_hub;2336.00;9.82;2207.00;-3.39;0
144;naval_supply_hub;2294.00;9.88;2139.00;-0.16;0
144;naval_supply_hub;2229.00;9.50;2147.00;-1.71;0
144;naval_supply_hub;2305.00;9.50;2203.00;-2.57;0
144;naval_supply_hub;2212.00;9.50;2187.00;-1.89;0
144;naval_supply_hub;2312.00;9.50;2149.00;0.17;0
144;naval_headquarters;2241.00;9.68;2187.00;-1.89;0
144;naval_headquarters;2300.00;9.50;2144.00;-0.16;0
144;naval_headquarters;2264.00;9.50;2205.00;-2.25;0
144;naval_headquarters;2321.00;9.82;2153.00;0.17;0
144;naval_headquarters;2355.00;9.88;2191.00;-3.39;0
144;naval_headquarters;2295.00;9.50;2199.00;-2.57;0
144;naval_headquarters;2263.00;9.50;2141.00;0.24;0
144;nuclear_reactor_spawn;2260.00;10.03;2183.00;0.26;0
144;special_project_facility_spawn;2277.00;9.90;2177.00;0.79;0
144;special_project_facility_spawn;2242.00;9.75;2175.00;2.01;0
144;special_project_facility_spawn;2241.00;9.68;2152.00;0.23;0
144;special_project_facility_spawn;2268.00;10.40;2155.00;0.27;0
144;special_project_facility_spawn;2347.00;9.90;2172.00;5.76;0
144;special_project_facility_spawn;2309.00;10.40;2193.00;5.90;0
144;special_project_facility_spawn;2297.00;10.00;2146.00;4.05;0
144;special_project_facility_spawn;2309.00;10.90;2156.00;3.98;0
144;rocket_site_spawn;2347.00;10.78;2184.00;6.25;0
144;floating_harbor;2272.02;9.50;2208.72;0.29;1449
144;floating_harbor;2315.15;9.50;2143.10;-2.98;1450
144;floating_harbor;2223.36;9.50;2190.21;1.25;1451
144;floating_harbor;2338.70;9.50;2206.79;-0.24;1452
144;floating_harbor;2264.70;9.50;2136.21;-2.90;1454
144;floating_harbor;2293.24;9.50;2207.91;0.57;1455
145;arms_factory;1885.00;11.15;827.00;4.67;0
145;arms_factory;1718.00;10.88;788.00;2.17;0
145;arms_factory;1920.00;11.23;727.00;3.88;0
145;arms_factory;1930.00;12.95;610.00;2.97;0
145;arms_factory;1892.00;15.82;629.00;4.58;0
145;arms_factory;1800.00;10.93;905.00;4.38;0
145;industrial_complex;1786.00;10.40;780.00;3.15;0
145;industrial_complex;1671.00;10.48;814.00;5.97;0
145;industrial_complex;1762.00;10.93;987.00;3.21;0
145;industrial_complex;1941.00;10.57;840.00;0.94;0
145;industrial_complex;1843.00;10.40;778.00;5.63;0
145;industrial_complex;1946.00;10.43;780.00;4.86;0
145;air_base;1921.00;10.62;822.00;1.37;0
145;supply_node;1783.00;10.07;974.00;4.76;0
145;supply_node;1787.00;11.10;480.00;1.36;0
145;supply_node;1939.00;9.85;919.00;3.68;0
145;supply_node;1879.00;11.23;859.00;0.74;0
145;supply_node;1584.00;10.60;949.00;4.66;0
145;supply_node;1628.00;10.70;897.00;2.75;0
145;supply_node;1833.00;12.50;539.00;4.18;0
145;supply_node;2003.00;9.88;845.00;3.14;0
145;supply_node;1829.00;11.05;485.00;2.82;0
145;supply_node;2036.00;9.70;873.00;1.13;0
145;supply_node;1670.00;10.30;830.00;4.59;0
145;supply_node;1748.00;10.57;833.00;2.09;0
145;supply_node;1915.00;10.98;782.00;6.04;0
145;supply_node;1873.00;10.90;719.00;1.36;0
145;supply_node;1597.00;12.07;984.00;3.95;0
145;supply_node;1794.00;10.28;866.00;1.53;0
145;supply_node;1927.00;10.35;833.00;1.24;0
145;supply_node;1681.00;10.40;924.00;5.77;0
145;supply_node;1674.00;10.60;1024.00;0.02;0
145;supply_node;1935.00;11.07;868.00;6.15;0
145;supply_node;1948.00;12.95;661.00;4.07;0
145;supply_node;1772.00;10.43;626.00;2.53;0
145;supply_node;1807.00;10.80;915.00;3.10;0
145;supply_node;1808.00;12.23;567.00;2.49;0
145;supply_node;1895.00;11.15;888.00;5.05;0
145;supply_node;1770.00;10.30;773.00;3.12;0
145;supply_node;1939.00;9.90;895.00;2.94;0
145;supply_node;1724.00;10.55;923.00;5.93;0
145;supply_node;2026.00;9.95;811.00;5.88;0
145;supply_node;1843.00;12.23;511.00;3.50;0
145;supply_node;2005.00;9.80;879.00;3.28;0
145;supply_node;1775.00;12.38;865.00;5.18;0
145;supply_node;1877.00;9.90;929.00;1.47;0
145;supply_node;1772.00;11.60;903.00;5.67;0
145;supply_node;1784.00;11.88;526.00;0.60;0
145;supply_node;1784.00;12.88;678.00;3.31;0
145;supply_node;1740.00;11.57;881.00;5.47;0
145;supply_node;1713.00;10.50;969.00;1.78;0
145;supply_node;1783.00;11.35;586.00;2.85;0
145;supply_node;1836.00;9.95;951.00;4.50;0
145;supply_node;1675.00;11.12;982.00;2.66;0
145;supply_node;1554.00;10.28;855.00;0.17;0
145;supply_node;2008.00;10.43;797.00;0.61;0
145;supply_node;1703.00;10.10;901.00;1.46;0
145;supply_node;1637.00;11.55;979.00;1.61;0
145;supply_node;2045.00;9.60;847.00;4.52;0
145;supply_node;1973.00;10.85;723.00;5.09;0
145;supply_node;2012.00;9.70;861.00;4.41;0
145;supply_node;1986.00;9.80;908.00;1.82;0
145;supply_node;1855.00;11.20;838.00;1.27;0
145;supply_node;1827.00;10.68;878.00;3.54;0
145;supply_node;1976.00;10.00;796.00;5.22;0
145;supply_node;1869.00;15.32;613.00;3.14;0
145;supply_node;2006.00;10.03;829.00;4.56;0
145;supply_node;1970.00;10.40;877.00;4.60;0
145;supply_node;1634.00;11.30;952.00;4.64;0
145;supply_node;1840.00;9.57;974.00;5.40;0
145;supply_node;1829.00;9.50;967.00;1.85;0
145;supply_node;1847.00;9.55;971.00;3.74;0
145;supply_node;1838.00;9.57;980.00;3.38;0
145;bunker;1682.00;10.78;966.00;5.63;0
145;bunker;1956.00;11.05;821.00;0.08;0
145;bunker;1558.00;10.00;873.00;4.53;0
145;bunker;1779.00;11.35;738.00;4.21;0
145;bunker;1705.00;10.12;849.00;2.39;0
145;bunker;1942.00;9.90;898.00;1.38;0
145;bunker;1579.00;10.75;927.00;5.82;0
145;bunker;1656.00;11.15;966.00;1.34;0
145;bunker;1736.00;10.50;653.00;3.61;0
145;bunker;1907.00;13.70;649.00;5.43;0
145;bunker;1874.00;11.35;831.00;4.92;0
145;bunker;1932.00;10.48;829.00;2.28;0
145;bunker;1963.00;12.12;698.00;5.46;0
145;bunker;1681.00;10.62;1035.00;2.25;0
145;bunker;1716.00;10.15;917.00;0.78;0
145;bunker;1750.00;10.30;644.00;4.57;0
145;bunker;1897.00;10.90;809.00;5.44;0
145;bunker;1866.00;10.45;914.00;1.58;0
145;bunker;1757.00;10.40;814.00;2.57;0
145;bunker;1896.00;10.88;889.00;3.52;0
145;bunker;1750.00;11.85;989.00;4.83;0
145;bunker;1885.00;12.30;873.00;2.75;0
145;bunker;1735.00;10.85;993.00;3.00;0
145;bunker;2036.00;9.73;818.00;2.07;0
145;bunker;1789.00;11.82;507.00;2.77;0
145;bunker;1948.00;10.50;872.00;2.99;0
145;bunker;1729.00;10.70;899.00;3.61;0
145;bunker;1667.00;10.53;903.00;2.24;0
145;bunker;1904.00;12.12;725.00;0.19;0
145;bunker;1780.00;11.18;846.00;0.00;0
145;bunker;1971.00;11.55;702.00;3.00;0
145;bunker;2024.00;9.55;889.00;1.20;0
145;bunker;1807.00;10.48;875.00;4.81;0
145;bunker;1809.00;13.50;558.00;2.38;0
145;bunker;1604.00;11.62;986.00;5.49;0
145;bunker;1765.00;13.23;908.00;4.00;0
145;bunker;1980.00;9.90;902.00;3.73;0
145;bunker;1801.00;10.40;860.00;1.41;0
145;bunker;1694.00;10.23;924.00;5.36;0
145;bunker;1938.00;9.98;926.00;1.10;0
145;bunker;2028.00;9.80;845.00;0.37;0
145;bunker;1852.00;9.78;961.00;4.02;0
145;bunker;1750.00;12.03;884.00;5.49;0
145;bunker;1987.00;10.35;887.00;4.25;0
145;bunker;1835.00;10.57;923.00;3.24;0
145;bunker;1842.00;14.20;553.00;5.96;0
145;bunker;2027.00;9.70;874.00;3.33;0
145;bunker;1823.00;11.88;502.00;0.52;0
145;bunker;1775.00;11.28;591.00;1.80;0
145;bunker;1850.00;11.10;510.00;0.39;0
145;bunker;2011.00;9.75;778.00;3.07;0
145;bunker;1783.00;12.00;558.00;1.28;0
145;bunker;2008.00;9.70;860.00;3.05;0
145;bunker;1647.00;10.80;998.00;3.30;0
145;bunker;2036.00;9.73;852.00;4.36;0
145;bunker;1839.00;9.60;974.00;0.63;0
145;bunker;2000.00;10.38;836.00;1.49;0
145;bunker;1833.00;9.50;971.00;5.63;0
145;bunker;1848.00;9.57;972.00;0.12;0
145;bunker;1838.00;9.57;980.00;0.49;0
145;coastal_bunker;1862.00;9.50;961.00;-1.57;0
145;coastal_bunker;1987.00;9.85;659.00;0.55;0
145;coastal_bunker;2040.00;9.50;813.00;0.07;0
145;coastal_bunker;1999.00;9.50;717.00;-4.55;0
145;coastal_bunker;1884.00;9.50;958.00;-3.33;0
145;coastal_bunker;1900.00;9.70;587.00;0.95;0
145;coastal_bunker;1847.00;9.53;973.00;-1.57;0
145;coastal_bunker;1951.00;9.50;927.00;-2.94;0
145;coastal_bunker;1868.00;10.23;561.00;-4.38;0
145;coastal_bunker;1831.00;9.90;475.00;-0.24;0
145;coastal_bunker;1979.00;9.50;927.00;-3.87;0
145;coastal_bunker;2022.00;9.50;895.00;-3.96;0
145;coastal_bunker;1997.00;9.53;755.00;0.56;0
145;coastal_bunker;1854.00;10.18;514.00;1.57;0
145;coastal_bunker;1828.00;9.50;969.00;1.57;0
145;coastal_bunker;1814.00;9.90;465.00;0.55;0
145;coastal_bunker;2055.00;9.50;842.00;-4.39;0
145;coastal_bunker;2048.00;9.50;888.00;-4.05;0
145;coastal_bunker;1818.00;9.50;962.00;-4.44;0
145;coastal_bunker;1838.00;9.55;981.00;1.57;0
145;coastal_bunker;1845.00;9.50;975.00;-3.93;0
145;coastal_bunker;2003.00;9.50;771.00;-0.07;0
145;stronghold_network;1941.00;9.90;900.00;2.18;0
145;dockyard;1808.00;9.65;947.00;-1.57;0
145;anti_air_building;1615.00;9.70;842.00;4.65;0
145;anti_air_building;1601.00;10.28;892.00;0.83;0
145;anti_air_building;2042.00;9.78;830.00;3.46;0
145;synthetic_refinery;1904.00;10.20;899.00;3.23;0
145;fuel_silo;1680.00;10.50;1027.00;1.89;0
145;radar_station;1779.00;11.55;736.00;0.20;0
145;naval_supply_hub;1824.00;9.50;471.00;-0.24;0
145;naval_supply_hub;1997.00;9.70;727.00;-4.55;0
145;naval_supply_hub;1984.00;9.50;926.00;-3.87;0
145;naval_supply_hub;1848.00;9.50;942.00;-3.33;0
145;naval_supply_hub;1857.00;9.75;531.00;-4.38;0
145;naval_supply_hub;1842.00;9.57;999.00;-4.44;0
145;naval_supply_hub;2049.00;9.50;885.00;-4.05;0
145;naval_supply_hub;2051.00;9.50;830.00;-4.39;0
145;naval_supply_hub;1827.00;9.68;933.00;-1.57;0
145;naval_supply_hub;1947.00;9.50;929.00;-2.94;0
145;naval_supply_hub;1818.00;9.50;471.00;0.55;0
145;naval_supply_hub;1969.00;9.85;621.00;0.55;0
145;naval_supply_hub;1893.00;10.78;585.00;0.95;0
145;naval_supply_hub;2015.00;9.50;898.00;-3.96;0
145;naval_supply_hub;2022.00;9.50;791.00;0.07;0
145;naval_supply_hub;1853.00;10.20;512.00;1.57;0
145;naval_supply_hub;1830.00;9.60;970.00;1.57;0
145;naval_supply_hub;1839.00;9.60;975.00;-3.93;0
145;naval_supply_hub;1839.00;9.60;981.00;1.57;0
145;naval_supply_hub;1849.00;9.50;971.00;-1.57;0
145;naval_supply_hub;2005.00;9.50;765.00;-0.07;0
145;naval_supply_hub;1999.00;9.57;765.00;0.56;0
145;naval_headquarters;1816.00;9.50;453.00;-0.24;0
145;naval_headquarters;1813.00;9.57;946.00;-1.57;0
145;naval_headquarters;1840.00;9.60;981.00;1.57;0
145;naval_headquarters;1938.00;9.55;933.00;-2.94;0
145;naval_headquarters;2055.00;9.50;859.00;-4.39;0
145;naval_headquarters;1872.00;11.50;568.00;0.95;0
145;naval_headquarters;1839.00;9.60;986.00;-4.44;0
145;naval_headquarters;1936.00;10.20;604.00;0.55;0
145;naval_headquarters;1884.00;9.50;960.00;-3.33;0
145;naval_headquarters;1834.00;9.60;973.00;1.57;0
145;naval_headquarters;1800.00;9.82;440.00;0.55;0
145;naval_headquarters;1849.00;9.50;971.00;-1.57;0
145;naval_headquarters;2001.00;9.57;771.00;0.56;0
145;naval_headquarters;1997.00;9.93;713.00;-4.55;0
145;naval_headquarters;1871.00;9.70;563.00;-4.38;0
145;naval_headquarters;1989.00;9.50;922.00;-3.87;0
145;naval_headquarters;2023.00;9.50;893.00;-3.96;0
145;naval_headquarters;2013.00;9.53;774.00;0.07;0
145;naval_headquarters;1844.00;9.55;977.00;-3.93;0
145;naval_headquarters;2005.00;9.50;768.00;-0.07;0
145;naval_headquarters;2051.00;9.50;882.00;-4.05;0
145;naval_headquarters;1851.00;9.50;502.00;1.57;0
145;nuclear_reactor_spawn;1689.00;10.30;806.00;0.08;0
145;special_project_facility_spawn;1793.00;10.12;995.00;0.97;0
145;special_project_facility_spawn;1826.00;10.35;758.00;4.11;0
145;special_project_facility_spawn;1734.00;11.28;966.00;2.14;0
145;special_project_facility_spawn;1705.00;10.32;939.00;5.13;0
145;special_project_facility_spawn;1664.00;10.88;794.00;1.68;0
145;special_project_facility_spawn;1856.00;11.32;552.00;5.31;0
145;special_project_facility_spawn;1900.00;13.35;590.00;4.75;0
145;special_project_facility_spawn;1776.00;11.50;912.00;0.93;0
145;special_project_facility_spawn;1808.00;13.68;556.00;3.68;0
145;special_project_facility_spawn;1827.00;11.98;496.00;1.64;0
145;special_project_facility_spawn;1771.00;12.35;671.00;5.07;0
145;special_project_facility_spawn;1831.00;10.90;728.00;2.37;0
145;special_project_facility_spawn;1685.00;10.62;942.00;3.90;0
145;special_project_facility_spawn;1971.00;10.98;847.00;1.09;0
145;special_project_facility_spawn;1935.00;11.55;864.00;2.26;0
145;special_project_facility_spawn;1631.00;10.68;903.00;5.07;0
145;special_project_facility_spawn;1978.00;9.88;895.00;3.52;0
145;special_project_facility_spawn;1743.00;12.48;882.00;1.43;0
145;special_project_facility_spawn;1817.00;10.98;622.00;4.22;0
145;special_project_facility_spawn;1774.00;11.57;495.00;1.16;0
145;special_project_facility_spawn;1581.00;10.03;888.00;6.00;0
145;special_project_facility_spawn;1941.00;12.03;712.00;0.24;0
145;special_project_facility_spawn;1829.00;10.80;848.00;4.37;0
145;special_project_facility_spawn;1934.00;13.65;664.00;6.13;0
145;special_project_facility_spawn;1835.00;10.45;920.00;3.16;0
145;special_project_facility_spawn;1789.00;10.70;844.00;4.59;0
145;special_project_facility_spawn;1583.00;10.60;926.00;1.67;0
145;special_project_facility_spawn;1925.00;10.73;768.00;5.03;0
145;special_project_facility_spawn;1905.00;10.90;826.00;6.03;0
145;special_project_facility_spawn;1868.00;9.50;954.00;5.77;0
145;special_project_facility_spawn;1854.00;11.15;836.00;0.44;0
145;special_project_facility_spawn;1901.00;12.28;860.00;5.94;0
145;special_project_facility_spawn;2009.00;9.80;880.00;4.50;0
145;special_project_facility_spawn;1977.00;10.30;771.00;4.22;0
145;special_project_facility_spawn;1774.00;11.57;498.00;1.49;0
145;special_project_facility_spawn;2027.00;9.75;831.00;3.72;0
145;special_project_facility_spawn;2013.00;9.90;826.00;4.78;0
145;special_project_facility_spawn;1937.00;9.90;900.00;1.24;0
145;special_project_facility_spawn;1745.00;10.55;815.00;4.57;0
145;special_project_facility_spawn;1608.00;11.50;966.00;4.72;0
145;special_project_facility_spawn;1932.00;9.80;911.00;4.08;0
145;special_project_facility_spawn;1864.00;11.03;884.00;0.90;0
145;special_project_facility_spawn;1700.00;10.40;994.00;2.85;0
145;special_project_facility_spawn;1624.00;11.82;955.00;0.83;0
145;special_project_facility_spawn;2045.00;9.78;871.00;2.88;0
145;special_project_facility_spawn;1624.00;11.40;973.00;3.84;0
145;special_project_facility_spawn;1679.00;10.68;1011.00;2.01;0
145;special_project_facility_spawn;2010.00;10.18;799.00;2.87;0
145;special_project_facility_spawn;1767.00;13.12;876.00;1.33;0
145;special_project_facility_spawn;1976.00;9.70;914.00;0.57;0
145;special_project_facility_spawn;1842.00;11.15;501.00;6.05;0
145;special_project_facility_spawn;1784.00;12.03;565.00;4.86;0
145;special_project_facility_spawn;2031.00;9.80;850.00;4.62;0
145;special_project_facility_spawn;1860.00;9.55;967.00;0.30;0
145;special_project_facility_spawn;1711.00;10.30;897.00;1.79;0
145;special_project_facility_spawn;2022.00;9.70;869.00;0.49;0
145;special_project_facility_spawn;1829.00;9.50;965.00;0.93;0
145;special_project_facility_spawn;1847.00;9.57;972.00;0.97;0
145;special_project_facility_spawn;1843.00;9.57;975.00;3.86;0
145;special_project_facility_spawn;1838.00;9.57;980.00;0.04;0
145;rocket_site_spawn;1957.00;11.80;708.00;1.40;0
145;floating_harbor;1911.00;9.50;1026.00;-1.13;728
145;floating_harbor;1992.00;9.50;503.00;-1.29;743
145;floating_harbor;1935.63;9.50;935.86;0.20;747
145;floating_harbor;1868.62;9.50;551.28;-1.24;804
145;floating_harbor;1992.00;9.50;503.00;-1.35;807
145;floating_harbor;2055.50;9.50;888.32;-0.90;819
145;floating_harbor;1970.66;9.50;624.03;-2.59;922
145;floating_harbor;2027.50;9.50;790.02;-3.07;976
145;floating_harbor;1860.00;9.50;511.00;-1.57;982
145;floating_harbor;2027.10;9.50;899.80;-0.82;996
145;floating_harbor;1911.00;9.50;1026.00;-0.37;1016
145;floating_harbor;1911.00;9.50;1026.00;-0.80;1070
145;floating_harbor;2005.52;9.50;761.02;-3.21;1103
145;floating_harbor;2060.64;9.50;852.21;-1.25;1122
145;floating_harbor;2003.90;9.50;728.15;-1.41;1129
145;floating_harbor;1998.65;9.50;922.23;-0.73;1143
145;floating_harbor;2001.73;9.50;755.07;-2.58;1155
145;floating_harbor;1909.70;9.50;583.93;-2.19;1161
145;floating_harbor;1845.95;9.50;979.95;-0.79;1788
145;floating_harbor;1911.00;9.50;1026.00;-0.94;1795
145;floating_harbor;1911.00;9.50;1026.00;-0.86;1970
145;floating_harbor;1846.00;9.50;980.00;-1.57;2010
146;arms_factory;2387.00;9.80;1164.00;2.97;0
146;arms_factory;2315.00;9.60;1189.00;4.58;0
146;arms_factory;2348.00;9.90;1195.00;4.38;0
146;arms_factory;2376.00;9.80;1179.00;3.15;0
146;arms_factory;2330.00;10.00;1196.00;5.97;0
146;arms_factory;2337.00;9.80;1204.00;3.21;0
146;industrial_complex;2334.00;9.90;1205.00;0.94;0
146;industrial_complex;2364.00;9.90;1177.00;5.63;0
146;industrial_complex;2339.00;9.82;1218.00;4.86;0
146;industrial_complex;2346.00;10.00;1184.00;1.37;0
146;industrial_complex;2341.00;9.80;1215.00;5.08;0
146;industrial_complex;2325.00;9.85;1164.00;1.62;0
146;air_base;2379.00;9.90;1159.00;0.18;0
146;supply_node;2345.00;10.00;1187.00;0.74;0
146;bunker;2351.00;9.80;1211.00;3.45;0
146;coastal_bunker;2308.00;9.50;1191.00;-1.78;0
146;stronghold_network;2324.00;9.88;1203.00;3.23;0
146;dockyard;2314.00;9.50;1160.00;-1.78;0
146;anti_air_building;2331.00;9.98;1219.00;2.53;0
146;anti_air_building;2357.00;10.00;1182.00;3.26;0
146;anti_air_building;2339.00;9.90;1195.00;2.72;0
146;synthetic_refinery;2317.00;9.55;1207.00;6.11;0
146;fuel_silo;2370.00;9.85;1185.00;4.12;0
146;radar_station;2346.00;9.90;1190.00;1.36;0
146;naval_supply_hub;2318.00;9.50;1186.00;-1.78;0
146;naval_headquarters;2316.00;9.50;1209.00;-1.78;0
146;nuclear_reactor_spawn;2316.00;9.53;1187.00;6.12;0
146;special_project_facility_spawn;2316.00;9.62;1198.00;3.48;0
146;rocket_site_spawn;2378.00;9.80;1175.00;2.01;0
147;arms_factory;2536.00;12.23;1053.00;4.38;0
147;arms_factory;2517.00;10.50;1040.00;3.15;0
147;arms_factory;2529.00;12.05;1055.00;5.97;0
147;arms_factory;2533.00;12.57;1086.00;3.21;0
147;arms_factory;2523.00;12.45;1046.00;0.94;0
147;arms_factory;2531.00;10.95;1105.00;5.63;0
147;industrial_complex;2515.00;12.23;1079.00;4.86;0
147;industrial_complex;2544.00;11.07;1094.00;1.37;0
147;industrial_complex;2535.00;12.78;1060.00;5.08;0
147;industrial_complex;2524.00;10.32;1117.00;1.62;0
147;industrial_complex;2547.00;10.40;1123.00;0.18;0
147;industrial_complex;2544.00;10.98;1099.00;5.66;0
147;air_base;2531.00;11.82;1127.00;3.45;0
147;supply_node;2533.00;12.57;1084.00;2.75;0
147;bunker;2536.00;12.62;1122.00;3.23;0
147;coastal_bunker;2562.00;9.50;1050.00;0.14;0
147;stronghold_network;2553.00;10.10;1090.00;2.53;0
147;dockyard;2564.00;9.65;1052.00;0.14;0
147;anti_air_building;2542.00;11.85;1109.00;2.72;0
147;anti_air_building;2530.00;11.85;1083.00;6.11;0
147;anti_air_building;2533.00;11.82;1129.00;4.12;0
147;synthetic_refinery;2526.00;11.20;1069.00;1.12;0
147;fuel_silo;2519.00;11.07;1052.00;1.36;0
147;radar_station;2536.00;13.93;1085.00;1.53;0
147;naval_supply_hub;2523.00;9.50;1034.00;0.14;0
147;naval_headquarters;2550.00;9.78;1048.00;0.14;0
147;nuclear_reactor_spawn;2549.00;10.90;1109.00;2.01;0
147;special_project_facility_spawn;2544.00;10.25;1048.00;4.87;0
147;rocket_site_spawn;2534.00;11.57;1131.00;3.38;0
148;arms_factory;2604.00;9.90;1095.00;5.97;0
148;arms_factory;2624.00;10.10;1069.00;3.21;0
148;arms_factory;2608.00;10.05;1068.00;0.94;0
148;arms_factory;2640.00;10.20;1069.00;5.63;0
148;arms_factory;2628.00;10.10;1068.00;4.86;0
148;arms_factory;2600.00;10.20;1081.00;1.37;0
148;industrial_complex;2601.00;10.03;1085.00;5.08;0
148;industrial_complex;2608.00;10.03;1090.00;1.62;0
148;industrial_complex;2641.00;10.20;1069.00;0.18;0
148;industrial_complex;2618.00;9.68;1059.00;5.66;0
148;industrial_complex;2625.00;10.10;1067.00;3.45;0
148;industrial_complex;2615.00;9.70;1062.00;5.37;0
148;air_base;2594.00;9.65;1062.00;3.23;0
148;supply_node;2618.00;10.03;1072.00;3.14;0
148;bunker;2603.00;9.90;1090.00;2.53;0
148;coastal_bunker;2597.00;9.50;1060.00;-0.98;0
148;stronghold_network;2614.00;10.40;1068.00;2.72;0
148;dockyard;2619.00;9.50;1056.00;0.21;0
148;anti_air_building;2611.00;9.75;1062.00;4.12;0
148;anti_air_building;2632.00;9.65;1044.00;1.12;0
148;anti_air_building;2595.00;9.75;1067.00;1.36;0
148;synthetic_refinery;2628.00;10.00;1076.00;4.20;0
148;fuel_silo;2618.00;9.68;1059.00;6.12;0
148;radar_station;2619.00;10.20;1069.00;5.77;0
148;naval_supply_hub;2627.00;9.50;1042.00;0.21;0
148;naval_headquarters;2599.00;9.53;1063.00;-0.98;0
148;nuclear_reactor_spawn;2632.00;9.90;1083.00;3.38;0
148;special_project_facility_spawn;2614.00;10.00;1088.00;2.56;0
148;rocket_site_spawn;2629.00;9.95;1054.00;0.48;0
149;arms_factory;2764.00;9.75;1126.00;0.94;0
149;arms_factory;2612.00;9.82;1113.00;5.63;0
149;arms_factory;2617.00;9.62;1162.00;4.86;0
149;arms_factory;2690.00;14.38;1129.00;1.37;0
149;arms_factory;2652.00;9.70;1138.00;5.08;0
149;arms_factory;2674.00;11.12;1097.00;1.62;0
149;industrial_complex;2661.00;11.50;1096.00;0.18;0
149;industrial_complex;2670.00;11.10;1129.00;5.66;0
149;industrial_complex;2738.00;9.80;1172.00;3.45;0
149;industrial_complex;2695.00;9.90;1155.00;5.37;0
149;industrial_complex;2659.00;10.90;1088.00;3.23;0
149;industrial_complex;2646.00;9.70;1159.00;3.61;0
149;supply_node;2677.00;12.40;1129.00;2.82;0
149;bunker;2649.00;10.68;1088.00;3.26;0
149;coastal_bunker;2690.00;9.50;997.00;0.11;0
149;stronghold_network;2743.00;10.10;1133.00;6.11;0
149;dockyard;2693.00;9.50;1007.00;0.11;0
149;anti_air_building;2612.00;9.60;1165.00;1.12;0
149;anti_air_building;2633.00;9.60;1160.00;1.36;0
149;anti_air_building;2742.00;10.03;1152.00;4.20;0
149;synthetic_refinery;2609.00;9.68;1150.00;6.12;0
149;fuel_silo;2642.00;9.70;1159.00;3.48;0
149;radar_station;2685.00;10.98;1088.00;0.02;0
149;naval_supply_hub;2691.00;9.50;1000.00;0.11;0
149;naval_headquarters;2689.00;9.80;1018.00;0.11;0
149;nuclear_reactor_spawn;2659.00;11.38;1121.00;2.56;0
149;special_project_facility_spawn;2704.00;12.57;1137.00;0.48;0
149;rocket_site_spawn;2651.00;10.05;1127.00;5.56;0
150;arms_factory;4973.00;9.50;184.00;4.86;0
150;arms_factory;5037.00;9.50;316.00;1.37;0
150;arms_factory;4965.00;9.50;224.00;5.08;0
150;arms_factory;5053.00;9.50;322.00;1.62;0
150;arms_factory;5059.00;9.50;304.00;0.18;0
150;arms_factory;4989.00;9.50;212.00;5.66;0
150;industrial_complex;4979.00;9.50;226.00;3.45;0
150;industrial_complex;5042.00;9.50;313.00;5.37;0
150;industrial_complex;5025.00;9.50;260.00;3.23;0
150;industrial_complex;4975.00;9.50;193.00;3.61;0
150;industrial_complex;4996.00;9.50;244.00;2.53;0
150;industrial_complex;4960.00;9.50;190.00;3.26;0
150;air_base;5056.00;9.60;335.00;2.72;0
150;supply_node;4948.00;9.50;185.00;2.09;0
150;supply_node;5008.00;9.50;235.00;6.04;0
150;supply_node;4963.00;9.50;195.00;1.36;0
150;supply_node;4986.00;9.50;218.00;3.95;0
150;supply_node;5018.00;9.50;265.00;1.53;0
150;supply_node;4963.00;9.50;215.00;1.24;0
150;supply_node;5001.00;9.50;249.00;5.77;0
150;supply_node;4984.00;9.50;235.00;0.02;0
150;supply_node;5067.00;9.50;309.00;6.15;0
150;supply_node;5049.00;9.50;325.00;4.07;0
150;supply_node;5041.00;9.50;366.00;2.53;0
150;supply_node;4945.00;9.50;169.00;3.10;0
150;supply_node;4922.00;9.50;91.00;2.49;0
150;supply_node;4820.00;9.50;69.00;5.05;0
150;supply_node;5054.00;9.50;368.00;3.12;0
150;bunker;5052.00;9.50;277.00;6.23;0
150;bunker;4955.00;9.50;200.00;3.92;0
150;bunker;4948.00;9.50;207.00;0.78;0
150;bunker;4988.00;9.50;241.00;0.12;0
150;bunker;5013.00;9.50;260.00;3.23;0
150;bunker;4944.00;9.50;190.00;1.49;0
150;bunker;4988.00;9.50;227.00;3.02;0
150;bunker;5008.00;9.50;248.00;5.38;0
150;bunker;5064.00;9.50;338.00;6.19;0
150;bunker;5048.00;9.50;349.00;2.49;0
150;bunker;4999.00;9.50;226.00;1.04;0
150;bunker;5053.00;9.50;371.00;2.95;0
150;bunker;4922.00;9.50;90.00;3.99;0
150;bunker;4946.00;9.50;171.00;0.21;0
150;bunker;4821.00;9.50;70.00;2.08;0
150;coastal_bunker;4943.00;9.50;211.00;-1.99;0
150;coastal_bunker;5017.00;9.50;401.00;-3.39;0
150;coastal_bunker;5064.00;9.50;280.00;0.32;0
150;coastal_bunker;4985.00;9.50;240.00;-1.77;0
150;coastal_bunker;5030.00;9.50;258.00;-3.61;0
150;coastal_bunker;5045.00;9.50;330.00;-1.15;0
150;coastal_bunker;4932.00;9.50;188.00;-1.37;0
150;coastal_bunker;4937.00;9.50;202.00;-1.72;0
150;coastal_bunker;4993.00;9.50;209.00;1.05;0
150;coastal_bunker;5006.00;9.50;228.00;0.90;0
150;coastal_bunker;4994.00;9.50;250.00;-2.16;0
150;coastal_bunker;4924.00;9.50;96.00;-3.93;0
150;coastal_bunker;5053.00;9.50;370.00;-3.93;0
150;coastal_bunker;4948.00;9.50;170.00;-3.14;0
150;coastal_bunker;4820.00;9.50;68.00;-1.57;0
150;stronghold_network;5058.00;9.57;335.00;3.07;0
150;dockyard;5035.00;9.50;364.00;-1.77;0
150;anti_air_building;5046.00;9.50;316.00;4.34;0
150;anti_air_building;5070.00;9.50;335.00;1.94;0
150;anti_air_building;4973.00;9.50;210.00;5.63;0
150;synthetic_refinery;4954.00;9.50;213.00;0.08;0
150;fuel_silo;5072.00;9.50;300.00;4.53;0
150;radar_station;4965.00;9.50;227.00;3.38;0
150;naval_supply_hub;4944.00;9.50;168.00;-3.14;0
150;naval_supply_hub;5037.00;9.50;362.00;-1.77;0
150;naval_supply_hub;4986.00;9.50;241.00;-1.77;0
150;naval_supply_hub;4991.00;9.50;207.00;1.05;0
150;naval_supply_hub;5012.00;9.50;286.00;-3.61;0
150;naval_supply_hub;5017.00;9.50;228.00;0.90;0
150;naval_supply_hub;5094.00;9.50;333.00;0.32;0
150;naval_supply_hub;4946.00;9.50;211.00;-1.99;0
150;naval_supply_hub;4924.00;9.50;90.00;-3.93;0
150;naval_supply_hub;5044.00;9.50;345.00;-1.15;0
150;naval_supply_hub;4984.00;9.50;193.00;1.31;0
150;naval_supply_hub;4949.00;9.50;182.00;-1.37;0
150;naval_supply_hub;4991.00;9.50;247.00;-2.16;0
150;naval_supply_hub;4820.00;9.50;71.00;-1.57;0
150;naval_supply_hub;5055.00;9.50;367.00;-3.93;0
150;naval_headquarters;5028.00;9.50;380.00;-1.77;0
150;naval_headquarters;5078.00;9.50;315.00;0.32;0
150;naval_headquarters;5004.00;9.50;266.00;-3.61;0
150;naval_headquarters;5054.00;9.50;369.00;-3.93;0
150;naval_headquarters;5020.00;9.50;242.00;0.90;0
150;naval_headquarters;4820.00;9.50;67.00;-1.57;0
150;naval_headquarters;4922.00;9.50;92.00;-3.93;0
150;naval_headquarters;4978.00;9.50;186.00;1.31;0
150;naval_headquarters;4997.00;9.50;259.00;-2.16;0
150;naval_headquarters;4946.00;9.50;167.00;-3.14;0
150;naval_headquarters;4937.00;9.50;192.00;-1.37;0
150;naval_headquarters;4949.00;9.50;216.00;-1.99;0
150;naval_headquarters;5038.00;9.50;307.00;-1.15;0
150;naval_headquarters;4979.00;9.50;237.00;-1.77;0
150;naval_headquarters;4992.00;9.50;209.00;1.05;0
150;nuclear_reactor_spawn;5073.00;9.50;298.00;5.49;0
150;special_project_facility_spawn;5057.00;9.50;327.00;4.00;0
150;special_project_facility_spawn;4964.00;9.50;205.00;3.73;0
150;special_project_facility_spawn;4941.00;9.50;190.00;1.41;0
150;special_project_facility_spawn;5088.00;9.50;324.00;5.36;0
150;special_project_facility_spawn;5031.00;9.50;377.00;1.10;0
150;special_project_facility_spawn;4980.00;9.50;211.00;0.37;0
150;special_project_facility_spawn;5031.00;9.50;270.00;4.02;0
150;special_project_facility_spawn;4971.00;9.50;210.00;5.49;0
150;special_project_facility_spawn;4987.00;9.50;236.00;4.25;0
150;special_project_facility_spawn;5011.00;9.50;234.00;3.24;0
150;special_project_facility_spawn;4994.00;9.50;241.00;5.96;0
150;special_project_facility_spawn;4946.00;9.50;171.00;3.33;0
150;special_project_facility_spawn;5053.00;9.50;370.00;0.52;0
150;special_project_facility_spawn;4820.00;9.50;69.00;1.80;0
150;special_project_facility_spawn;4923.00;9.50;90.00;0.39;0
150;rocket_site_spawn;5066.00;9.50;288.00;3.07;0
150;floating_harbor;4936.14;9.50;182.63;-4.51;1481
150;floating_harbor;4979.00;9.50;297.00;0.48;1482
150;floating_harbor;4988.77;9.50;188.22;-1.83;1483
150;floating_harbor;4999.08;9.50;210.53;-2.09;1484
150;floating_harbor;5024.13;9.50;277.26;-0.46;1485
150;floating_harbor;4947.60;9.50;221.84;1.15;1486
150;floating_harbor;4989.18;9.50;256.88;0.98;1487
150;floating_harbor;4972.14;9.50;237.37;1.37;1488
150;floating_harbor;4979.00;9.50;297.00;-4.68;1511
150;floating_harbor;5033.60;9.50;318.16;-4.29;1512
150;floating_harbor;5029.14;9.50;368.37;1.37;1513
150;floating_harbor;4945.00;9.50;177.00;0.00;1835
150;floating_harbor;4927.95;9.50;96.95;-0.79;1886
150;floating_harbor;4895.00;9.50;73.00;-1.52;2206
150;floating_harbor;5058.95;9.50;373.95;-0.79;2263
151;arms_factory;2337.00;9.70;1177.00;5.08;0
151;arms_factory;2350.00;10.00;1173.00;1.62;0
151;arms_factory;2347.00;10.00;1173.00;0.18;0
151;arms_factory;2319.00;9.68;1168.00;5.66;0
151;arms_factory;2341.00;9.93;1175.00;3.45;0
151;arms_factory;2322.00;9.68;1168.00;5.37;0
151;industrial_complex;2324.00;9.80;1168.00;3.23;0
151;industrial_complex;2351.00;9.98;1172.00;3.61;0
151;industrial_complex;2336.00;9.60;1175.00;2.53;0
151;industrial_complex;2341.00;9.95;1174.00;3.26;0
151;industrial_complex;2319.00;9.62;1175.00;2.72;0
151;industrial_complex;2351.00;9.98;1174.00;6.11;0
151;air_base;2322.00;9.60;1175.00;4.12;0
151;supply_node;2333.00;9.57;1172.00;1.36;0
151;bunker;2335.00;9.55;1175.00;1.36;0
151;coastal_bunker;2334.00;9.50;1174.00;-1.48;0
151;stronghold_network;2343.00;10.03;1175.00;6.12;0
151;dockyard;2321.00;9.53;1173.00;-1.48;0
151;anti_air_building;2325.00;9.80;1169.00;2.01;0
151;anti_air_building;2320.00;9.70;1168.00;4.87;0
151;anti_air_building;2337.00;9.70;1178.00;3.38;0
151;synthetic_refinery;2352.00;9.93;1175.00;2.56;0
151;fuel_silo;2319.00;9.62;1175.00;0.48;0
151;radar_station;2334.00;9.50;1174.00;2.49;0
151;naval_supply_hub;2320.00;9.65;1169.00;-1.48;0
151;naval_headquarters;2321.00;9.53;1173.00;-1.48;0
151;nuclear_reactor_spawn;2336.00;9.60;1175.00;6.23;0
151;special_project_facility_spawn;2347.00;10.05;1172.00;3.92;0
151;rocket_site_spawn;2344.00;10.10;1172.00;0.78;0
151;floating_harbor;2254.00;9.50;1196.00;1.23;289
152;arms_factory;2432.00;10.15;1128.00;0.18;0
152;arms_factory;2388.00;9.85;1154.00;5.66;0
152;arms_factory;2412.00;9.90;1077.00;3.45;0
152;arms_factory;2390.00;9.95;1072.00;5.37;0
152;arms_factory;2417.00;9.95;1142.00;3.23;0
152;arms_factory;2402.00;10.20;1076.00;3.61;0
152;industrial_complex;2413.00;10.12;1114.00;2.53;0
152;industrial_complex;2406.00;9.90;1105.00;3.26;0
152;industrial_complex;2352.00;10.10;1153.00;2.72;0
152;industrial_complex;2383.00;10.28;1126.00;6.11;0
152;industrial_complex;2345.00;9.90;1140.00;4.12;0
152;industrial_complex;2438.00;9.82;1034.00;1.12;0
152;air_base;2425.00;9.80;1064.00;1.36;0
152;supply_node;2394.00;10.07;1107.00;1.53;0
152;bunker;2424.00;9.80;1089.00;6.12;0
152;coastal_bunker;2334.00;9.50;1137.00;-1.15;0
152;stronghold_network;2363.00;10.00;1146.00;2.01;0
152;dockyard;2363.00;9.50;1105.00;-1.15;0
152;anti_air_building;2431.00;9.85;1118.00;3.38;0
152;anti_air_building;2361.00;9.68;1111.00;2.56;0
152;anti_air_building;2416.00;9.90;1061.00;0.48;0
152;synthetic_refinery;2362.00;10.10;1131.00;5.56;0
152;fuel_silo;2406.00;10.05;1126.00;1.27;0
152;radar_station;2382.00;10.32;1094.00;3.12;0
152;naval_supply_hub;2350.00;9.50;1120.00;-1.15;0
152;naval_headquarters;2345.00;9.50;1124.00;-1.15;0
152;nuclear_reactor_spawn;2431.00;10.00;1053.00;0.78;0
152;special_project_facility_spawn;2381.00;10.20;1114.00;0.12;0
152;rocket_site_spawn;2387.00;10.30;1114.00;3.23;0
152;floating_harbor;2360.60;9.50;1092.16;-4.29;279
153;arms_factory;2678.00;10.00;944.00;3.45;0
153;arms_factory;2687.00;9.88;926.00;5.37;0
153;arms_factory;2721.00;9.80;882.00;3.23;0
153;arms_factory;2690.00;10.70;926.00;3.61;0
153;arms_factory;2725.00;10.95;886.00;2.53;0
153;arms_factory;2682.00;10.93;941.00;3.26;0
153;industrial_complex;2715.00;9.80;892.00;2.72;0
153;industrial_complex;2706.00;10.38;905.00;6.11;0
153;industrial_complex;2684.00;11.80;946.00;4.12;0
153;industrial_complex;2716.00;9.62;889.00;1.12;0
153;industrial_complex;2714.00;10.75;898.00;1.36;0
153;industrial_complex;2689.00;10.00;923.00;4.20;0
153;air_base;2712.00;11.00;902.00;6.12;0
153;supply_node;2701.00;10.15;910.00;5.77;0
153;bunker;2708.00;10.43;903.00;2.01;0
153;coastal_bunker;2720.00;9.50;880.00;-2.42;0
153;stronghold_network;2700.00;9.90;910.00;3.38;0
153;dockyard;2685.00;9.50;933.00;-2.42;0
153;anti_air_building;2704.00;10.53;908.00;0.48;0
153;anti_air_building;2696.00;9.73;914.00;5.56;0
153;anti_air_building;2703.00;10.50;909.00;1.27;0
153;synthetic_refinery;2703.00;9.85;906.00;5.86;0
153;fuel_silo;2704.00;9.80;904.00;6.23;0
153;radar_station;2703.00;9.85;906.00;5.93;0
153;naval_supply_hub;2710.00;9.50;894.00;-2.42;0
153;naval_headquarters;2706.00;9.50;901.00;-2.42;0
153;nuclear_reactor_spawn;2686.00;10.05;935.00;3.23;0
153;special_project_facility_spawn;2686.00;9.90;930.00;1.49;0
153;rocket_site_spawn;2701.00;10.23;911.00;3.02;0
153;floating_harbor;2644.00;9.50;912.00;-4.59;346
154;arms_factory;3203.00;9.50;802.00;3.23;0
154;arms_factory;3204.00;9.50;802.00;3.61;0
154;arms_factory;3347.00;9.53;872.00;2.53;0
154;arms_factory;3203.00;9.50;802.00;3.26;0
154;arms_factory;3205.00;9.50;801.00;2.72;0
154;arms_factory;3205.00;9.50;801.00;6.11;0
154;industrial_complex;3347.00;9.53;872.00;4.12;0
154;industrial_complex;3203.00;9.50;802.00;1.12;0
154;industrial_complex;3205.00;9.50;802.00;1.36;0
154;industrial_complex;3204.00;9.50;802.00;4.20;0
154;industrial_complex;3205.00;9.50;801.00;6.12;0
154;industrial_complex;3206.00;9.50;801.00;3.48;0
154;air_base;3347.00;9.53;872.00;2.01;0
154;supply_node;3346.00;9.50;873.00;6.15;0
154;supply_node;3204.00;9.50;801.00;4.07;0
154;bunker;3204.00;9.50;802.00;2.56;0
154;bunker;3347.00;9.53;872.00;0.48;0
154;coastal_bunker;3204.00;9.50;800.00;-3.14;0
154;coastal_bunker;3346.00;9.50;871.00;-1.57;0
154;stronghold_network;3205.00;9.50;802.00;5.86;0
154;dockyard;3205.00;9.50;803.00;-3.14;0
154;anti_air_building;3204.00;9.50;802.00;3.92;0
154;anti_air_building;3203.00;9.50;802.00;0.78;0
154;anti_air_building;3204.00;9.50;802.00;0.12;0
154;synthetic_refinery;3204.00;9.50;802.00;3.23;0
154;fuel_silo;3205.00;9.50;801.00;1.49;0
154;radar_station;3344.00;9.50;875.00;1.47;0
154;naval_supply_hub;3206.00;9.50;800.00;-3.14;0
154;naval_supply_hub;3347.00;9.50;871.00;-1.57;0
154;naval_headquarters;3202.00;9.50;801.00;-3.14;0
154;naval_headquarters;3348.00;9.53;872.00;-1.57;0
154;nuclear_reactor_spawn;3206.00;9.50;801.00;2.95;0
154;special_project_facility_spawn;3205.00;9.50;802.00;3.99;0
154;special_project_facility_spawn;3347.00;9.53;872.00;0.21;0
154;rocket_site_spawn;3205.00;9.50;802.00;2.08;0
154;floating_harbor;3312.00;9.50;912.00;0.72;1903
154;floating_harbor;3204.00;9.50;809.00;0.00;1914
155;arms_factory;3372.00;10.32;636.00;2.53;0
155;arms_factory;3373.00;10.03;635.00;3.26;0
155;arms_factory;3372.00;10.32;637.00;2.72;0
155;arms_factory;3374.00;10.00;638.00;6.11;0
155;arms_factory;3372.00;10.07;639.00;4.12;0
155;arms_factory;3370.00;9.82;638.00;1.12;0
155;industrial_complex;3373.00;10.18;637.00;1.36;0
155;industrial_complex;3374.00;9.90;640.00;4.20;0
155;industrial_complex;3371.00;9.88;634.00;6.12;0
155;industrial_complex;3373.00;9.78;641.00;3.48;0
155;industrial_complex;3370.00;9.82;638.00;2.01;0
155;industrial_complex;3373.00;10.03;635.00;4.87;0
155;air_base;3372.00;9.85;634.00;3.38;0
155;supply_node;3371.00;10.20;637.00;2.53;0
155;bunker;3374.00;10.00;639.00;0.48;0
155;coastal_bunker;3369.00;9.50;633.00;1.57;0
155;stronghold_network;3373.00;10.03;635.00;1.27;0
155;dockyard;3369.00;9.50;635.00;1.57;0
155;anti_air_building;3371.00;10.10;638.00;6.23;0
155;anti_air_building;3374.00;9.90;640.00;3.92;0
155;anti_air_building;3372.00;10.07;639.00;0.78;0
155;synthetic_refinery;3372.00;10.32;637.00;0.12;0
155;fuel_silo;3374.00;10.00;638.00;3.23;0
155;radar_station;3373.00;10.18;638.00;5.18;0
155;naval_supply_hub;3372.00;9.50;643.00;1.57;0
155;naval_headquarters;3373.00;9.80;634.00;1.57;0
155;nuclear_reactor_spawn;3374.00;10.00;638.00;6.19;0
155;special_project_facility_spawn;3371.00;9.95;639.00;2.49;0
155;rocket_site_spawn;3372.00;10.32;637.00;1.04;0
155;floating_harbor;3379.00;9.50;637.00;-1.57;1739
156;arms_factory;2673.00;10.05;1011.00;2.72;0
156;arms_factory;2675.00;9.98;1015.00;6.11;0
156;arms_factory;2674.00;9.95;1014.00;4.12;0
156;arms_factory;2644.00;9.53;961.00;1.12;0
156;arms_factory;2643.00;9.50;961.00;1.36;0
156;arms_factory;2645.00;9.50;960.00;4.20;0
156;industrial_complex;2675.00;9.98;1015.00;6.12;0
156;industrial_complex;2672.00;10.00;1012.00;3.48;0
156;industrial_complex;2644.00;9.50;960.00;2.01;0
156;industrial_complex;2673.00;10.18;1012.00;4.87;0
156;industrial_complex;2643.00;9.50;962.00;3.38;0
156;industrial_complex;2645.00;9.50;960.00;2.56;0
156;air_base;2644.00;9.50;959.00;0.48;0
156;supply_node;2673.00;10.18;1012.00;2.49;0
156;supply_node;2644.00;9.53;961.00;5.05;0
156;bunker;2643.00;9.50;962.00;5.86;0
156;bunker;2674.00;9.95;1014.00;6.23;0
156;coastal_bunker;2673.00;10.00;1013.00;-3.93;0
156;coastal_bunker;2643.00;9.50;961.00;-3.93;0
156;stronghold_network;2673.00;10.05;1011.00;0.12;0
156;dockyard;2645.00;9.50;960.00;-3.93;0
156;anti_air_building;2674.00;10.12;1012.00;1.49;0
156;anti_air_building;2674.00;10.12;1012.00;3.02;0
156;anti_air_building;2643.00;9.50;962.00;5.38;0
156;synthetic_refinery;2674.00;10.12;1012.00;6.19;0
156;fuel_silo;2643.00;9.50;961.00;2.49;0
156;radar_station;2671.00;9.50;1010.00;5.47;0
156;naval_supply_hub;2674.00;10.03;1011.00;-3.93;0
156;naval_supply_hub;2645.00;9.82;961.00;-3.93;0
156;naval_headquarters;2671.00;9.50;1013.00;-3.93;0
156;naval_headquarters;2645.00;9.50;964.00;-3.93;0
156;nuclear_reactor_spawn;2674.00;9.95;1014.00;0.79;0
156;special_project_facility_spawn;2673.00;10.05;1011.00;0.97;0
156;special_project_facility_spawn;2645.00;9.82;961.00;0.26;0
156;rocket_site_spawn;2644.00;9.50;959.00;0.79;0
156;floating_harbor;2678.95;9.50;1017.95;-0.79;1820
156;floating_harbor;2649.95;9.50;966.95;-0.79;2104
157;arms_factory;1265.00;11.25;27.00;4.12;0
157;arms_factory;4435.00;10.60;8.00;1.12;0
157;arms_factory;608.00;10.73;22.00;1.36;0
157;arms_factory;430.00;9.75;22.00;4.20;0
157;arms_factory;3566.00;11.95;26.00;6.12;0
157;arms_factory;689.00;10.95;2.00;3.48;0
157;industrial_complex;3373.00;10.93;25.00;2.01;0
157;industrial_complex;4512.00;9.80;11.00;4.87;0
157;industrial_complex;2818.00;10.23;30.00;3.38;0
157;industrial_complex;859.00;10.10;24.00;2.56;0
157;industrial_complex;1094.00;9.65;28.00;0.48;0
157;industrial_complex;3779.00;9.68;22.00;5.56;0
157;air_base;2606.00;10.55;30.00;1.27;0
157;supply_node;3015.00;9.95;19.00;3.12;0
157;supply_node;3493.00;13.62;17.00;2.94;0
157;supply_node;3679.00;9.80;13.00;5.93;0
157;supply_node;3144.00;14.62;17.00;5.88;0
157;supply_node;4487.00;9.80;12.00;3.50;0
157;supply_node;2695.00;10.98;16.00;3.28;0
157;supply_node;2424.00;10.80;14.00;5.18;0
157;supply_node;2879.00;10.00;15.00;1.47;0
157;supply_node;4099.00;10.12;17.00;5.67;0
157;supply_node;3305.00;11.55;21.00;0.60;0
157;supply_node;3067.00;9.60;7.00;3.31;0
157;supply_node;3828.00;9.60;17.00;5.47;0
157;supply_node;3935.00;10.10;18.00;1.78;0
157;supply_node;1661.00;11.40;38.00;2.85;0
157;supply_node;467.00;9.75;13.00;4.50;0
157;supply_node;818.00;9.80;18.00;2.66;0
157;supply_node;1162.00;9.80;20.00;0.17;0
157;supply_node;1492.00;11.10;22.00;0.61;0
157;supply_node;1809.00;9.93;2.00;1.46;0
157;supply_node;1580.00;10.05;70.00;1.61;0
157;supply_node;1762.00;9.98;91.00;4.52;0
157;supply_node;1732.00;9.50;101.00;5.09;0
157;supply_node;1733.00;9.68;85.00;4.41;0
157;supply_node;1690.00;9.50;99.00;1.82;0
157;supply_node;1649.00;9.93;85.00;1.27;0
157;supply_node;1865.00;9.50;109.00;3.54;0
157;supply_node;1704.00;9.68;100.00;5.22;0
157;supply_node;1668.00;9.70;87.00;3.14;0
157;supply_node;1717.00;9.50;100.00;4.56;0
157;bunker;3804.00;9.60;29.00;0.62;0
157;bunker;4093.00;9.95;30.00;5.23;0
157;bunker;3137.00;14.68;19.00;3.07;0
157;bunker;1708.00;10.18;10.00;0.18;0
157;bunker;436.00;10.07;12.00;4.34;0
157;bunker;4492.00;9.80;15.00;1.94;0
157;bunker;2525.00;11.75;12.00;5.63;0
157;bunker;2787.00;11.43;24.00;0.08;0
157;bunker;688.00;10.60;30.00;4.53;0
157;bunker;3337.00;11.10;18.00;4.21;0
157;bunker;3025.00;9.85;15.00;2.39;0
157;bunker;3486.00;11.95;1.00;1.38;0
157;bunker;1469.00;10.68;26.00;5.82;0
157;bunker;3706.00;9.70;13.00;1.34;0
157;bunker;3955.00;9.75;42.00;3.61;0
157;bunker;1059.00;11.05;8.00;5.43;0
157;bunker;2837.00;10.75;7.00;4.92;0
157;bunker;1583.00;9.90;70.00;2.28;0
157;bunker;3058.00;9.70;3.00;5.46;0
157;bunker;1724.00;9.50;101.00;2.25;0
157;bunker;1735.00;9.68;85.00;0.78;0
157;bunker;1807.00;9.90;2.00;4.57;0
157;bunker;1666.00;9.50;86.00;5.44;0
157;bunker;1704.00;9.68;100.00;1.58;0
157;bunker;1696.00;9.73;99.00;2.57;0
157;bunker;1864.00;9.50;110.00;3.52;0
157;bunker;1649.00;9.93;85.00;4.83;0
157;bunker;1718.00;9.50;100.00;2.75;0
157;bunker;1756.00;9.88;92.00;3.00;0
157;coastal_bunker;3012.00;9.60;34.00;-2.16;0
157;coastal_bunker;785.00;9.55;41.00;-1.98;0
157;coastal_bunker;3779.00;9.55;35.00;-2.26;0
157;coastal_bunker;3594.00;10.23;26.00;-3.14;0
157;coastal_bunker;4792.00;9.50;8.00;-4.71;0
157;coastal_bunker;3544.00;10.57;33.00;-2.77;0
157;coastal_bunker;2705.00;9.55;34.00;-4.41;0
157;coastal_bunker;1693.00;9.73;21.00;-4.60;0
157;coastal_bunker;1732.00;9.65;87.00;1.57;0
157;coastal_bunker;1001.00;9.65;33.00;-1.88;0
157;coastal_bunker;2854.00;9.65;32.00;-3.27;0
157;coastal_bunker;3389.00;9.88;44.00;-4.38;0
157;coastal_bunker;4179.00;9.55;34.00;-4.54;0
157;coastal_bunker;153.00;9.50;2.00;-1.54;0
157;coastal_bunker;1506.00;9.50;40.00;-3.65;0
157;coastal_bunker;3101.00;9.62;31.00;-2.82;0
157;coastal_bunker;2487.00;9.75;35.00;-2.39;0
157;coastal_bunker;3923.00;9.70;33.00;-3.14;0
157;coastal_bunker;1765.00;9.95;92.00;1.57;0
157;coastal_bunker;1571.00;9.50;69.00;-3.93;0
157;coastal_bunker;1741.00;9.70;102.00;-3.93;0
157;coastal_bunker;1860.00;9.50;111.00;-3.93;0
157;coastal_bunker;1697.00;9.50;98.00;-1.57;0
157;coastal_bunker;1652.00;9.50;84.00;1.57;0
157;coastal_bunker;1799.00;9.95;3.00;-1.57;0
157;coastal_bunker;1670.00;9.50;87.00;-1.57;0
157;coastal_bunker;1703.00;9.50;100.00;-1.57;0
157;coastal_bunker;1720.00;9.50;100.00;-3.93;0
157;stronghold_network;1077.00;10.28;8.00;1.28;0
157;dockyard;1691.00;9.50;87.00;-3.36;0
157;anti_air_building;1528.00;11.73;2.00;3.30;0
157;anti_air_building;4174.00;10.80;18.00;4.36;0
157;anti_air_building;3714.00;9.60;12.00;0.63;0
157;synthetic_refinery;4112.00;10.40;6.00;1.49;0
157;fuel_silo;656.00;12.28;7.00;5.63;0
157;radar_station;2439.00;9.50;34.00;2.28;0
157;naval_supply_hub;4459.00;9.68;28.00;-1.70;0
157;naval_supply_hub;2627.00;9.75;33.00;-1.90;0
157;naval_supply_hub;1179.00;9.60;46.00;-1.88;0
157;naval_supply_hub;3874.00;9.50;33.00;-4.32;0
157;naval_supply_hub;3733.00;9.57;28.00;-3.14;0
157;naval_supply_hub;1690.00;9.98;76.00;-4.60;0
157;naval_supply_hub;2203.00;9.50;13.00;-1.55;0
157;naval_supply_hub;3948.00;9.50;43.00;-3.14;0
157;naval_supply_hub;1513.00;9.73;54.00;-3.65;0
157;naval_supply_hub;4075.00;9.60;39.00;-1.98;0
157;naval_supply_hub;2994.00;9.85;32.00;-2.16;0
157;naval_supply_hub;419.00;9.55;26.00;-1.69;0
157;naval_supply_hub;3449.00;9.90;36.00;-2.77;0
157;naval_supply_hub;1796.00;9.50;3.00;-1.57;0
157;naval_supply_hub;1762.00;9.55;90.00;1.57;0
157;naval_supply_hub;3172.00;11.23;35.00;-2.82;0
157;naval_supply_hub;3293.00;11.10;41.00;-2.04;0
157;naval_supply_hub;923.00;9.62;36.00;-4.55;0
157;naval_supply_hub;2816.00;9.85;33.00;-3.27;0
157;naval_supply_hub;1739.00;9.68;102.00;-3.93;0
157;naval_supply_hub;1718.00;9.65;101.00;-3.93;0
157;naval_supply_hub;1575.00;9.95;70.00;-3.93;0
157;naval_supply_hub;1651.00;9.88;87.00;1.57;0
157;naval_supply_hub;1668.00;9.50;86.00;-1.57;0
157;naval_supply_hub;1866.00;9.80;111.00;-3.93;0
157;naval_supply_hub;1706.00;9.62;100.00;-1.57;0
157;naval_supply_hub;1696.00;9.73;100.00;-1.57;0
157;naval_supply_hub;1734.00;9.68;86.00;1.57;0
157;naval_headquarters;2757.00;9.80;33.00;-4.41;0
157;naval_headquarters;3971.00;9.62;45.00;-3.14;0
157;naval_headquarters;3325.00;9.85;48.00;-3.85;0
157;naval_headquarters;1681.00;9.50;98.00;-1.57;0
157;naval_headquarters;3523.00;10.82;33.00;-2.77;0
157;naval_headquarters;4836.00;9.50;3.00;1.54;0
157;naval_headquarters;361.00;9.53;16.00;-1.69;0
157;naval_headquarters;2356.00;9.80;27.00;-2.39;0
157;naval_headquarters;1866.00;9.80;111.00;-3.93;0
157;naval_headquarters;699.00;9.82;34.00;-1.98;0
157;naval_headquarters;1467.00;9.73;34.00;-3.65;0
157;naval_headquarters;3877.00;9.50;34.00;-4.32;0
157;naval_headquarters;1691.00;9.57;62.00;-4.60;0
157;naval_headquarters;1010.00;9.62;32.00;-1.88;0
157;naval_headquarters;3660.00;9.57;19.00;-3.14;0
157;naval_headquarters;4200.00;10.00;33.00;-4.54;0
157;naval_headquarters;3190.00;10.82;37.00;-2.82;0
157;naval_headquarters;1725.00;9.50;101.00;-3.93;0
157;naval_headquarters;1574.00;9.50;68.00;-3.93;0
157;naval_headquarters;3051.00;9.50;35.00;-4.33;0
157;naval_headquarters;1654.00;9.50;84.00;1.57;0
157;naval_headquarters;1767.00;9.50;91.00;1.57;0
157;naval_headquarters;1719.00;9.70;101.00;-3.93;0
157;naval_headquarters;1797.00;9.50;2.00;-1.57;0
157;naval_headquarters;1665.00;9.50;86.00;-1.57;0
157;naval_headquarters;2937.00;10.07;28.00;-3.27;0
157;naval_headquarters;1736.00;9.68;86.00;1.57;0
157;naval_headquarters;1708.00;9.50;100.00;-1.57;0
157;nuclear_reactor_spawn;4402.00;11.03;14.00;5.20;0
157;special_project_facility_spawn;530.00;9.80;1.00;3.06;0
157;special_project_facility_spawn;1489.00;11.40;16.00;1.08;0
157;special_project_facility_spawn;3268.00;11.45;32.00;3.71;0
157;special_project_facility_spawn;4276.00;14.43;12.00;3.68;0
157;special_project_facility_spawn;1019.00;10.10;9.00;5.45;0
157;special_project_facility_spawn;2835.00;10.35;24.00;3.02;0
157;special_project_facility_spawn;1731.00;10.50;7.00;2.43;0
157;special_project_facility_spawn;3569.00;13.28;10.00;6.25;0
157;special_project_facility_spawn;3113.00;10.93;18.00;2.04;0
157;special_project_facility_spawn;4054.00;10.95;13.00;3.57;0
157;special_project_facility_spawn;3622.00;10.32;14.00;1.03;0
157;special_project_facility_spawn;2687.00;11.18;19.00;4.63;0
157;special_project_facility_spawn;766.00;9.80;32.00;1.87;0
157;special_project_facility_spawn;3845.00;9.70;7.00;6.02;0
157;special_project_facility_spawn;2410.00;10.43;3.00;4.01;0
157;special_project_facility_spawn;3898.00;9.53;33.00;0.04;0
157;special_project_facility_spawn;3013.00;9.88;26.00;2.60;0
157;special_project_facility_spawn;1868.00;9.50;110.00;2.51;0
157;special_project_facility_spawn;3019.00;10.00;2.00;0.08;0
157;special_project_facility_spawn;1666.00;9.50;86.00;0.97;0
157;special_project_facility_spawn;1710.00;9.50;100.00;4.11;0
157;special_project_facility_spawn;1740.00;9.70;102.00;2.14;0
157;special_project_facility_spawn;1804.00;9.88;3.00;5.13;0
157;special_project_facility_spawn;1580.00;10.05;70.00;1.68;0
157;special_project_facility_spawn;1652.00;9.82;85.00;5.31;0
157;special_project_facility_spawn;1716.00;9.50;101.00;4.75;0
157;special_project_facility_spawn;1733.00;9.68;85.00;0.93;0
157;special_project_facility_spawn;1756.00;9.88;92.00;3.68;0
157;special_project_facility_spawn;1696.00;9.73;99.00;1.64;0
157;rocket_site_spawn;3953.00;10.10;19.00;5.07;0
157;floating_harbor;2991.18;9.50;34.88;0.98;1372
157;floating_harbor;3483.46;9.50;41.52;0.37;1373
157;floating_harbor;3679.00;9.50;33.00;0.00;1374
157;floating_harbor;3136.79;9.50;38.64;0.32;1375
157;floating_harbor;4573.91;9.50;26.12;-1.41;1376
157;floating_harbor;2635.37;9.50;36.25;1.24;1377
157;floating_harbor;2405.22;9.50;34.12;0.75;1378
157;floating_harbor;2881.93;9.50;36.94;-0.13;1379
157;floating_harbor;3983.00;9.50;169.00;0.49;1380
157;floating_harbor;3259.77;9.50;44.19;1.10;1381
157;floating_harbor;3799.60;9.50;40.46;0.88;1383
157;floating_harbor;3935.00;9.50;45.00;0.00;1384
157;floating_harbor;1719.95;9.50;44.80;-1.46;1385
157;floating_harbor;382.05;9.50;22.80;1.46;1386
157;floating_harbor;749.00;9.50;152.00;0.18;1387
157;floating_harbor;1022.00;9.50;149.00;0.62;1388
157;floating_harbor;1528.00;9.50;107.00;-0.35;1389
157;floating_harbor;1827.00;9.50;97.00;-0.19;1696
157;floating_harbor;1585.95;9.50;75.95;-0.79;1710
157;floating_harbor;1827.00;9.50;97.00;-1.48;1787
157;floating_harbor;1737.95;9.50;106.95;-0.79;1800
157;floating_harbor;1741.00;9.50;85.00;-1.57;1804
157;floating_harbor;1663.00;9.50;141.00;0.57;1813
157;floating_harbor;1657.00;9.50;85.00;-1.57;1840
157;floating_harbor;1870.95;9.50;114.95;-0.79;1858
157;floating_harbor;1663.00;9.50;141.00;0.79;1887
157;floating_harbor;1663.00;9.50;141.00;0.09;2003
157;floating_harbor;1722.95;9.50;105.95;-0.79;2162
158;arms_factory;1336.00;14.93;1215.00;1.36;0
158;arms_factory;1413.00;10.43;1116.00;4.20;0
158;arms_factory;1322.00;16.20;1180.00;6.12;0
158;arms_factory;1331.00;14.35;1211.00;3.48;0
158;arms_factory;1351.00;12.07;1135.00;2.01;0
158;arms_factory;1291.00;10.80;1243.00;4.87;0
158;industrial_complex;1316.00;11.28;1221.00;3.38;0
158;industrial_complex;1325.00;15.88;1180.00;2.56;0
158;industrial_complex;1350.00;17.02;1203.00;0.48;0
158;industrial_complex;1345.00;16.88;1200.00;5.56;0
158;industrial_complex;1368.00;12.45;1129.00;1.27;0
158;industrial_complex;1270.00;12.15;1197.00;5.86;0
158;air_base;1289.00;14.40;1201.00;6.23;0
158;supply_node;1304.00;9.53;1227.00;5.93;0
158;supply_node;1317.00;14.55;1193.00;5.88;0
158;bunker;1257.00;10.90;1199.00;0.12;0
158;bunker;1291.00;10.62;1224.00;3.23;0
158;coastal_bunker;1364.00;10.40;1189.00;1.46;0
158;coastal_bunker;1299.00;9.75;1268.00;-3.06;0
158;stronghold_network;1361.00;13.95;1202.00;5.38;0
158;dockyard;1299.00;9.75;1268.00;-3.06;0
158;anti_air_building;1356.00;10.88;1125.00;2.49;0
158;anti_air_building;1296.00;13.95;1200.00;1.04;0
158;anti_air_building;1339.00;17.40;1176.00;2.95;0
158;synthetic_refinery;1295.00;10.35;1264.00;3.99;0
158;fuel_silo;1350.00;17.98;1214.00;0.21;0
158;radar_station;1331.00;19.02;1188.00;2.66;0
158;naval_supply_hub;1303.00;9.55;1184.00;0.06;0
158;naval_supply_hub;1316.00;10.18;1225.00;-3.46;0
158;naval_headquarters;1313.00;10.10;1182.00;0.06;0
158;naval_headquarters;1298.00;9.85;1245.00;-3.46;0
158;nuclear_reactor_spawn;1269.00;13.07;1231.00;2.01;0
158;special_project_facility_spawn;1357.00;12.30;1169.00;0.23;0
158;special_project_facility_spawn;1325.00;12.43;1219.00;0.27;0
158;rocket_site_spawn;1272.00;12.68;1233.00;5.76;0
158;floating_harbor;1305.21;9.50;1239.64;-0.32;846
158;floating_harbor;1319.39;9.50;1150.01;-3.09;1065
159;arms_factory;5102.00;9.50;693.00;6.12;0
159;arms_factory;4750.00;9.53;855.00;3.48;0
159;arms_factory;4678.00;9.75;862.00;2.01;0
159;arms_factory;4681.00;9.80;863.00;4.87;0
159;arms_factory;4897.00;9.50;626.00;3.38;0
159;arms_factory;4924.00;9.50;716.00;2.56;0
159;industrial_complex;4706.00;9.82;874.00;0.48;0
159;industrial_complex;4958.00;9.50;659.00;5.56;0
159;industrial_complex;4908.00;9.50;614.00;1.27;0
159;industrial_complex;4756.00;9.62;857.00;5.86;0
159;industrial_complex;4895.00;9.50;627.00;6.23;0
159;industrial_complex;5090.00;9.50;671.00;3.92;0
159;air_base;4855.00;9.55;786.00;0.78;0
159;supply_node;4706.00;9.88;881.00;3.50;0
159;supply_node;4680.00;9.85;866.00;3.28;0
159;supply_node;4904.00;9.50;619.00;5.18;0
159;supply_node;5088.00;9.50;675.00;1.47;0
159;supply_node;4747.00;9.57;862.00;5.67;0
159;supply_node;4714.00;9.50;897.00;0.60;0
159;supply_node;4839.00;9.60;814.00;3.31;0
159;supply_node;5106.00;9.50;694.00;5.47;0
159;supply_node;4826.00;9.70;803.00;1.78;0
159;supply_node;4809.00;9.50;831.00;2.85;0
159;supply_node;4925.00;9.50;716.00;4.50;0
159;supply_node;4851.00;9.50;788.00;2.66;0
159;supply_node;4774.00;9.50;847.00;0.17;0
159;supply_node;4783.00;9.50;827.00;0.61;0
159;supply_node;4686.00;9.50;806.00;1.46;0
159;supply_node;4635.00;9.55;925.00;1.61;0
159;supply_node;4929.00;9.50;625.00;4.52;0
159;supply_node;4682.00;9.73;917.00;5.09;0
159;supply_node;4543.00;9.50;1118.00;4.41;0
159;supply_node;4935.00;9.50;698.00;1.82;0
159;supply_node;4911.00;9.50;788.00;1.27;0
159;supply_node;4771.00;9.50;836.00;3.54;0
159;supply_node;4941.00;9.50;616.00;5.22;0
159;supply_node;4958.00;9.50;659.00;3.14;0
159;supply_node;4791.00;9.50;820.00;4.56;0
159;supply_node;4694.00;9.50;798.00;4.60;0
159;supply_node;4915.00;9.50;1273.00;4.64;0
159;supply_node;4931.00;9.50;703.00;5.40;0
159;supply_node;4649.00;9.50;867.00;1.85;0
159;supply_node;4961.00;9.50;649.00;3.74;0
159;supply_node;4947.00;9.50;677.00;3.38;0
159;supply_node;4940.00;9.50;713.00;2.81;0
159;supply_node;4455.00;9.60;1078.00;5.76;0
159;supply_node;4947.00;9.50;691.00;2.17;0
159;supply_node;4579.00;9.50;1177.00;3.38;0
159;supply_node;4829.00;9.50;769.00;0.90;0
159;supply_node;4508.00;9.50;1094.00;2.27;0
159;supply_node;4519.00;9.50;1112.00;5.47;0
159;supply_node;5092.00;9.50;657.00;3.69;0
159;supply_node;4824.00;9.50;1068.00;3.73;0
159;supply_node;4528.00;9.53;1362.00;3.52;0
159;supply_node;4961.00;9.50;1137.00;4.73;0
159;supply_node;4944.00;9.50;699.00;3.08;0
159;supply_node;4638.00;9.50;873.00;0.48;0
159;supply_node;4707.00;9.50;912.00;4.40;0
159;supply_node;4958.00;9.50;1047.00;0.83;0
159;supply_node;4722.00;9.50;1093.00;1.59;0
159;supply_node;4921.00;9.50;778.00;4.22;0
159;supply_node;4827.00;9.50;812.00;2.47;0
159;supply_node;4780.00;9.50;821.00;3.59;0
159;supply_node;4777.00;9.50;832.00;3.39;0
159;supply_node;4920.00;9.50;948.00;4.96;0
159;supply_node;5009.00;9.50;987.00;5.49;0
159;supply_node;4899.00;9.50;1134.00;4.68;0
159;supply_node;4917.00;9.50;1139.00;2.75;0
159;supply_node;4927.00;9.50;1140.00;5.13;0
159;bunker;4683.00;9.68;916.00;2.99;0
159;bunker;4922.00;9.50;949.00;3.61;0
159;bunker;4696.00;9.50;796.00;2.24;0
159;bunker;5080.00;9.50;675.00;0.19;0
159;bunker;4688.00;9.50;806.00;0.00;0
159;bunker;4747.00;9.68;866.00;3.00;0
159;bunker;4928.00;9.50;717.00;1.20;0
159;bunker;4721.00;9.93;889.00;4.81;0
159;bunker;4706.00;9.75;872.00;2.38;0
159;bunker;4671.00;9.75;865.00;5.49;0
159;bunker;4544.00;9.50;1117.00;4.00;0
159;bunker;5105.00;9.50;695.00;3.73;0
159;bunker;4785.00;9.50;827.00;1.41;0
159;bunker;4829.00;9.78;804.00;5.36;0
159;bunker;4945.00;9.50;699.00;1.10;0
159;bunker;4826.00;9.50;1070.00;0.37;0
159;bunker;4948.00;9.50;678.00;4.02;0
159;bunker;4899.00;9.50;626.00;5.49;0
159;bunker;5093.00;9.50;658.00;4.25;0
159;bunker;4841.00;9.57;811.00;3.24;0
159;bunker;4802.00;9.50;837.00;5.96;0
159;bunker;4959.00;9.50;1138.00;3.33;0
159;bunker;4793.00;9.50;821.00;0.52;0
159;bunker;4827.00;9.50;812.00;1.80;0
159;bunker;4926.00;9.50;1140.00;0.39;0
159;bunker;4920.00;9.50;778.00;3.07;0
159;bunker;4916.00;9.50;1272.00;1.28;0
159;bunker;4850.00;9.62;789.00;3.05;0
159;bunker;4637.00;9.50;873.00;3.30;0
159;bunker;4961.00;9.50;657.00;4.36;0
159;bunker;4945.00;9.50;694.00;0.63;0
159;bunker;4708.00;9.50;915.00;1.49;0
159;bunker;4942.00;9.50;616.00;5.63;0
159;bunker;4918.00;9.50;1140.00;0.12;0
159;bunker;4775.00;9.50;848.00;0.49;0
159;bunker;4724.00;9.50;1093.00;0.50;0
159;bunker;4935.00;9.50;698.00;1.72;0
159;bunker;4901.00;9.50;1133.00;2.65;0
159;bunker;4578.00;9.50;1175.00;3.95;0
159;bunker;4958.00;9.50;1045.00;2.10;0
159;bunker;4509.00;9.50;1095.00;1.60;0
159;bunker;4781.00;9.50;819.00;1.85;0
159;bunker;4831.00;9.50;768.00;2.95;0
159;bunker;5009.00;9.50;987.00;2.39;0
159;bunker;4931.00;9.50;703.00;2.30;0
159;bunker;4931.00;9.50;625.00;2.68;0
159;bunker;4913.00;9.50;788.00;5.63;0
159;bunker;4771.00;9.50;837.00;5.21;0
159;bunker;4961.00;9.50;650.00;3.79;0
159;bunker;4632.00;9.57;925.00;0.73;0
159;bunker;4940.00;9.50;713.00;2.83;0
159;bunker;4529.00;9.55;1362.00;1.65;0
159;bunker;4455.00;9.60;1078.00;2.54;0
159;bunker;4519.00;9.50;1112.00;5.67;0
159;bunker;4777.00;9.50;832.00;0.76;0
159;bunker;4650.00;9.60;868.00;0.00;0
159;coastal_bunker;4891.00;9.50;627.00;-2.28;0
159;coastal_bunker;4914.00;9.50;1273.00;1.57;0
159;coastal_bunker;5089.00;9.50;682.00;-1.57;0
159;coastal_bunker;4776.00;9.50;845.00;1.57;0
159;coastal_bunker;4927.00;9.50;625.00;-3.93;0
159;coastal_bunker;5089.00;9.50;656.00;1.57;0
159;coastal_bunker;4842.00;9.50;809.00;0.79;0
159;coastal_bunker;5110.00;9.50;693.00;1.57;0
159;coastal_bunker;4836.00;9.65;802.00;-3.14;0
159;coastal_bunker;4667.00;9.50;861.00;-1.48;0
159;coastal_bunker;4740.00;9.50;866.00;-2.82;0
159;coastal_bunker;4814.00;9.53;832.00;-3.14;0
159;coastal_bunker;4704.00;9.65;907.00;1.57;0
159;coastal_bunker;4509.00;9.50;1093.00;-3.93;0
159;coastal_bunker;4708.00;9.50;915.00;-3.14;0
159;coastal_bunker;4685.00;9.50;809.00;-3.93;0
159;coastal_bunker;4945.00;9.50;677.00;-3.14;0
159;coastal_bunker;4927.00;9.50;720.00;-3.14;0
159;coastal_bunker;4793.00;9.50;822.00;-3.93;0
159;coastal_bunker;4772.00;9.50;835.00;-1.57;0
159;coastal_bunker;4910.00;9.50;786.00;1.57;0
159;coastal_bunker;4701.00;9.50;890.00;-3.93;0
159;coastal_bunker;4649.00;9.53;870.00;-3.93;0
159;coastal_bunker;4828.00;9.50;771.00;-1.57;0
159;coastal_bunker;4918.00;9.50;1140.00;-1.57;0
159;coastal_bunker;4784.00;9.50;830.00;1.57;0
159;coastal_bunker;4859.00;9.57;786.00;-3.14;0
159;coastal_bunker;4959.00;9.50;1048.00;1.57;0
159;coastal_bunker;4543.00;9.50;1118.00;1.57;0
159;coastal_bunker;4930.00;9.50;702.00;-3.14;0
159;coastal_bunker;4826.00;9.50;1068.00;1.57;0
159;coastal_bunker;4520.00;9.50;1111.00;-3.14;0
159;coastal_bunker;4695.00;9.50;799.00;-1.57;0
159;coastal_bunker;4947.00;9.50;691.00;-1.57;0
159;coastal_bunker;4828.00;9.60;813.00;1.57;0
159;coastal_bunker;4455.00;9.57;1077.00;-3.14;0
159;coastal_bunker;4643.00;9.50;925.00;1.57;0
159;coastal_bunker;4776.00;9.50;833.00;-1.57;0
159;coastal_bunker;4959.00;9.50;659.00;1.57;0
159;coastal_bunker;4898.00;9.50;1134.00;1.57;0
159;coastal_bunker;4938.00;9.50;712.00;-1.57;0
159;coastal_bunker;4681.00;9.50;916.00;-1.57;0
159;coastal_bunker;4943.00;9.50;617.00;-3.14;0
159;coastal_bunker;4962.00;9.50;1138.00;-3.93;0
159;coastal_bunker;4782.00;9.50;823.00;-1.57;0
159;coastal_bunker;4935.00;9.50;697.00;1.57;0
159;coastal_bunker;4580.00;9.50;1178.00;1.57;0
159;coastal_bunker;4920.00;9.50;778.00;-1.57;0
159;coastal_bunker;4961.00;9.50;649.00;-1.57;0
159;coastal_bunker;4927.00;9.50;1139.00;-1.57;0
159;coastal_bunker;4923.00;9.50;949.00;-3.93;0
159;coastal_bunker;5011.00;9.50;988.00;-3.93;0
159;coastal_bunker;4529.00;9.55;1363.00;1.57;0
159;coastal_bunker;4638.00;9.60;875.00;-3.14;0
159;coastal_bunker;4722.00;9.50;1092.00;-1.57;0
159;coastal_bunker;4946.00;9.50;699.00;-3.14;0
159;stronghold_network;4690.00;9.65;863.00;2.14;0
159;dockyard;4949.00;9.50;677.00;-3.14;0
159;anti_air_building;4684.00;9.80;867.00;1.68;0
159;anti_air_building;4671.00;9.65;868.00;5.31;0
159;anti_air_building;5093.00;9.50;679.00;4.75;0
159;synthetic_refinery;4824.00;9.70;803.00;0.93;0
159;fuel_silo;4704.00;9.78;884.00;3.68;0
159;radar_station;4822.00;9.50;1067.00;2.52;0
159;naval_supply_hub;4707.00;9.50;915.00;-3.14;0
159;naval_supply_hub;4939.00;9.50;713.00;-1.57;0
159;naval_supply_hub;5111.00;9.50;698.00;1.57;0
159;naval_supply_hub;4850.00;9.50;788.00;0.79;0
159;naval_supply_hub;4718.00;9.50;888.00;1.57;0
159;naval_supply_hub;4950.00;9.50;693.00;-1.57;0
159;naval_supply_hub;4703.00;9.50;886.00;-3.93;0
159;naval_supply_hub;4909.00;9.50;789.00;1.57;0
159;naval_supply_hub;4680.00;9.50;875.00;-3.86;0
159;naval_supply_hub;4686.00;9.50;805.00;-3.93;0
159;naval_supply_hub;4454.00;9.50;1076.00;-3.14;0
159;naval_supply_hub;4792.00;9.50;822.00;-3.93;0
159;naval_supply_hub;4843.00;9.60;809.00;0.79;0
159;naval_supply_hub;4920.00;9.50;949.00;-3.93;0
159;naval_supply_hub;4578.00;9.50;1175.00;1.57;0
159;naval_supply_hub;4943.00;9.50;617.00;-3.14;0
159;naval_supply_hub;4818.00;9.50;810.00;-3.14;0
159;naval_supply_hub;4959.00;9.50;1138.00;-1.57;0
159;naval_supply_hub;4934.00;9.50;698.00;1.57;0
159;naval_supply_hub;4800.00;9.50;836.00;-3.14;0
159;naval_supply_hub;4685.00;9.68;918.00;-1.57;0
159;naval_supply_hub;4914.00;9.50;611.00;0.90;0
159;naval_supply_hub;4928.00;9.50;1141.00;-1.57;0
159;naval_supply_hub;4825.00;9.50;1069.00;1.57;0
159;naval_supply_hub;4923.00;9.50;715.00;-3.14;0
159;naval_supply_hub;5092.00;9.50;657.00;1.57;0
159;naval_supply_hub;4931.00;9.50;705.00;-3.14;0
159;naval_supply_hub;4783.00;9.50;826.00;1.57;0
159;naval_supply_hub;4916.00;9.50;1275.00;1.57;0
159;naval_supply_hub;5009.00;9.50;987.00;-3.93;0
159;naval_supply_hub;4776.00;9.50;844.00;1.57;0
159;naval_supply_hub;4945.00;9.50;699.00;-3.14;0
159;naval_supply_hub;5098.00;9.50;671.00;-1.57;0
159;naval_supply_hub;4638.00;9.50;873.00;-3.14;0
159;naval_supply_hub;4957.00;9.50;1045.00;1.57;0
159;naval_supply_hub;4916.00;9.50;1138.00;-1.57;0
159;naval_supply_hub;4651.00;9.60;868.00;-3.93;0
159;naval_supply_hub;4781.00;9.50;819.00;-1.57;0
159;naval_supply_hub;4739.00;9.50;873.00;-2.82;0
159;naval_supply_hub;4693.00;9.50;797.00;-1.57;0
159;naval_supply_hub;4527.00;9.50;1361.00;1.57;0
159;naval_supply_hub;4773.00;9.50;837.00;-1.57;0
159;naval_supply_hub;4958.00;9.50;660.00;1.57;0
159;naval_supply_hub;4963.00;9.50;647.00;-1.57;0
159;naval_supply_hub;4507.00;9.50;1094.00;-3.93;0
159;naval_supply_hub;4633.00;9.50;924.00;1.57;0
159;naval_supply_hub;4724.00;9.50;1092.00;-1.57;0
159;naval_supply_hub;4544.00;9.50;1121.00;1.57;0
159;naval_supply_hub;4901.00;9.50;1135.00;1.57;0
159;naval_supply_hub;4932.00;9.50;622.00;-3.93;0
159;naval_supply_hub;4828.00;9.50;771.00;-1.57;0
159;naval_supply_hub;4777.00;9.50;831.00;-1.57;0
159;naval_supply_hub;4947.00;9.50;679.00;-3.14;0
159;naval_supply_hub;4520.00;9.50;1114.00;-3.14;0
159;naval_supply_hub;4828.00;9.60;812.00;1.57;0
159;naval_supply_hub;4920.00;9.50;778.00;-1.57;0
159;naval_headquarters;5080.00;9.50;678.00;-1.57;0
159;naval_headquarters;4947.00;9.50;677.00;-3.14;0
159;naval_headquarters;4724.00;9.70;888.00;1.57;0
159;naval_headquarters;4823.00;9.50;1068.00;1.57;0
159;naval_headquarters;4768.00;9.50;855.00;1.57;0
159;naval_headquarters;4713.00;9.50;882.00;-3.93;0
159;naval_headquarters;4651.00;9.50;865.00;-3.93;0
159;naval_headquarters;4848.00;9.62;804.00;0.79;0
159;naval_headquarters;4941.00;9.50;715.00;-1.57;0
159;naval_headquarters;4641.00;9.50;925.00;1.57;0
159;naval_headquarters;4723.00;9.50;1094.00;-1.57;0
159;naval_headquarters;4814.00;9.50;826.00;-3.14;0
159;naval_headquarters;4917.00;9.50;1275.00;1.57;0
159;naval_headquarters;4921.00;9.50;724.00;-3.14;0
159;naval_headquarters;4740.00;9.50;871.00;-2.82;0
159;naval_headquarters;4670.00;9.60;869.00;-1.48;0
159;naval_headquarters;4929.00;9.50;626.00;-3.93;0
159;naval_headquarters;4827.00;9.50;811.00;1.57;0
159;naval_headquarters;4693.00;9.50;798.00;-1.57;0
159;naval_headquarters;4681.00;9.50;810.00;-3.93;0
159;naval_headquarters;4935.00;9.50;699.00;1.57;0
159;naval_headquarters;4901.00;9.50;626.00;-3.39;0
159;naval_headquarters;4854.00;9.62;789.00;-3.14;0
159;naval_headquarters;4510.00;9.50;1096.00;-3.93;0
159;naval_headquarters;4708.00;9.60;913.00;0.79;0
159;naval_headquarters;4957.00;9.50;660.00;1.57;0
159;naval_headquarters;4520.00;9.50;1111.00;-3.14;0
159;naval_headquarters;4769.00;9.50;839.00;-1.57;0
159;naval_headquarters;5109.00;9.50;693.00;1.57;0
159;naval_headquarters;4777.00;9.50;833.00;-1.57;0
159;naval_headquarters;4942.00;9.50;700.00;-3.14;0
159;naval_headquarters;4940.00;9.50;619.00;-3.14;0
159;naval_headquarters;4784.00;9.50;825.00;1.57;0
159;naval_headquarters;4528.00;9.53;1363.00;1.57;0
159;naval_headquarters;4963.00;9.50;1139.00;-3.93;0
159;naval_headquarters;4928.00;9.50;1141.00;-1.57;0
159;naval_headquarters;4957.00;9.50;1048.00;1.57;0
159;naval_headquarters;4962.00;9.50;650.00;-1.57;0
159;naval_headquarters;4919.00;9.50;949.00;-3.93;0
159;naval_headquarters;4909.00;9.50;787.00;1.57;0
159;naval_headquarters;4827.00;9.60;806.00;-3.14;0
159;naval_headquarters;4544.00;9.50;1118.00;1.57;0
159;naval_headquarters;5089.00;9.50;656.00;1.57;0
159;naval_headquarters;4579.00;9.50;1177.00;1.57;0
159;naval_headquarters;4791.00;9.50;822.00;-3.93;0
159;naval_headquarters;4917.00;9.50;1139.00;-1.57;0
159;naval_headquarters;4900.00;9.50;1135.00;1.57;0
159;naval_headquarters;4681.00;9.73;919.00;-1.57;0
159;naval_headquarters;4948.00;9.50;691.00;-1.57;0
159;naval_headquarters;4932.00;9.50;702.00;-3.14;0
159;naval_headquarters;4781.00;9.50;819.00;-1.57;0
159;naval_headquarters;5009.00;9.50;988.00;-3.93;0
159;naval_headquarters;4638.00;9.60;875.00;-3.14;0
159;naval_headquarters;4830.00;9.50;768.00;-1.57;0
159;naval_headquarters;4920.00;9.50;779.00;-1.57;0
159;naval_headquarters;4454.00;9.50;1078.00;-3.14;0
159;nuclear_reactor_spawn;4709.00;10.35;885.00;2.62;0
159;special_project_facility_spawn;4684.00;9.65;861.00;2.26;0
159;special_project_facility_spawn;4633.00;9.55;925.00;2.34;0
159;special_project_facility_spawn;4809.00;9.50;832.00;4.46;0
159;special_project_facility_spawn;4919.00;9.50;610.00;0.78;0
159;special_project_facility_spawn;5009.00;9.50;989.00;1.50;0
159;special_project_facility_spawn;4751.00;9.60;857.00;2.78;0
159;special_project_facility_spawn;4723.00;9.80;887.00;1.75;0
159;special_project_facility_spawn;4705.00;9.98;885.00;2.42;0
159;special_project_facility_spawn;4786.00;9.50;825.00;2.86;0
159;special_project_facility_spawn;4684.00;9.50;808.00;2.33;0
159;special_project_facility_spawn;4855.00;9.60;788.00;4.42;0
159;special_project_facility_spawn;4917.00;9.50;1138.00;2.40;0
159;special_project_facility_spawn;5083.00;9.50;679.00;3.51;0
159;special_project_facility_spawn;4831.00;9.50;767.00;6.03;0
159;special_project_facility_spawn;4925.00;9.50;713.00;6.22;0
159;special_project_facility_spawn;4543.00;9.50;1121.00;1.63;0
159;special_project_facility_spawn;5100.00;9.50;692.00;0.41;0
159;special_project_facility_spawn;4960.00;9.50;659.00;2.14;0
159;special_project_facility_spawn;4950.00;9.50;692.00;1.21;0
159;special_project_facility_spawn;4823.00;9.65;803.00;1.81;0
159;special_project_facility_spawn;4958.00;9.50;1046.00;3.45;0
159;special_project_facility_spawn;4826.00;9.50;1070.00;1.75;0
159;special_project_facility_spawn;4836.00;9.53;817.00;5.80;0
159;special_project_facility_spawn;4693.00;9.50;798.00;4.75;0
159;special_project_facility_spawn;4920.00;9.50;949.00;0.85;0
159;special_project_facility_spawn;4960.00;9.50;1137.00;0.20;0
159;special_project_facility_spawn;4581.00;9.50;1177.00;5.81;0
159;special_project_facility_spawn;4637.00;9.50;873.00;4.42;0
159;special_project_facility_spawn;4792.00;9.50;821.00;6.11;0
159;special_project_facility_spawn;4723.00;9.50;1093.00;2.90;0
159;special_project_facility_spawn;4780.00;9.50;819.00;2.01;0
159;special_project_facility_spawn;4921.00;9.50;779.00;3.33;0
159;special_project_facility_spawn;4932.00;9.50;704.00;1.76;0
159;special_project_facility_spawn;4941.00;9.50;617.00;0.66;0
159;special_project_facility_spawn;4928.00;9.50;1139.00;6.17;0
159;special_project_facility_spawn;5095.00;9.50;657.00;4.16;0
159;special_project_facility_spawn;4944.00;9.50;700.00;1.27;0
159;special_project_facility_spawn;4772.00;9.50;851.00;1.19;0
159;special_project_facility_spawn;4898.00;9.50;1135.00;3.85;0
159;special_project_facility_spawn;4709.00;9.50;910.00;5.82;0
159;special_project_facility_spawn;4828.00;9.60;812.00;0.94;0
159;special_project_facility_spawn;4961.00;9.50;650.00;1.44;0
159;special_project_facility_spawn;4519.00;9.50;1112.00;4.07;0
159;special_project_facility_spawn;4913.00;9.50;789.00;2.16;0
159;special_project_facility_spawn;4948.00;9.50;678.00;2.63;0
159;special_project_facility_spawn;4684.00;9.80;917.00;0.56;0
159;special_project_facility_spawn;4650.00;9.60;868.00;3.10;0
159;special_project_facility_spawn;4915.00;9.50;1274.00;6.28;0
159;special_project_facility_spawn;4455.00;9.60;1078.00;4.57;0
159;special_project_facility_spawn;4929.00;9.50;625.00;0.47;0
159;special_project_facility_spawn;4940.00;9.50;713.00;5.74;0
159;special_project_facility_spawn;4772.00;9.50;836.00;5.51;0
159;special_project_facility_spawn;4935.00;9.50;698.00;1.96;0
159;special_project_facility_spawn;4509.00;9.50;1095.00;5.23;0
159;special_project_facility_spawn;4528.00;9.53;1362.00;4.50;0
159;special_project_facility_spawn;4777.00;9.50;832.00;0.88;0
159;rocket_site_spawn;4824.00;9.75;804.00;0.10;0
159;floating_harbor;4811.00;9.50;863.00;-1.75;1556
159;floating_harbor;4691.61;9.50;879.27;-0.72;1557
159;floating_harbor;4906.70;9.50;629.79;-0.24;1586
159;floating_harbor;5024.00;9.50;714.00;1.02;1608
159;floating_harbor;4811.00;9.50;863.00;-1.60;1617
159;floating_harbor;4720.00;9.50;896.00;-1.57;1631
159;floating_harbor;4811.00;9.50;863.00;0.53;1664
159;floating_harbor;5024.00;9.50;714.00;1.34;1666
159;floating_harbor;4826.00;9.50;811.00;0.00;1669
159;floating_harbor;4809.00;9.50;839.00;0.00;1677
159;floating_harbor;4925.00;9.50;725.00;0.00;1693
159;floating_harbor;4857.95;9.50;781.05;-2.36;1711
159;floating_harbor;4782.00;9.50;847.00;-1.57;1716
159;floating_harbor;4791.00;9.50;827.00;-1.57;1737
159;floating_harbor;4691.95;9.50;811.95;-0.79;1752
159;floating_harbor;4701.00;9.50;1020.00;-0.60;1794
159;floating_harbor;4934.95;9.50;630.95;-0.79;1846
159;floating_harbor;4701.00;9.50;1020.00;-0.18;1859
159;floating_harbor;4551.00;9.50;1118.00;-1.57;1867
159;floating_harbor;4943.00;9.50;698.00;-1.57;1927
159;floating_harbor;4919.00;9.50;788.00;-1.57;1928
159;floating_harbor;4811.00;9.50;863.00;-0.98;1929
159;floating_harbor;4941.00;9.50;624.00;0.00;1942
159;floating_harbor;4966.00;9.50;659.00;-1.57;1944
159;floating_harbor;4796.95;9.50;825.95;-0.79;1947
159;floating_harbor;4601.00;9.50;775.00;-4.47;1969
159;floating_harbor;4923.00;9.50;1273.00;-1.57;1972
159;floating_harbor;4931.00;9.50;711.00;0.00;1982
159;floating_harbor;4654.95;9.50;872.95;-0.79;1985
159;floating_harbor;5024.00;9.50;714.00;-0.77;2028
159;floating_harbor;4947.00;9.50;685.00;0.00;2030
159;floating_harbor;5024.00;9.50;714.00;-1.56;2031
159;floating_harbor;4455.00;9.50;1086.00;0.00;2036
159;floating_harbor;4947.00;9.50;692.00;-1.57;2056
159;floating_harbor;4587.00;9.50;1177.00;-1.57;2066
159;floating_harbor;4783.00;9.50;681.00;-3.62;2100
159;floating_harbor;4513.95;9.50;1099.95;-0.79;2106
159;floating_harbor;4519.00;9.50;1120.00;0.00;2107
159;floating_harbor;5100.00;9.50;657.00;-1.57;2129
159;floating_harbor;4832.00;9.50;1068.00;-1.57;2133
159;floating_harbor;4536.00;9.50;1362.00;-1.57;2141
159;floating_harbor;4924.00;9.50;1106.00;-4.01;2175
159;floating_harbor;4944.00;9.50;707.00;0.00;2215
159;floating_harbor;4638.00;9.50;881.00;0.00;2221
159;floating_harbor;4712.95;9.50;906.05;-2.36;2223
159;floating_harbor;4965.00;9.50;1047.00;-1.57;2226
159;floating_harbor;4701.00;9.50;1020.00;-3.42;2227
159;floating_harbor;5024.00;9.50;714.00;-2.13;2269
159;floating_harbor;4835.00;9.50;812.00;-1.57;2271
159;floating_harbor;4811.00;9.50;863.00;-0.64;2273
159;floating_harbor;4811.00;9.50;863.00;-0.83;2274
159;floating_harbor;4925.95;9.50;953.95;-0.79;2280
159;floating_harbor;5014.95;9.50;992.95;-0.79;2283
159;floating_harbor;4907.00;9.50;1134.00;-1.57;2288
159;floating_harbor;4924.00;9.50;1106.00;-2.93;2289
159;floating_harbor;4924.00;9.50;1106.00;-3.23;2290
160;arms_factory;3620.00;9.73;341.00;2.01;0
160;arms_factory;3618.00;9.75;340.00;4.87;0
160;arms_factory;3617.00;9.75;347.00;3.38;0
160;arms_factory;3615.00;9.73;342.00;2.56;0
160;arms_factory;3615.00;9.73;351.00;0.48;0
160;arms_factory;3617.00;9.75;344.00;5.56;0
160;industrial_complex;3636.00;9.50;321.00;1.27;0
160;industrial_complex;3616.00;9.78;342.00;5.86;0
160;industrial_complex;3637.00;9.50;321.00;6.23;0
160;industrial_complex;3628.00;9.75;343.00;3.92;0
160;industrial_complex;3626.00;9.65;342.00;0.78;0
160;industrial_complex;3617.00;9.75;350.00;0.12;0
160;air_base;3622.00;9.75;343.00;3.23;0
160;supply_node;3618.00;9.75;342.00;5.18;0
160;supply_node;3637.00;9.50;319.00;1.47;0
160;bunker;3616.00;9.75;349.00;5.38;0
160;bunker;3638.00;9.50;318.00;6.19;0
160;coastal_bunker;3620.00;9.68;343.00;1.57;0
160;coastal_bunker;3637.00;9.50;319.00;-3.14;0
160;stronghold_network;3617.00;9.75;346.00;2.95;0
160;dockyard;3628.00;9.75;344.00;1.57;0
160;anti_air_building;3619.00;9.75;342.00;0.21;0
160;anti_air_building;3623.00;9.73;343.00;2.08;0
160;anti_air_building;3620.00;9.73;342.00;0.79;0
160;synthetic_refinery;3618.00;9.75;349.00;0.97;0
160;fuel_silo;3612.00;9.65;339.00;0.26;0
160;radar_station;3623.00;9.62;336.00;1.61;0
160;naval_supply_hub;3618.00;9.68;343.00;1.57;0
160;naval_supply_hub;3637.00;9.50;319.00;-3.14;0
160;naval_headquarters;3614.00;9.50;345.00;1.57;0
160;naval_headquarters;3638.00;9.78;320.00;-3.14;0
160;nuclear_reactor_spawn;3625.00;9.70;343.00;5.90;0
160;special_project_facility_spawn;3637.00;9.50;320.00;4.05;0
160;special_project_facility_spawn;3615.00;9.65;346.00;3.98;0
160;rocket_site_spawn;3617.00;9.75;350.00;6.25;0
160;floating_harbor;3685.00;9.50;324.00;-1.84;1625
160;floating_harbor;3637.00;9.50;327.00;0.00;2208
161;arms_factory;1661.00;9.50;1250.00;3.38;0
161;arms_factory;1704.00;9.50;1182.00;2.56;0
161;arms_factory;1515.00;10.43;1267.00;0.48;0
161;arms_factory;1558.00;10.90;1277.00;5.56;0
161;arms_factory;1541.00;10.43;1268.00;1.27;0
161;arms_factory;1561.00;10.10;1173.00;5.86;0
161;industrial_complex;1529.00;10.35;1268.00;6.23;0
161;industrial_complex;1531.00;10.20;1267.00;3.92;0
161;industrial_complex;1518.00;10.53;1267.00;0.78;0
161;industrial_complex;1521.00;10.93;1282.00;0.12;0
161;industrial_complex;1605.00;9.98;1263.00;3.23;0
161;industrial_complex;1526.00;11.88;1286.00;1.49;0
161;air_base;1549.00;12.38;1279.00;3.02;0
161;supply_node;1539.00;12.40;1276.00;5.67;0
161;supply_node;1453.00;13.23;1264.00;0.60;0
161;supply_node;1607.00;10.48;1265.00;3.31;0
161;supply_node;1680.00;10.00;1138.00;5.47;0
161;supply_node;1443.00;9.85;1373.00;1.78;0
161;supply_node;1438.00;10.00;1406.00;2.85;0
161;supply_node;1676.00;9.95;1233.00;4.50;0
161;supply_node;1690.00;9.78;1152.00;2.66;0
161;supply_node;1509.00;9.90;1312.00;0.17;0
161;supply_node;1448.00;9.78;1361.00;0.61;0
161;supply_node;1683.00;9.53;1206.00;1.46;0
161;supply_node;1455.00;9.50;1402.00;1.61;0
161;supply_node;1501.00;9.73;1335.00;4.52;0
161;supply_node;1679.00;10.00;1220.00;5.09;0
161;supply_node;1684.00;9.88;1194.00;4.41;0
161;supply_node;1479.00;9.50;1369.00;1.82;0
161;supply_node;1641.00;9.50;1147.00;1.27;0
161;supply_node;1487.00;9.50;1346.00;3.54;0
161;supply_node;1681.00;9.85;1184.00;5.22;0
161;supply_node;1417.00;9.50;1223.00;3.14;0
161;supply_node;1514.00;9.50;1275.00;4.56;0
161;supply_node;1635.00;9.50;1257.00;4.60;0
161;supply_node;1528.00;9.50;1326.00;4.64;0
161;supply_node;1497.00;9.50;1340.00;5.40;0
161;supply_node;1662.00;9.50;1249.00;1.85;0
161;supply_node;1397.00;10.35;1284.00;3.74;0
161;supply_node;1674.00;9.50;1165.00;3.38;0
161;supply_node;1582.00;9.50;1167.00;2.81;0
161;supply_node;1705.00;9.53;1182.00;5.76;0
161;supply_node;1559.00;9.50;1173.00;2.17;0
161;supply_node;1673.00;9.50;1247.00;3.38;0
161;supply_node;1533.00;9.50;1325.00;0.90;0
161;supply_node;1572.00;9.50;1167.00;2.27;0
161;supply_node;1656.00;10.00;1262.00;5.47;0
161;supply_node;1468.00;9.50;1382.00;3.69;0
161;supply_node;1452.00;9.85;1379.00;3.73;0
161;supply_node;1448.00;9.50;1411.00;3.52;0
161;bunker;1530.00;10.70;1269.00;4.92;0
161;bunker;1446.00;9.50;1412.00;2.28;0
161;bunker;1444.00;10.88;1267.00;5.46;0
161;bunker;1612.00;10.60;1265.00;2.25;0
161;bunker;1679.00;10.00;1220.00;0.78;0
161;bunker;1453.00;9.93;1380.00;4.57;0
161;bunker;1507.00;9.88;1312.00;5.44;0
161;bunker;1467.00;9.50;1383.00;1.58;0
161;bunker;1480.00;9.50;1366.00;2.57;0
161;bunker;1444.00;10.03;1373.00;3.52;0
161;bunker;1558.00;9.50;1175.00;4.83;0
161;bunker;1693.00;9.82;1154.00;2.75;0
161;bunker;1488.00;9.50;1345.00;3.00;0
161;bunker;1503.00;9.73;1336.00;2.07;0
161;bunker;1656.00;9.50;1261.00;2.77;0
161;bunker;1535.00;9.50;1323.00;2.99;0
161;bunker;1495.00;9.50;1341.00;3.61;0
161;bunker;1570.00;9.50;1170.00;2.24;0
161;bunker;1683.00;10.15;1141.00;0.19;0
161;bunker;1706.00;9.50;1180.00;0.00;0
161;bunker;1674.00;9.50;1163.00;3.00;0
161;bunker;1673.00;9.50;1248.00;1.20;0
161;bunker;1516.00;9.75;1275.00;4.81;0
161;bunker;1635.00;10.07;1258.00;2.38;0
161;bunker;1456.00;10.20;1403.00;5.49;0
161;bunker;1682.00;9.93;1184.00;4.00;0
161;bunker;1584.00;9.90;1166.00;3.73;0
161;bunker;1645.00;9.50;1148.00;1.41;0
161;bunker;1449.00;9.95;1362.00;5.36;0
161;bunker;1683.00;10.10;1209.00;1.10;0
161;bunker;1662.00;9.55;1250.00;0.37;0
161;bunker;1675.00;9.93;1232.00;4.02;0
161;bunker;1529.00;9.68;1327.00;5.49;0
161;bunker;1436.00;10.65;1406.00;4.25;0
161;bunker;1685.00;10.00;1195.00;3.24;0
161;bunker;1397.00;10.35;1284.00;5.96;0
161;bunker;1418.00;9.88;1224.00;3.33;0
161;coastal_bunker;1686.00;9.90;1194.00;-3.93;0
161;coastal_bunker;1498.00;9.50;1339.00;-3.14;0
161;coastal_bunker;1680.00;9.50;1233.00;1.57;0
161;coastal_bunker;1507.00;10.35;1270.00;-1.57;0
161;coastal_bunker;1529.00;9.65;1328.00;-3.93;0
161;coastal_bunker;1442.00;10.45;1407.00;1.57;0
161;coastal_bunker;1679.00;10.03;1222.00;-1.57;0
161;coastal_bunker;1445.00;9.98;1374.00;-3.14;0
161;coastal_bunker;1615.00;9.50;1262.00;1.47;0
161;coastal_bunker;1502.00;9.50;1336.00;-3.14;0
161;coastal_bunker;1662.00;9.50;1249.00;-3.14;0
161;coastal_bunker;1398.00;10.40;1284.00;-1.57;0
161;coastal_bunker;1572.00;9.50;1167.00;-3.14;0
161;coastal_bunker;1675.00;9.70;1165.00;1.57;0
161;coastal_bunker;1534.00;9.50;1325.00;1.57;0
161;coastal_bunker;1454.00;10.03;1260.00;1.57;0
161;coastal_bunker;1514.00;9.78;1276.00;-3.14;0
161;coastal_bunker;1686.00;9.50;1151.00;-1.57;0
161;coastal_bunker;1558.00;9.50;1176.00;-3.14;0
161;coastal_bunker;1475.00;9.50;1373.00;-3.93;0
161;coastal_bunker;1683.00;9.53;1206.00;0.46;0
161;coastal_bunker;1684.00;9.90;1141.00;-1.57;0
161;coastal_bunker;1447.00;9.50;1362.00;-3.93;0
161;coastal_bunker;1468.00;9.82;1384.00;-3.14;0
161;coastal_bunker;1453.00;9.55;1379.00;1.57;0
161;coastal_bunker;1415.00;9.50;1224.00;-3.14;0
161;coastal_bunker;1681.00;9.85;1184.00;1.57;0
161;coastal_bunker;1675.00;9.75;1247.00;1.57;0
161;coastal_bunker;1705.00;9.50;1181.00;-1.57;0
161;coastal_bunker;1657.00;10.57;1263.00;1.57;0
161;coastal_bunker;1506.00;9.50;1311.00;-3.93;0
161;coastal_bunker;1455.00;9.50;1400.00;-3.93;0
161;coastal_bunker;1449.00;9.50;1411.00;-3.14;0
161;coastal_bunker;1488.00;9.50;1344.00;-1.57;0
161;coastal_bunker;1641.00;9.50;1147.00;-1.57;0
161;coastal_bunker;1583.00;9.50;1166.00;-1.57;0
161;coastal_bunker;1637.00;9.50;1257.00;-3.93;0
161;stronghold_network;1526.00;10.07;1272.00;4.65;0
161;dockyard;1527.00;9.50;1328.00;-3.93;0
161;anti_air_building;1553.00;10.85;1272.00;3.46;0
161;anti_air_building;1541.00;12.48;1281.00;3.23;0
161;anti_air_building;1449.00;11.12;1262.00;1.89;0
161;synthetic_refinery;1674.00;9.88;1233.00;0.12;0
161;fuel_silo;1449.00;12.15;1264.00;0.92;0
161;radar_station;1551.00;10.90;1273.00;1.19;0
161;naval_supply_hub;1619.00;9.98;1267.00;1.47;0
161;naval_supply_hub;1681.00;9.98;1219.00;-1.57;0
161;naval_supply_hub;1686.00;9.50;1151.00;-1.57;0
161;naval_supply_hub;1433.00;9.93;1405.00;1.57;0
161;naval_supply_hub;1456.00;10.10;1402.00;-3.93;0
161;naval_supply_hub;1684.00;9.50;1204.00;0.46;0
161;naval_supply_hub;1469.00;9.50;1381.00;0.79;0
161;naval_supply_hub;1560.00;10.20;1174.00;-3.14;0
161;naval_supply_hub;1417.00;9.53;1225.00;-3.14;0
161;naval_supply_hub;1572.00;9.90;1278.00;-1.57;0
161;naval_supply_hub;1453.00;9.55;1379.00;1.57;0
161;naval_supply_hub;1501.00;9.73;1335.00;-3.14;0
161;naval_supply_hub;1441.00;9.50;1370.00;0.00;0
161;naval_supply_hub;1447.00;9.50;1361.00;-3.93;0
161;naval_supply_hub;1676.00;9.88;1234.00;1.57;0
161;naval_supply_hub;1574.00;9.50;1166.00;-3.14;0
161;naval_supply_hub;1396.00;10.20;1284.00;-1.57;0
161;naval_supply_hub;1458.00;11.50;1268.00;1.57;0
161;naval_supply_hub;1528.00;9.50;1327.00;-3.93;0
161;naval_supply_hub;1657.00;10.45;1262.00;1.57;0
161;naval_supply_hub;1514.00;9.50;1275.00;-3.14;0
161;naval_supply_hub;1681.00;9.50;1183.00;1.57;0
161;naval_supply_hub;1510.00;9.80;1314.00;-3.93;0
161;naval_supply_hub;1634.00;9.50;1257.00;-3.93;0
161;naval_supply_hub;1644.00;9.50;1146.00;-1.57;0
161;naval_supply_hub;1684.00;9.50;1192.00;-3.93;0
161;naval_supply_hub;1679.00;9.50;1133.00;-1.57;0
161;naval_supply_hub;1449.00;9.50;1411.00;-3.14;0
161;naval_supply_hub;1675.00;9.50;1168.00;1.57;0
161;naval_supply_hub;1498.00;9.50;1340.00;-3.14;0
161;naval_supply_hub;1534.00;9.50;1325.00;1.57;0
161;naval_supply_hub;1663.00;9.95;1249.00;-3.14;0
161;naval_supply_hub;1476.00;9.50;1372.00;-3.93;0
161;naval_supply_hub;1675.00;9.75;1247.00;1.57;0
161;naval_supply_hub;1581.00;9.50;1168.00;-1.57;0
161;naval_supply_hub;1706.00;9.82;1182.00;-1.57;0
161;naval_supply_hub;1489.00;9.73;1347.00;-1.57;0
161;naval_headquarters;1511.00;9.82;1313.00;-3.93;0
161;naval_headquarters;1684.00;9.50;1203.00;0.46;0
161;naval_headquarters;1532.00;9.60;1265.00;-1.57;0
161;naval_headquarters;1705.00;9.50;1181.00;-1.57;0
161;naval_headquarters;1467.00;9.50;1384.00;-3.14;0
161;naval_headquarters;1675.00;9.50;1133.00;-1.57;0
161;naval_headquarters;1455.00;9.50;1395.00;-3.93;0
161;naval_headquarters;1459.00;10.88;1261.00;1.57;0
161;naval_headquarters;1616.00;9.90;1269.00;-4.25;0
161;naval_headquarters;1419.00;9.50;1223.00;-3.14;0
161;naval_headquarters;1496.00;9.50;1341.00;-3.14;0
161;naval_headquarters;1640.00;9.80;1148.00;-1.57;0
161;naval_headquarters;1680.00;9.50;1184.00;1.57;0
161;naval_headquarters;1439.00;9.50;1371.00;0.00;0
161;naval_headquarters;1661.00;9.53;1251.00;-3.14;0
161;naval_headquarters;1482.00;9.50;1365.00;-3.93;0
161;naval_headquarters;1559.00;10.15;1175.00;-3.14;0
161;naval_headquarters;1679.00;10.03;1222.00;-1.57;0
161;naval_headquarters;1444.00;10.32;1407.00;1.57;0
161;naval_headquarters;1512.00;9.85;1278.00;-3.14;0
161;naval_headquarters;1634.00;9.50;1259.00;-2.36;0
161;naval_headquarters;1689.00;9.50;1150.00;-1.57;0
161;naval_headquarters;1503.00;9.73;1339.00;-3.14;0
161;naval_headquarters;1489.00;9.53;1344.00;-1.57;0
161;naval_headquarters;1450.00;9.82;1361.00;-3.93;0
161;naval_headquarters;1398.00;9.50;1283.00;-1.57;0
161;naval_headquarters;1676.00;9.53;1230.00;1.57;0
161;naval_headquarters;1683.00;9.50;1194.00;-3.93;0
161;naval_headquarters;1675.00;9.50;1246.00;1.57;0
161;naval_headquarters;1674.00;9.50;1165.00;-1.57;0
161;naval_headquarters;1534.00;9.50;1324.00;1.57;0
161;naval_headquarters;1449.00;10.23;1412.00;-3.14;0
161;naval_headquarters;1655.00;9.50;1262.00;1.57;0
161;naval_headquarters;1528.00;9.50;1327.00;-3.93;0
161;naval_headquarters;1584.00;9.90;1167.00;-1.57;0
161;naval_headquarters;1452.00;9.85;1379.00;-1.57;0
161;naval_headquarters;1571.00;9.65;1169.00;-3.14;0
161;nuclear_reactor_spawn;1674.00;9.73;1248.00;5.94;0
161;special_project_facility_spawn;1468.00;9.82;1384.00;4.50;0
161;special_project_facility_spawn;1548.00;12.65;1280.00;4.22;0
161;special_project_facility_spawn;1683.00;10.15;1141.00;1.49;0
161;special_project_facility_spawn;1467.00;11.07;1261.00;3.72;0
161;special_project_facility_spawn;1655.00;9.50;1262.00;4.78;0
161;special_project_facility_spawn;1610.00;10.57;1266.00;1.24;0
161;special_project_facility_spawn;1475.00;9.50;1373.00;4.57;0
161;special_project_facility_spawn;1508.00;9.90;1312.00;4.72;0
161;special_project_facility_spawn;1448.00;9.93;1363.00;4.08;0
161;special_project_facility_spawn;1674.00;9.73;1248.00;0.90;0
161;special_project_facility_spawn;1584.00;9.90;1167.00;2.85;0
161;special_project_facility_spawn;1706.00;9.88;1183.00;0.83;0
161;special_project_facility_spawn;1486.00;9.80;1348.00;2.88;0
161;special_project_facility_spawn;1573.00;9.65;1167.00;3.84;0
161;special_project_facility_spawn;1502.00;9.73;1335.00;2.01;0
161;special_project_facility_spawn;1397.00;10.35;1284.00;2.87;0
161;special_project_facility_spawn;1514.00;10.15;1277.00;1.33;0
161;special_project_facility_spawn;1445.00;9.93;1371.00;0.57;0
161;special_project_facility_spawn;1679.00;10.05;1221.00;6.05;0
161;special_project_facility_spawn;1673.00;9.50;1163.00;4.86;0
161;special_project_facility_spawn;1645.00;9.50;1148.00;4.62;0
161;special_project_facility_spawn;1447.00;9.50;1411.00;0.30;0
161;special_project_facility_spawn;1661.00;9.50;1250.00;1.79;0
161;special_project_facility_spawn;1451.00;9.50;1378.00;0.49;0
161;special_project_facility_spawn;1499.00;9.70;1340.00;0.93;0
161;special_project_facility_spawn;1683.00;9.95;1207.00;0.97;0
161;special_project_facility_spawn;1677.00;9.88;1235.00;3.86;0
161;special_project_facility_spawn;1687.00;9.75;1151.00;0.04;0
161;special_project_facility_spawn;1535.00;9.60;1326.00;1.40;0
161;special_project_facility_spawn;1558.00;9.50;1176.00;3.37;0
161;special_project_facility_spawn;1529.00;9.68;1327.00;1.81;0
161;special_project_facility_spawn;1636.00;10.18;1258.00;4.35;0
161;special_project_facility_spawn;1685.00;9.98;1194.00;0.37;0
161;special_project_facility_spawn;1682.00;9.93;1184.00;1.56;0
161;special_project_facility_spawn;1418.00;9.88;1224.00;4.48;0
161;special_project_facility_spawn;1456.00;10.20;1403.00;1.62;0
161;special_project_facility_spawn;1436.00;10.65;1406.00;1.03;0
161;rocket_site_spawn;1563.00;10.18;1278.00;5.78;0
161;floating_harbor;1489.00;9.50;1281.00;1.46;1536
161;floating_harbor;1489.00;9.50;1281.00;-1.12;1612
161;floating_harbor;1596.00;9.50;1265.00;1.57;1626
161;floating_harbor;1756.00;9.50;1130.00;-1.68;1687
161;floating_harbor;1433.00;9.50;1373.00;1.57;1715
161;floating_harbor;1452.00;9.50;1453.00;-0.27;1760
161;floating_harbor;1684.00;9.50;1233.00;-1.57;1789
161;floating_harbor;1756.00;9.50;1130.00;-1.89;1821
161;floating_harbor;1514.95;9.50;1317.95;-0.79;1822
161;floating_harbor;1453.95;9.50;1366.95;-0.79;1830
161;floating_harbor;1687.13;9.50;1197.74;-2.68;1838
161;floating_harbor;1459.95;9.50;1407.95;-0.79;1854
161;floating_harbor;1501.00;9.50;1343.00;0.00;1872
161;floating_harbor;1757.00;9.50;1267.00;-1.03;1881
161;floating_harbor;1689.95;9.50;1199.95;-0.79;1892
161;floating_harbor;1483.95;9.50;1374.95;-0.79;1893
161;floating_harbor;1617.00;9.50;1190.00;0.51;1971
161;floating_harbor;1489.00;9.50;1281.00;-3.11;2015
161;floating_harbor;1689.00;9.50;1184.00;-1.57;2038
161;floating_harbor;1417.00;9.50;1231.00;0.00;2039
161;floating_harbor;1514.00;9.50;1283.00;0.00;2040
161;floating_harbor;1640.95;9.50;1262.95;-0.79;2068
161;floating_harbor;1533.95;9.50;1331.95;-0.79;2070
161;floating_harbor;1497.00;9.50;1348.00;0.00;2071
161;floating_harbor;1662.00;9.50;1257.00;0.00;2111
161;floating_harbor;1489.00;9.50;1281.00;-1.60;2112
161;floating_harbor;1617.00;9.50;1190.00;1.16;2136
161;floating_harbor;1617.00;9.50;1190.00;-0.99;2137
161;floating_harbor;1756.00;9.50;1130.00;-2.37;2138
161;floating_harbor;1559.00;9.50;1181.00;0.00;2179
161;floating_harbor;1681.00;9.50;1247.00;-1.57;2181
161;floating_harbor;1541.00;9.50;1325.00;-1.57;2184
161;floating_harbor;1572.00;9.50;1175.00;0.00;2230
161;floating_harbor;1664.00;9.50;1262.00;-1.57;2232
161;floating_harbor;1473.95;9.50;1376.05;-2.36;2234
161;floating_harbor;1452.00;9.50;1453.00;0.00;2292
161;floating_harbor;1448.00;9.50;1419.00;0.00;2293
162;arms_factory;2444.00;10.05;2107.00;0.48;0
162;arms_factory;2447.00;9.88;2099.00;5.56;0
162;arms_factory;2446.00;9.50;2098.00;1.27;0
162;arms_factory;2443.00;9.50;2099.00;5.86;0
162;arms_factory;2444.00;9.93;2100.00;6.23;0
162;arms_factory;2443.00;9.50;2099.00;3.92;0
162;industrial_complex;2444.00;9.93;2100.00;0.78;0
162;industrial_complex;2446.00;9.88;2091.00;0.12;0
162;industrial_complex;2445.00;9.68;2099.00;3.23;0
162;industrial_complex;2445.00;9.50;2098.00;1.49;0
162;industrial_complex;2444.00;10.05;2107.00;3.02;0
162;industrial_complex;2447.00;9.62;2098.00;5.38;0
162;air_base;2447.00;9.88;2099.00;6.19;0
162;supply_node;2441.00;9.82;2105.00;3.31;0
162;supply_node;2445.00;9.50;2090.00;5.47;0
162;supply_node;2445.00;9.50;2098.00;1.78;0
162;supply_node;2449.00;9.50;2108.00;2.85;0
162;bunker;2445.00;9.68;2099.00;0.21;0
162;bunker;2444.00;10.07;2108.00;2.08;0
162;bunker;2450.00;9.88;2108.00;0.79;0
162;bunker;2446.00;9.88;2091.00;0.97;0
162;coastal_bunker;2447.00;9.78;2090.00;-3.93;0
162;coastal_bunker;2443.00;9.50;2099.00;-3.93;0
162;coastal_bunker;2443.00;9.50;2112.00;-3.14;0
162;coastal_bunker;2449.00;9.50;2107.00;-3.93;0
162;stronghold_network;2444.00;9.93;2100.00;0.27;0
162;dockyard;2446.00;9.50;2101.00;-3.14;0
162;anti_air_building;2444.00;10.07;2108.00;5.90;0
162;anti_air_building;2443.00;9.50;2100.00;4.05;0
162;anti_air_building;2450.00;9.88;2108.00;3.98;0
162;synthetic_refinery;2447.00;9.88;2099.00;6.25;0
162;fuel_silo;2448.00;9.85;2098.00;0.59;0
162;radar_station;2443.00;9.50;2100.00;4.60;0
162;naval_supply_hub;2448.00;9.50;2106.00;-3.14;0
162;naval_supply_hub;2446.00;9.50;2089.00;-3.93;0
162;naval_supply_hub;2443.00;9.50;2099.00;-3.93;0
162;naval_supply_hub;2449.00;9.50;2110.00;-3.93;0
162;naval_headquarters;2440.00;9.60;2109.00;-3.14;0
162;naval_headquarters;2447.00;9.85;2092.00;-3.93;0
162;naval_headquarters;2450.00;9.95;2111.00;-3.93;0
162;naval_headquarters;2443.00;9.50;2099.00;-3.93;0
162;nuclear_reactor_spawn;2446.00;9.95;2099.00;4.21;0
162;special_project_facility_spawn;2445.00;10.05;2107.00;2.39;0
162;special_project_facility_spawn;2443.00;9.50;2100.00;1.38;0
162;special_project_facility_spawn;2450.00;9.88;2108.00;5.82;0
162;special_project_facility_spawn;2446.00;9.88;2091.00;1.34;0
162;rocket_site_spawn;2447.00;9.88;2099.00;3.61;0
162;floating_harbor;2442.00;9.50;2113.00;0.00;1723
162;floating_harbor;2450.95;9.50;2095.95;-0.79;2025
162;floating_harbor;2450.95;9.50;2103.95;-0.79;2084
162;floating_harbor;2454.95;9.50;2113.95;-0.79;2123
163;arms_factory;364.00;9.50;1278.00;1.27;0
163;arms_factory;394.00;9.50;1241.00;5.86;0
163;arms_factory;391.00;9.50;1242.00;6.23;0
163;arms_factory;490.00;9.50;676.00;3.92;0
163;arms_factory;377.00;9.50;1273.00;0.78;0
163;arms_factory;395.00;9.50;1246.00;0.12;0
163;industrial_complex;388.00;9.50;1244.00;3.23;0
163;industrial_complex;392.00;9.50;1235.00;1.49;0
163;industrial_complex;387.00;9.50;1247.00;3.02;0
163;industrial_complex;395.00;9.50;1242.00;5.38;0
163;industrial_complex;393.00;9.50;1247.00;6.19;0
163;industrial_complex;397.00;9.50;1247.00;2.49;0
163;air_base;128.00;9.50;910.00;1.04;0
163;supply_node;392.00;9.50;1245.00;1.78;0
163;supply_node;348.00;9.50;1284.00;2.85;0
163;supply_node;375.00;9.50;1271.00;4.50;0
163;supply_node;326.00;9.50;1294.00;2.66;0
163;supply_node;43.00;9.50;220.00;0.17;0
163;supply_node;459.00;9.75;709.00;0.61;0
163;supply_node;433.00;9.53;672.00;1.46;0
163;supply_node;106.00;9.50;738.00;1.61;0
163;supply_node;489.00;10.15;691.00;4.52;0
163;supply_node;116.00;9.50;733.00;5.09;0
163;supply_node;482.00;9.80;698.00;4.41;0
163;supply_node;556.00;9.50;663.00;1.82;0
163;supply_node;478.00;9.68;704.00;1.27;0
163;supply_node;502.00;9.50;683.00;3.54;0
163;supply_node;516.00;9.50;687.00;5.22;0
163;supply_node;581.00;9.90;785.00;3.14;0
163;supply_node;114.00;9.50;816.00;4.56;0
163;supply_node;112.00;9.50;893.00;4.60;0
163;supply_node;572.00;10.15;798.00;4.64;0
163;supply_node;366.00;9.50;1266.00;5.40;0
163;supply_node;459.00;9.73;577.00;1.85;0
163;supply_node;698.00;9.93;578.00;3.74;0
163;supply_node;68.00;9.50;594.00;3.38;0
163;supply_node;88.00;9.50;670.00;2.81;0
163;supply_node;534.00;10.07;695.00;5.76;0
163;supply_node;400.00;9.50;766.00;2.17;0
163;supply_node;524.00;9.50;681.00;3.38;0
163;supply_node;132.00;9.50;728.00;0.90;0
163;supply_node;105.00;9.50;826.00;2.27;0
163;supply_node;314.00;9.50;1291.00;5.47;0
163;supply_node;524.00;9.50;691.00;3.69;0
163;supply_node;490.00;9.80;703.00;3.73;0
163;supply_node;452.00;9.50;711.00;3.52;0
163;supply_node;423.00;9.50;788.00;4.73;0
163;supply_node;126.00;9.50;791.00;3.08;0
163;supply_node;118.00;9.50;915.00;0.48;0
163;supply_node;161.00;9.50;1207.00;4.40;0
163;supply_node;362.00;9.50;1277.00;0.83;0
163;supply_node;144.00;9.50;660.00;1.59;0
163;supply_node;558.00;9.50;669.00;4.22;0
163;supply_node;491.00;9.50;675.00;2.47;0
163;supply_node;500.00;10.15;694.00;3.59;0
163;supply_node;495.00;9.50;698.00;3.39;0
163;supply_node;472.00;9.50;705.00;4.96;0
163;supply_node;483.00;9.50;719.00;5.49;0
163;supply_node;582.00;9.93;790.00;4.68;0
163;supply_node;127.00;9.50;910.00;2.75;0
163;supply_node;49.00;9.50;965.00;5.13;0
163;supply_node;707.00;9.70;560.00;4.84;0
163;supply_node;1000.00;9.50;579.00;4.45;0
163;supply_node;507.00;10.05;680.00;1.08;0
163;supply_node;473.00;9.50;700.00;2.47;0
163;supply_node;200.00;9.50;786.00;3.34;0
163;supply_node;313.00;9.50;814.00;1.09;0
163;supply_node;134.00;9.50;904.00;2.85;0
163;supply_node;284.00;9.50;926.00;3.96;0
163;bunker;395.00;9.50;1242.00;2.38;0
163;bunker;514.00;10.12;690.00;5.49;0
163;bunker;378.00;9.50;1272.00;4.00;0
163;bunker;354.00;9.50;1282.00;3.73;0
163;bunker;482.00;9.80;698.00;1.41;0
163;bunker;135.00;9.50;905.00;5.36;0
163;bunker;435.00;9.53;671.00;1.10;0
163;bunker;559.00;9.55;671.00;0.37;0
163;bunker;361.00;9.50;1278.00;4.02;0
163;bunker;126.00;9.50;791.00;5.49;0
163;bunker;119.00;9.50;733.00;4.25;0
163;bunker;325.00;9.50;1293.00;3.24;0
163;bunker;502.00;10.15;685.00;5.96;0
163;bunker;458.00;9.75;711.00;3.33;0
163;bunker;66.00;9.50;594.00;0.52;0
163;bunker;203.00;9.50;786.00;1.80;0
163;bunker;581.00;9.93;786.00;0.39;0
163;bunker;523.00;9.50;682.00;3.07;0
163;bunker;115.00;9.50;817.00;1.28;0
163;bunker;707.00;9.70;560.00;3.05;0
163;bunker;525.00;9.62;691.00;3.30;0
163;bunker;472.00;9.50;705.00;4.36;0
163;bunker;1000.00;9.50;581.00;0.63;0
163;bunker;132.00;9.50;727.00;1.49;0
163;bunker;534.00;10.07;695.00;5.63;0
163;bunker;161.00;9.50;1206.00;0.12;0
163;bunker;366.00;9.50;1267.00;0.49;0
163;bunker;494.00;9.50;699.00;0.50;0
163;bunker;489.00;10.20;692.00;1.72;0
163;bunker;129.00;9.50;910.00;2.65;0
163;bunker;583.00;9.93;790.00;3.95;0
163;bunker;501.00;9.50;693.00;2.10;0
163;bunker;48.00;9.50;966.00;1.60;0
163;bunker;482.00;9.50;719.00;1.85;0
163;bunker;492.00;9.50;674.00;2.95;0
163;bunker;698.00;9.93;578.00;2.39;0
163;bunker;478.00;9.68;705.00;2.30;0
163;bunker;471.00;9.50;701.00;2.68;0
163;bunker;107.00;9.50;739.00;5.63;0
163;bunker;112.00;9.50;893.00;5.21;0
163;bunker;44.00;9.50;221.00;3.79;0
163;bunker;144.00;9.50;660.00;0.73;0
163;bunker;313.00;9.50;814.00;2.83;0
163;bunker;490.00;9.80;703.00;1.65;0
163;bunker;572.00;10.15;798.00;2.54;0
163;bunker;314.00;9.50;1290.00;5.67;0
163;bunker;105.00;9.50;826.00;0.76;0
163;bunker;556.00;9.85;665.00;0.00;0
163;bunker;88.00;9.50;670.00;4.19;0
163;bunker;452.00;9.78;712.00;2.18;0
163;bunker;284.00;9.50;927.00;0.18;0
163;bunker;401.00;9.50;766.00;4.65;0
163;bunker;459.00;9.73;577.00;0.83;0
163;bunker;507.00;10.05;680.00;3.46;0
163;bunker;423.00;9.50;788.00;3.23;0
163;bunker;119.00;9.50;916.00;1.89;0
163;coastal_bunker;463.00;9.50;707.00;1.57;0
163;coastal_bunker;1002.00;9.53;580.00;-3.14;0
163;coastal_bunker;368.00;9.50;1267.00;-3.93;0
163;coastal_bunker;375.00;9.50;1272.00;-3.14;0
163;coastal_bunker;697.00;9.50;579.00;-1.57;0
163;coastal_bunker;314.00;9.50;814.00;-1.57;0
163;coastal_bunker;431.00;9.50;672.00;-1.57;0
163;coastal_bunker;363.00;9.50;1278.00;-3.93;0
163;coastal_bunker;471.00;9.50;706.00;-3.93;0
163;coastal_bunker;202.00;9.50;788.00;-3.93;0
163;coastal_bunker;394.00;9.50;1240.00;0.59;0
163;coastal_bunker;495.00;9.60;699.00;-3.93;0
163;coastal_bunker;127.00;9.50;792.00;-1.57;0
163;coastal_bunker;506.00;9.50;680.00;-1.57;0
163;coastal_bunker;330.00;9.50;1294.00;1.57;0
163;coastal_bunker;560.00;9.95;671.00;-3.93;0
163;coastal_bunker;347.00;9.50;1291.00;1.57;0
163;coastal_bunker;110.00;9.50;739.00;1.57;0
163;coastal_bunker;490.00;9.78;704.00;-1.57;0
163;coastal_bunker;453.00;9.78;712.00;-3.14;0
163;coastal_bunker;523.00;10.62;683.00;1.57;0
163;coastal_bunker;69.00;9.50;597.00;-1.57;0
163;coastal_bunker;483.00;9.50;697.00;1.57;0
163;coastal_bunker;400.00;9.50;765.00;-3.93;0
163;coastal_bunker;50.00;9.50;964.00;1.57;0
163;coastal_bunker;583.00;9.50;789.00;-1.57;0
163;coastal_bunker;120.00;9.50;917.00;1.57;0
163;coastal_bunker;582.00;9.95;787.00;-3.93;0
163;coastal_bunker;572.00;9.50;797.00;1.57;0
163;coastal_bunker;475.00;9.50;700.00;-1.57;0
163;coastal_bunker;422.00;9.50;789.00;-1.57;0
163;coastal_bunker;523.00;9.50;693.00;-3.93;0
163;coastal_bunker;120.00;9.50;734.00;-3.93;0
163;coastal_bunker;135.00;9.50;906.00;-1.57;0
163;coastal_bunker;513.00;9.62;690.00;-3.14;0
163;coastal_bunker;135.00;9.50;728.00;1.57;0
163;coastal_bunker;116.00;9.50;815.00;-1.57;0
163;coastal_bunker;503.00;10.15;685.00;-3.14;0
163;coastal_bunker;47.00;9.50;223.00;-1.57;0
163;coastal_bunker;557.00;9.90;665.00;1.57;0
163;coastal_bunker;491.00;9.50;676.00;-3.93;0
163;coastal_bunker;143.00;9.50;659.00;-3.14;0
163;coastal_bunker;482.00;9.50;719.00;-3.93;0
163;coastal_bunker;502.00;9.62;694.00;-1.57;0
163;coastal_bunker;459.00;9.73;578.00;1.57;0
163;coastal_bunker;129.00;9.50;911.00;-3.93;0
163;coastal_bunker;105.00;9.50;825.00;-3.14;0
163;coastal_bunker;486.00;9.50;694.00;-3.93;0
163;coastal_bunker;111.00;9.50;892.00;-3.14;0
163;coastal_bunker;536.00;9.53;695.00;-1.57;0
163;coastal_bunker;163.00;9.50;1209.00;-3.14;0
163;coastal_bunker;285.00;9.50;925.00;1.57;0
163;coastal_bunker;316.00;9.50;1293.00;1.57;0
163;coastal_bunker;88.00;9.50;669.00;-3.14;0
163;coastal_bunker;709.00;9.50;561.00;-1.57;0
163;coastal_bunker;479.00;9.50;702.00;-1.57;0
163;stronghold_network;560.00;9.50;672.00;5.07;0
163;dockyard;89.00;9.50;669.00;-3.14;0
163;anti_air_building;163.00;9.50;1208.00;3.90;0
163;anti_air_building;583.00;9.50;789.00;1.09;0
163;anti_air_building;472.00;9.50;706.00;2.26;0
163;synthetic_refinery;350.00;9.50;1286.00;5.07;0
163;fuel_silo;525.00;10.18;680.00;3.52;0
163;radar_station;485.00;9.85;721.00;0.48;0
163;naval_supply_hub;459.00;9.50;707.00;1.57;0
163;naval_supply_hub;395.00;9.50;1241.00;0.59;0
163;naval_supply_hub;69.00;9.50;594.00;-1.57;0
163;naval_supply_hub;424.00;9.50;789.00;-1.57;0
163;naval_supply_hub;106.00;9.50;825.00;-3.14;0
163;naval_supply_hub;315.00;9.50;1291.00;1.57;0
163;naval_supply_hub;583.00;9.95;787.00;-3.93;0
163;naval_supply_hub;362.00;9.50;1278.00;-3.93;0
163;naval_supply_hub;47.00;9.50;221.00;-1.57;0
163;naval_supply_hub;49.00;9.50;965.00;1.57;0
163;naval_supply_hub;400.00;9.50;766.00;-3.93;0
163;naval_supply_hub;116.00;9.50;817.00;-1.57;0
163;naval_supply_hub;330.00;9.50;1295.00;1.57;0
163;naval_supply_hub;706.00;9.50;560.00;-1.57;0
163;naval_supply_hub;106.00;9.50;736.00;1.57;0
163;naval_supply_hub;144.00;9.50;660.00;-3.14;0
163;naval_supply_hub;435.00;9.55;673.00;-1.57;0
163;naval_supply_hub;517.00;9.50;687.00;-3.14;0
163;naval_supply_hub;135.00;9.50;906.00;-1.57;0
163;naval_supply_hub;573.00;9.68;800.00;1.57;0
163;naval_supply_hub;500.00;9.50;693.00;-1.57;0
163;naval_supply_hub;371.00;9.50;1272.00;-3.14;0
163;naval_supply_hub;525.00;10.15;692.00;-3.93;0
163;naval_supply_hub;161.00;9.53;1208.00;-3.14;0
163;naval_supply_hub;558.00;9.50;669.00;-3.93;0
163;naval_supply_hub;504.00;9.50;682.00;-3.14;0
163;naval_supply_hub;343.00;9.50;1286.00;1.57;0
163;naval_supply_hub;492.00;9.88;704.00;-1.57;0
163;naval_supply_hub;125.00;9.50;790.00;-1.57;0
163;naval_supply_hub;481.00;9.75;700.00;1.57;0
163;naval_supply_hub;368.00;9.50;1268.00;-3.93;0
163;naval_supply_hub;557.00;9.80;663.00;1.57;0
163;naval_supply_hub;121.00;9.50;732.00;-3.93;0
163;naval_supply_hub;488.00;9.62;692.00;-3.93;0
163;naval_supply_hub;535.00;10.07;696.00;-1.57;0
163;naval_supply_hub;489.00;9.50;676.00;-3.93;0
163;naval_supply_hub;204.00;9.50;786.00;-3.93;0
163;naval_supply_hub;111.00;9.50;895.00;-3.14;0
163;naval_supply_hub;479.00;9.70;703.00;-1.57;0
163;naval_supply_hub;453.00;9.50;711.00;-3.14;0
163;naval_supply_hub;1001.00;9.50;579.00;-3.14;0
163;naval_supply_hub;581.00;9.50;790.00;-1.57;0
163;naval_supply_hub;471.00;9.50;701.00;-1.57;0
163;naval_supply_hub;133.00;9.50;729.00;1.57;0
163;naval_supply_hub;506.00;9.50;680.00;-1.57;0
163;naval_supply_hub;473.00;9.50;705.00;-3.93;0
163;naval_supply_hub;699.00;9.50;577.00;-1.57;0
163;naval_supply_hub;462.00;9.50;577.00;1.57;0
163;naval_supply_hub;314.00;9.50;814.00;-1.57;0
163;naval_supply_hub;525.00;10.18;680.00;1.57;0
163;naval_supply_hub;284.00;9.50;925.00;1.57;0
163;naval_supply_hub;87.00;9.50;672.00;-3.14;0
163;naval_supply_hub;497.00;10.07;698.00;-3.93;0
163;naval_supply_hub;484.00;9.50;721.00;-3.93;0
163;naval_supply_hub;128.00;9.50;910.00;-3.93;0
163;naval_supply_hub;119.00;9.50;914.00;1.57;0
163;naval_headquarters;398.00;9.50;1241.00;0.59;0
163;naval_headquarters;514.00;9.62;689.00;-3.14;0
163;naval_headquarters;369.00;9.50;1266.00;-3.93;0
163;naval_headquarters;201.00;9.50;787.00;-3.93;0
163;naval_headquarters;485.00;9.50;695.00;1.57;0
163;naval_headquarters;525.00;10.07;693.00;-3.93;0
163;naval_headquarters;494.00;9.50;689.00;-3.93;0
163;naval_headquarters;463.00;9.50;707.00;1.57;0
163;naval_headquarters;460.00;9.75;578.00;1.57;0
163;naval_headquarters;491.00;9.85;703.00;-1.57;0
163;naval_headquarters;329.00;9.50;1292.00;1.57;0
163;naval_headquarters;559.00;9.55;671.00;-3.93;0
163;naval_headquarters;347.00;9.50;1279.00;1.57;0
163;naval_headquarters;501.00;9.50;693.00;-1.57;0
163;naval_headquarters;44.00;9.50;219.00;-1.57;0
163;naval_headquarters;380.00;9.50;1269.00;-3.14;0
163;naval_headquarters;69.00;9.50;596.00;-1.57;0
163;naval_headquarters;483.00;9.80;720.00;-3.93;0
163;naval_headquarters;402.00;9.50;767.00;-3.93;0
163;naval_headquarters;113.00;9.50;817.00;-1.57;0
163;naval_headquarters;285.00;9.50;925.00;1.57;0
163;naval_headquarters;314.00;9.50;814.00;-1.57;0
163;naval_headquarters;555.00;9.50;665.00;1.57;0
163;naval_headquarters;499.00;9.50;684.00;-3.14;0
163;naval_headquarters;118.00;9.50;916.00;-3.14;0
163;naval_headquarters;471.00;9.50;706.00;-3.93;0
163;naval_headquarters;472.00;9.50;700.00;-1.57;0
163;naval_headquarters;129.00;9.50;910.00;-3.93;0
163;naval_headquarters;161.00;9.50;1207.00;-3.14;0
163;naval_headquarters;430.00;9.50;675.00;-1.57;0
163;naval_headquarters;573.00;9.50;797.00;1.57;0
163;naval_headquarters;112.00;9.50;892.00;-3.14;0
163;naval_headquarters;525.00;10.80;681.00;1.57;0
163;naval_headquarters;363.00;9.50;1277.00;-3.93;0
163;naval_headquarters;117.00;9.50;735.00;-3.93;0
163;naval_headquarters;580.00;9.50;784.00;-3.93;0
163;naval_headquarters;125.00;9.50;790.00;-1.57;0
163;naval_headquarters;51.00;9.50;966.00;1.57;0
163;naval_headquarters;480.00;9.50;703.00;-1.57;0
163;naval_headquarters;424.00;9.50;790.00;-1.57;0
163;naval_headquarters;143.00;9.50;660.00;-3.14;0
163;naval_headquarters;135.00;9.50;904.00;-1.57;0
163;naval_headquarters;497.00;10.07;698.00;-3.93;0
163;naval_headquarters;105.00;9.50;738.00;1.57;0
163;naval_headquarters;316.00;9.50;1293.00;1.57;0
163;naval_headquarters;697.00;9.50;580.00;-1.57;0
163;naval_headquarters;507.00;9.50;679.00;-1.57;0
163;naval_headquarters;454.00;9.50;711.00;-3.14;0
163;naval_headquarters;534.00;9.53;694.00;-1.57;0
163;naval_headquarters;1001.00;9.88;580.00;-3.14;0
163;naval_headquarters;582.00;9.50;789.00;-1.57;0
163;naval_headquarters;106.00;9.50;827.00;-3.14;0
163;naval_headquarters;489.00;9.50;676.00;-3.93;0
163;naval_headquarters;706.00;9.50;560.00;-1.57;0
163;naval_headquarters;89.00;9.50;672.00;-3.14;0
163;naval_headquarters;132.00;9.50;727.00;1.57;0
163;nuclear_reactor_spawn;392.00;9.50;1246.00;2.42;0
163;special_project_facility_spawn;391.00;9.50;1243.00;2.86;0
163;special_project_facility_spawn;202.00;9.50;787.00;2.33;0
163;special_project_facility_spawn;378.00;9.50;1269.00;4.42;0
163;special_project_facility_spawn;325.00;9.50;1294.00;2.40;0
163;special_project_facility_spawn;348.00;9.50;1286.00;3.51;0
163;special_project_facility_spawn;114.00;9.50;817.00;6.03;0
163;special_project_facility_spawn;503.00;9.50;682.00;6.22;0
163;special_project_facility_spawn;482.00;9.50;720.00;1.63;0
163;special_project_facility_spawn;127.00;9.50;910.00;0.41;0
163;special_project_facility_spawn;707.00;9.70;561.00;2.14;0
163;special_project_facility_spawn;135.00;9.50;728.00;1.21;0
163;special_project_facility_spawn;88.00;9.50;670.00;1.81;0
163;special_project_facility_spawn;473.00;9.50;705.00;3.45;0
163;special_project_facility_spawn;461.00;9.75;708.00;1.75;0
163;special_project_facility_spawn;497.00;9.50;697.00;5.80;0
163;special_project_facility_spawn;362.00;9.50;1278.00;4.75;0
163;special_project_facility_spawn;583.00;9.93;790.00;0.85;0
163;special_project_facility_spawn;557.00;9.50;669.00;0.20;0
163;special_project_facility_spawn;526.00;9.65;691.00;5.81;0
163;special_project_facility_spawn;581.00;9.93;786.00;4.42;0
163;special_project_facility_spawn;285.00;9.50;924.00;6.11;0
163;special_project_facility_spawn;70.00;9.50;594.00;2.90;0
163;special_project_facility_spawn;51.00;9.50;965.00;2.01;0
163;special_project_facility_spawn;490.00;9.50;676.00;3.33;0
163;special_project_facility_spawn;135.00;9.50;904.00;1.76;0
163;special_project_facility_spawn;46.00;9.50;222.00;0.66;0
163;special_project_facility_spawn;522.00;9.50;683.00;6.17;0
163;special_project_facility_spawn;434.00;9.55;672.00;4.16;0
163;special_project_facility_spawn;481.00;9.80;699.00;1.27;0
163;special_project_facility_spawn;316.00;9.50;1292.00;1.19;0
163;special_project_facility_spawn;106.00;9.50;737.00;3.85;0
163;special_project_facility_spawn;515.00;10.12;689.00;5.82;0
163;special_project_facility_spawn;999.00;9.50;580.00;0.94;0
163;special_project_facility_spawn;478.00;9.68;704.00;1.44;0
163;special_project_facility_spawn;115.00;9.50;734.00;4.07;0
163;special_project_facility_spawn;143.00;9.50;659.00;2.16;0
163;special_project_facility_spawn;498.00;9.50;694.00;2.63;0
163;special_project_facility_spawn;161.00;9.53;1208.00;0.56;0
163;special_project_facility_spawn;572.00;10.15;798.00;3.10;0
163;special_project_facility_spawn;534.00;10.07;695.00;6.28;0
163;special_project_facility_spawn;401.00;9.50;766.00;4.57;0
163;special_project_facility_spawn;507.00;10.05;680.00;0.47;0
163;special_project_facility_spawn;112.00;9.50;894.00;5.74;0
163;special_project_facility_spawn;473.00;9.50;700.00;5.51;0
163;special_project_facility_spawn;492.00;10.18;690.00;1.96;0
163;special_project_facility_spawn;698.00;9.93;578.00;5.23;0
163;special_project_facility_spawn;423.00;9.50;788.00;4.50;0
163;special_project_facility_spawn;452.00;9.78;712.00;0.88;0
163;special_project_facility_spawn;126.00;9.50;791.00;0.10;0
163;special_project_facility_spawn;367.00;9.50;1267.00;2.65;0
163;special_project_facility_spawn;490.00;9.80;703.00;3.31;0
163;special_project_facility_spawn;119.00;9.50;916.00;5.11;0
163;special_project_facility_spawn;105.00;9.50;827.00;6.26;0
163;special_project_facility_spawn;313.00;9.50;814.00;1.82;0
163;special_project_facility_spawn;459.00;9.73;577.00;0.71;0
163;special_project_facility_spawn;556.00;9.82;664.00;2.37;0
163;rocket_site_spawn;388.00;9.50;1250.00;5.42;0
163;floating_harbor;399.88;9.50;1233.18;-2.55;1591
163;floating_harbor;356.00;9.50;1284.00;-1.57;1670
163;floating_harbor;375.00;9.50;1279.00;0.00;1726
163;floating_harbor;334.00;9.50;1294.00;-1.57;1749
163;floating_harbor;94.00;9.50;193.00;-2.06;1792
163;floating_harbor;467.00;9.50;709.00;-1.57;1805
163;floating_harbor;507.00;9.50;709.00;-1.11;1807
163;floating_harbor;114.00;9.50;738.00;-1.57;1819
163;floating_harbor;494.95;9.50;696.95;-0.79;1831
163;floating_harbor;121.95;9.50;738.95;-0.79;1841
163;floating_harbor;490.00;9.50;698.00;-1.57;1878
163;floating_harbor;564.00;9.50;663.00;-1.57;1945
163;floating_harbor;507.00;9.50;709.00;-1.40;1946
163;floating_harbor;502.00;9.50;691.00;0.00;1966
163;floating_harbor;516.00;9.50;695.00;0.00;1967
163;floating_harbor;586.95;9.50;790.95;-0.79;2006
163;floating_harbor;186.00;9.50;841.00;-1.24;2007
163;floating_harbor;112.00;9.50;901.00;0.00;2008
163;floating_harbor;580.00;9.50;798.00;-1.57;2058
163;floating_harbor;301.00;9.50;1273.00;1.48;2069
163;floating_harbor;467.00;9.50;577.00;-1.57;2092
163;floating_harbor;818.00;9.50;569.00;-1.65;2093
163;floating_harbor;73.00;9.50;668.00;-0.07;2094
163;floating_harbor;88.00;9.50;678.00;0.00;2096
163;floating_harbor;507.00;9.50;709.00;1.09;2098
163;floating_harbor;405.95;9.50;771.95;-0.79;2099
163;floating_harbor;531.00;9.50;681.00;-1.57;2130
163;floating_harbor;140.00;9.50;728.00;-1.57;2131
163;floating_harbor;105.00;9.50;834.00;0.00;2132
163;floating_harbor;322.00;9.50;1291.00;-1.57;2140
163;floating_harbor;529.95;9.50;696.95;-0.79;2165
163;floating_harbor;507.00;9.50;709.00;-1.23;2166
163;floating_harbor;452.00;9.50;719.00;0.00;2167
163;floating_harbor;593.00;9.50;911.00;-0.94;2169
163;floating_harbor;186.00;9.50;841.00;-0.88;2171
163;floating_harbor;118.00;9.50;923.00;0.00;2173
163;floating_harbor;161.00;9.50;1215.00;0.00;2180
163;floating_harbor;367.95;9.50;1282.95;-0.79;2182
163;floating_harbor;144.00;9.50;668.00;0.00;2209
163;floating_harbor;563.95;9.50;674.95;-0.79;2210
163;floating_harbor;495.95;9.50;680.95;-0.79;2211
163;floating_harbor;507.00;9.50;709.00;-0.44;2212
163;floating_harbor;500.95;9.50;703.95;-0.79;2213
163;floating_harbor;477.95;9.50;710.95;-0.79;2217
163;floating_harbor;488.95;9.50;724.95;-0.79;2218
163;floating_harbor;593.00;9.50;911.00;-0.09;2219
163;floating_harbor;132.95;9.50;915.95;-0.79;2222
163;floating_harbor;57.00;9.50;965.00;-1.57;2225
163;floating_harbor;818.00;9.50;569.00;-1.49;2265
163;floating_harbor;1000.00;9.50;587.00;0.00;2266
163;floating_harbor;507.00;9.50;709.00;0.00;2267
163;floating_harbor;507.00;9.50;709.00;-1.31;2268
163;floating_harbor;206.95;9.50;791.95;-0.79;2270
163;floating_harbor;186.00;9.50;841.00;1.36;2272
163;floating_harbor;186.00;9.50;841.00;-2.45;2276
163;floating_harbor;292.00;9.50;926.00;-1.57;2279
164;arms_factory;2588.00;10.20;1106.00;6.23;0
164;arms_factory;2588.00;9.85;1122.00;3.92;0
164;arms_factory;2581.00;9.88;1078.00;0.78;0
164;arms_factory;2576.00;10.23;1138.00;0.12;0
164;arms_factory;2590.00;10.00;1136.00;3.23;0
164;arms_factory;2596.00;9.80;1125.00;1.49;0
164;industrial_complex;2582.00;9.95;1135.00;3.02;0
164;industrial_complex;2584.00;9.88;1085.00;5.38;0
164;industrial_complex;2593.00;9.70;1146.00;6.19;0
164;industrial_complex;2587.00;9.85;1080.00;2.49;0
164;industrial_complex;2587.00;9.90;1074.00;1.04;0
164;industrial_complex;2596.00;9.75;1143.00;2.95;0
164;air_base;2588.00;9.88;1126.00;3.99;0
164;supply_node;2584.00;9.93;1111.00;4.50;0
164;bunker;2599.00;9.82;1122.00;2.08;0
164;coastal_bunker;2577.00;9.50;1058.00;0.00;0
164;stronghold_network;2588.00;10.12;1107.00;0.97;0
164;dockyard;2576.00;9.50;1058.00;0.00;0
164;anti_air_building;2586.00;9.88;1121.00;0.79;0
164;anti_air_building;2585.00;10.00;1135.00;2.01;0
164;anti_air_building;2583.00;9.88;1076.00;0.23;0
164;synthetic_refinery;2596.00;9.75;1143.00;0.27;0
164;fuel_silo;2595.00;10.10;1132.00;5.76;0
164;radar_station;2584.00;10.03;1108.00;1.27;0
164;naval_supply_hub;2580.00;9.57;1059.00;0.00;0
164;naval_headquarters;2585.00;9.50;1059.00;0.00;0
164;nuclear_reactor_spawn;2574.00;10.30;1136.00;6.25;0
164;special_project_facility_spawn;2583.00;9.98;1134.00;0.59;0
164;rocket_site_spawn;2571.00;10.30;1131.00;0.62;0
164;floating_harbor;2584.00;9.50;1051.00;-3.14;2747
165;arms_factory;2198.00;9.55;1199.00;0.78;0
165;arms_factory;2198.00;9.55;1199.00;0.12;0
165;arms_factory;2210.00;9.73;1200.00;3.23;0
165;arms_factory;2209.00;9.68;1201.00;1.49;0
165;arms_factory;2198.00;9.55;1199.00;3.02;0
165;arms_factory;2197.00;9.50;1197.00;5.38;0
165;industrial_complex;2209.00;9.68;1201.00;6.19;0
165;industrial_complex;2198.00;9.78;1198.00;2.49;0
165;industrial_complex;2222.00;9.53;1218.00;1.04;0
165;industrial_complex;2210.00;9.73;1200.00;2.95;0
165;industrial_complex;2198.00;9.55;1199.00;3.99;0
165;industrial_complex;2200.00;9.73;1198.00;0.21;0
165;air_base;2188.00;9.60;1234.00;2.08;0
165;supply_node;2209.00;9.50;1200.00;0.17;0
165;supply_node;2187.00;9.60;1233.00;0.61;0
165;supply_node;2222.00;9.53;1217.00;1.46;0
165;supply_node;2198.00;9.50;1197.00;1.61;0
165;bunker;2199.00;9.80;1199.00;2.01;0
165;bunker;2209.00;9.68;1201.00;0.23;0
165;bunker;2186.00;9.57;1233.00;0.27;0
165;bunker;2222.00;9.53;1217.00;5.76;0
165;coastal_bunker;2223.00;9.50;1219.00;-1.57;0
165;coastal_bunker;2189.00;9.50;1233.00;-1.57;0
165;coastal_bunker;2199.00;9.80;1199.00;-3.93;0
165;coastal_bunker;2209.00;9.65;1202.00;-3.93;0
165;stronghold_network;2198.00;9.78;1198.00;0.59;0
165;dockyard;2208.00;9.50;1202.00;-3.93;0
165;anti_air_building;2197.00;9.50;1197.00;5.23;0
165;anti_air_building;2198.00;9.50;1197.00;3.07;0
165;anti_air_building;2200.00;9.73;1198.00;0.18;0
165;synthetic_refinery;2199.00;9.50;1197.00;4.34;0
165;fuel_silo;2200.00;9.50;1197.00;1.94;0
165;radar_station;2208.00;9.50;1204.00;2.81;0
165;naval_supply_hub;2199.00;9.80;1199.00;-3.93;0
165;naval_supply_hub;2224.00;9.50;1218.00;-1.57;0
165;naval_supply_hub;2212.00;9.70;1200.00;-3.93;0
165;naval_supply_hub;2187.00;9.60;1234.00;-1.57;0
165;naval_headquarters;2211.00;9.50;1198.00;-3.93;0
165;naval_headquarters;2220.00;9.50;1217.00;-1.57;0
165;naval_headquarters;2200.00;9.73;1198.00;-3.93;0
165;naval_headquarters;2185.00;9.50;1231.00;-1.57;0
165;nuclear_reactor_spawn;2200.00;9.50;1197.00;5.43;0
165;special_project_facility_spawn;2200.00;9.73;1198.00;4.92;0
165;special_project_facility_spawn;2209.00;9.68;1201.00;2.28;0
165;special_project_facility_spawn;2186.00;9.57;1233.00;5.46;0
165;special_project_facility_spawn;2222.00;9.53;1218.00;2.25;0
165;rocket_site_spawn;2222.00;9.53;1217.00;0.78;0
165;floating_harbor;2214.95;9.50;1205.95;-0.79;1907
165;floating_harbor;2199.00;9.50;1313.00;-0.15;1951
165;floating_harbor;2254.00;9.50;1196.00;-2.15;2014
165;floating_harbor;2203.95;9.50;1202.95;-0.79;2231
166;arms_factory;4521.00;10.38;374.00;3.23;0
166;arms_factory;4518.00;9.90;374.00;1.49;0
166;arms_factory;4693.00;10.25;395.00;3.02;0
166;arms_factory;4522.00;9.90;371.00;5.38;0
166;arms_factory;4612.00;10.60;321.00;6.19;0
166;arms_factory;4197.00;9.75;433.00;2.49;0
166;industrial_complex;4518.00;10.03;371.00;1.04;0
166;industrial_complex;4193.00;9.55;435.00;2.95;0
166;industrial_complex;4521.00;10.10;372.00;3.99;0
166;industrial_complex;4617.00;13.32;324.00;0.21;0
166;industrial_complex;4721.00;10.03;513.00;2.08;0
166;industrial_complex;4693.00;10.15;394.00;0.79;0
166;air_base;4722.00;10.45;508.00;0.97;0
166;supply_node;4612.00;10.93;323.00;1.46;0
166;supply_node;4722.00;10.20;511.00;1.61;0
166;supply_node;4518.00;9.95;370.00;4.52;0
166;supply_node;4409.00;9.60;760.00;5.09;0
166;supply_node;4194.00;9.60;433.00;4.41;0
166;supply_node;4694.00;10.20;397.00;1.82;0
166;bunker;4512.00;9.73;367.00;5.90;0
166;bunker;4612.00;11.18;324.00;4.05;0
166;bunker;4409.00;9.60;760.00;3.98;0
166;bunker;4197.00;9.75;433.00;6.25;0
166;bunker;4694.00;10.05;395.00;0.59;0
166;bunker;4722.00;10.45;508.00;0.62;0
166;coastal_bunker;4695.00;9.88;395.00;1.57;0
166;coastal_bunker;4510.00;9.50;367.00;-0.79;0
166;coastal_bunker;4722.00;9.82;517.00;-4.25;0
166;coastal_bunker;4414.00;9.53;764.00;-3.14;0
166;coastal_bunker;4609.00;10.65;316.00;-0.46;0
166;coastal_bunker;4192.00;9.50;436.00;-1.57;0
166;stronghold_network;4195.00;9.65;434.00;0.08;0
166;dockyard;4726.00;9.88;506.00;-4.25;0
166;anti_air_building;4193.00;9.55;429.00;4.21;0
166;anti_air_building;4514.00;9.80;367.00;2.39;0
166;anti_air_building;4614.00;11.90;322.00;1.38;0
166;synthetic_refinery;4693.00;10.15;394.00;5.82;0
166;fuel_silo;4722.00;10.45;507.00;1.34;0
166;radar_station;4518.00;9.80;377.00;3.73;0
166;naval_supply_hub;4413.00;9.55;764.00;-3.14;0
166;naval_supply_hub;4616.00;9.95;318.00;-0.46;0
166;naval_supply_hub;4518.00;9.50;368.00;-0.79;0
166;naval_supply_hub;4192.00;9.50;428.00;-1.57;0
166;naval_supply_hub;4725.00;9.85;511.00;-4.25;0
166;naval_supply_hub;4697.00;9.88;401.00;1.57;0
166;naval_headquarters;4192.00;9.50;436.00;-1.57;0
166;naval_headquarters;4525.00;9.55;371.00;-0.79;0
166;naval_headquarters;4723.00;9.80;513.00;-4.25;0
166;naval_headquarters;4403.00;9.50;759.00;-3.14;0
166;naval_headquarters;4612.00;9.50;318.00;-0.46;0
166;naval_headquarters;4697.00;9.55;397.00;1.57;0
166;nuclear_reactor_spawn;4615.00;13.43;328.00;2.75;0
166;special_project_facility_spawn;4721.00;10.60;507.00;3.00;0
166;special_project_facility_spawn;4194.00;9.60;437.00;2.07;0
166;special_project_facility_spawn;4517.00;9.90;371.00;2.77;0
166;special_project_facility_spawn;4613.00;11.20;321.00;2.99;0
166;special_project_facility_spawn;4696.00;10.07;399.00;3.61;0
166;special_project_facility_spawn;4413.00;9.60;762.00;2.24;0
166;rocket_site_spawn;4694.00;10.40;399.00;0.19;0
166;floating_harbor;4605.87;9.50;310.74;-3.61;1279
166;floating_harbor;4730.26;9.50;515.13;-1.11;1288
166;floating_harbor;4512.05;9.50;364.05;-3.93;1303
166;floating_harbor;4409.00;9.50;769.00;0.00;1304
166;floating_harbor;4185.00;9.50;433.00;1.57;1331
166;floating_harbor;4703.00;9.50;397.00;-1.57;1371
167;arms_factory;2476.00;9.50;703.00;3.02;0
167;arms_factory;2473.00;9.50;703.00;5.38;0
167;arms_factory;2474.00;9.50;702.00;6.19;0
167;arms_factory;2473.00;9.50;703.00;2.49;0
167;arms_factory;2474.00;9.50;703.00;1.04;0
167;arms_factory;2474.00;9.50;703.00;2.95;0
167;industrial_complex;2476.00;9.73;704.00;3.99;0
167;industrial_complex;2474.00;9.50;703.00;0.21;0
167;industrial_complex;2476.00;9.73;704.00;2.08;0
167;industrial_complex;2475.00;9.50;703.00;0.79;0
167;industrial_complex;2475.00;9.50;703.00;0.97;0
167;industrial_complex;2475.00;9.50;703.00;0.26;0
167;air_base;2474.00;9.50;702.00;0.79;0
167;supply_node;2474.00;9.50;703.00;4.52;0
167;bunker;2474.00;9.50;703.00;0.23;0
167;coastal_bunker;2475.00;9.50;705.00;-3.93;0
167;stronghold_network;2475.00;9.75;704.00;5.76;0
167;dockyard;2476.00;9.73;705.00;-3.93;0
167;anti_air_building;2474.00;9.50;704.00;4.05;0
167;anti_air_building;2474.00;9.50;702.00;3.98;0
167;anti_air_building;2475.00;9.75;704.00;6.25;0
167;synthetic_refinery;2474.00;9.50;703.00;0.59;0
167;fuel_silo;2475.00;9.50;703.00;0.62;0
167;radar_station;2475.00;9.75;704.00;4.64;0
167;naval_supply_hub;2474.00;9.50;702.00;-3.93;0
167;naval_headquarters;2476.00;9.50;703.00;-3.93;0
167;nuclear_reactor_spawn;2476.00;9.50;703.00;4.34;0
167;special_project_facility_spawn;2474.00;9.50;702.00;1.94;0
167;rocket_site_spawn;2475.00;9.50;703.00;5.63;0
167;floating_harbor;2479.95;9.50;708.95;-0.79;2216
168;arms_factory;2565.00;10.20;1083.00;6.19;0
168;arms_factory;2563.00;10.48;1108.00;2.49;0
168;arms_factory;2569.00;10.15;1065.00;1.04;0
168;arms_factory;2560.00;10.55;1115.00;2.95;0
168;arms_factory;2562.00;9.93;1098.00;3.99;0
168;arms_factory;2568.00;10.12;1091.00;0.21;0
168;industrial_complex;2568.00;10.05;1107.00;2.08;0
168;industrial_complex;2569.00;10.35;1080.00;0.79;0
168;industrial_complex;2570.00;10.07;1065.00;0.97;0
168;industrial_complex;2562.00;10.03;1095.00;0.26;0
168;industrial_complex;2562.00;10.48;1106.00;0.79;0
168;industrial_complex;2570.00;10.23;1089.00;2.01;0
168;air_base;2573.00;10.18;1078.00;0.23;0
168;supply_node;2564.00;10.12;1092.00;4.41;0
168;bunker;2571.00;10.23;1078.00;5.76;0
168;coastal_bunker;2568.00;9.50;1055.00;0.21;0
168;stronghold_network;2559.00;10.48;1121.00;4.05;0
168;dockyard;2573.00;9.50;1057.00;0.21;0
168;anti_air_building;2572.00;10.23;1102.00;6.25;0
168;anti_air_building;2561.00;10.12;1093.00;0.59;0
168;anti_air_building;2558.00;10.40;1123.00;0.62;0
168;synthetic_refinery;2572.00;10.40;1093.00;5.23;0
168;fuel_silo;2563.00;10.15;1093.00;3.07;0
168;radar_station;2563.00;10.03;1095.00;1.85;0
168;naval_supply_hub;2573.00;9.50;1057.00;0.21;0
168;naval_headquarters;2572.00;9.50;1056.00;0.21;0
168;nuclear_reactor_spawn;2572.00;10.40;1093.00;5.63;0
168;special_project_facility_spawn;2569.00;10.43;1102.00;0.08;0
168;rocket_site_spawn;2569.00;10.15;1065.00;4.53;0
168;floating_harbor;2573.48;9.50;1048.16;-2.93;2746
169;arms_factory;2956.00;10.05;476.00;1.04;0
169;arms_factory;2945.00;10.20;477.00;2.95;0
169;arms_factory;2944.00;10.68;457.00;3.99;0
169;arms_factory;2961.00;10.05;474.00;0.21;0
169;arms_factory;2941.00;10.20;466.00;2.08;0
169;arms_factory;2948.00;10.28;469.00;0.79;0
169;industrial_complex;2960.00;10.03;480.00;0.97;0
169;industrial_complex;2958.00;10.00;489.00;0.26;0
169;industrial_complex;2961.00;10.10;473.00;0.79;0
169;industrial_complex;2959.00;10.00;482.00;2.01;0
169;industrial_complex;2955.00;10.10;474.00;0.23;0
169;industrial_complex;2945.00;10.20;477.00;0.27;0
169;air_base;2936.00;10.30;470.00;5.76;0
169;supply_node;2950.00;10.15;474.00;1.27;0
169;bunker;2958.00;10.20;469.00;4.05;0
169;stronghold_network;2945.00;10.25;478.00;3.98;0
169;anti_air_building;2958.00;10.00;488.00;6.25;0
169;anti_air_building;2951.00;10.18;471.00;0.59;0
169;anti_air_building;2956.00;10.10;473.00;0.62;0
169;synthetic_refinery;2959.00;10.00;487.00;5.23;0
169;fuel_silo;2953.00;10.10;480.00;3.07;0
169;radar_station;2950.00;10.15;475.00;1.85;0
169;nuclear_reactor_spawn;2944.00;10.65;459.00;4.34;0
169;special_project_facility_spawn;2946.00;10.20;483.00;1.94;0
169;rocket_site_spawn;2959.00;10.00;476.00;5.63;0
170;arms_factory;3001.00;10.23;526.00;3.99;0
170;arms_factory;2995.00;10.35;527.00;0.21;0
170;arms_factory;3001.00;10.30;524.00;2.08;0
170;arms_factory;2998.00;10.20;514.00;0.79;0
170;arms_factory;2999.00;10.38;521.00;0.97;0
170;arms_factory;2994.00;10.35;528.00;0.26;0
170;industrial_complex;2996.00;10.38;519.00;0.79;0
170;industrial_complex;2998.00;10.30;520.00;2.01;0
170;industrial_complex;3003.00;10.30;523.00;0.23;0
170;industrial_complex;2999.00;10.23;531.00;0.27;0
170;industrial_complex;2998.00;10.25;532.00;5.76;0
170;industrial_complex;3001.00;10.45;522.00;5.90;0
170;air_base;2996.00;10.40;522.00;4.05;0
170;supply_node;2998.00;10.43;524.00;5.22;0
170;bunker;2991.00;10.30;526.00;6.25;0
170;stronghold_network;3000.00;10.15;530.00;0.59;0
170;anti_air_building;3003.00;10.25;524.00;0.62;0
170;anti_air_building;3003.00;10.10;529.00;5.23;0
170;anti_air_building;2997.00;10.30;529.00;3.07;0
170;synthetic_refinery;2997.00;10.45;524.00;0.18;0
170;fuel_silo;2999.00;10.20;514.00;4.34;0
170;radar_station;2998.00;10.40;525.00;3.38;0
170;nuclear_reactor_spawn;2999.00;10.23;530.00;5.63;0
170;special_project_facility_spawn;2993.00;10.38;526.00;0.08;0
170;rocket_site_spawn;2996.00;10.35;526.00;4.53;0
171;arms_factory;4285.00;9.80;1579.00;2.08;0
171;arms_factory;4241.00;9.62;1385.00;0.79;0
171;arms_factory;4170.00;9.50;1323.00;0.97;0
171;arms_factory;4227.00;9.60;1360.00;0.26;0
171;arms_factory;4216.00;11.25;1618.00;0.79;0
171;arms_factory;4275.00;9.95;1448.00;2.01;0
171;industrial_complex;4277.00;9.70;1447.00;0.23;0
171;industrial_complex;4244.00;9.65;1378.00;0.27;0
171;industrial_complex;4241.00;9.70;1381.00;5.76;0
171;industrial_complex;4159.00;9.50;1320.00;5.90;0
171;industrial_complex;4286.00;9.75;1577.00;4.05;0
171;industrial_complex;4220.00;10.32;1618.00;3.98;0
171;air_base;4218.00;11.00;1619.00;6.25;0
171;supply_node;4256.00;9.68;1480.00;4.56;0
171;supply_node;4166.00;9.50;1318.00;4.60;0
171;bunker;4220.00;10.50;1619.00;5.23;0
171;bunker;4168.00;9.50;1319.00;3.07;0
171;coastal_bunker;4234.00;9.62;1360.00;0.08;0
171;coastal_bunker;4167.00;9.50;1318.00;-3.93;0
171;stronghold_network;4261.00;10.03;1415.00;1.94;0
171;dockyard;4264.00;9.50;1485.00;-3.48;0
171;anti_air_building;4245.00;9.80;1387.00;0.08;0
171;anti_air_building;4227.00;9.60;1360.00;4.53;0
171;anti_air_building;4167.00;9.50;1319.00;4.21;0
171;synthetic_refinery;4262.00;10.00;1413.00;2.39;0
171;fuel_silo;4218.00;10.20;1614.00;1.38;0
171;radar_station;4255.00;9.82;1481.00;5.47;0
171;naval_supply_hub;4278.00;9.62;1447.00;-3.48;0
171;naval_supply_hub;4167.00;9.50;1320.00;-3.93;0
171;naval_headquarters;4171.00;9.50;1320.00;-0.53;0
171;naval_headquarters;4167.00;9.50;1319.00;-3.93;0
171;nuclear_reactor_spawn;4276.00;9.80;1446.00;2.28;0
171;special_project_facility_spawn;4244.00;9.68;1379.00;5.46;0
171;special_project_facility_spawn;4166.00;9.50;1319.00;2.25;0
171;rocket_site_spawn;4244.00;9.73;1386.00;0.78;0
171;floating_harbor;4287.34;9.50;1588.60;-0.34;444
171;floating_harbor;4145.00;9.50;1224.00;-3.37;2291
172;arms_factory;3698.00;10.40;1095.00;0.97;0
172;arms_factory;3692.00;10.80;1075.00;0.26;0
172;arms_factory;3689.00;10.15;1098.00;0.79;0
172;arms_factory;3689.00;10.03;1065.00;2.01;0
172;arms_factory;3704.00;10.73;1070.00;0.23;0
172;arms_factory;3703.00;11.07;1075.00;0.27;0
172;industrial_complex;3704.00;10.55;1080.00;5.76;0
172;industrial_complex;3693.00;10.73;1085.00;5.90;0
172;industrial_complex;3694.00;10.43;1055.00;4.05;0
172;industrial_complex;3699.00;10.93;1071.00;3.98;0
172;industrial_complex;3698.00;10.23;1057.00;6.25;0
172;industrial_complex;3689.00;10.32;1079.00;0.59;0
172;air_base;3702.00;10.93;1069.00;0.62;0
172;supply_node;3708.00;10.30;1071.00;4.64;0
172;supply_node;3698.00;10.80;1070.00;5.40;0
172;supply_node;3689.00;10.15;1082.00;1.85;0
172;bunker;3689.00;10.03;1064.00;4.34;0
172;bunker;3708.00;10.20;1073.00;1.94;0
172;bunker;3702.00;10.25;1061.00;5.63;0
172;coastal_bunker;3687.00;9.95;1111.00;-2.68;0
172;coastal_bunker;3712.00;9.73;1070.00;-4.25;0
172;coastal_bunker;3703.00;9.75;1093.00;-3.31;0
172;stronghold_network;3691.00;10.38;1055.00;2.39;0
172;dockyard;3684.00;9.50;1087.00;-2.68;0
172;anti_air_building;3698.00;10.32;1059.00;5.82;0
172;anti_air_building;3701.00;9.75;1054.00;1.34;0
172;anti_air_building;3693.00;10.60;1067.00;3.61;0
172;synthetic_refinery;3690.00;10.15;1060.00;5.43;0
172;fuel_silo;3699.00;10.40;1091.00;4.92;0
172;radar_station;3698.00;11.03;1080.00;3.08;0
172;naval_supply_hub;3708.00;9.65;1057.00;-3.31;0
172;naval_supply_hub;3711.00;9.50;1060.00;-4.25;0
172;naval_supply_hub;3691.00;9.50;1050.00;-2.68;0
172;naval_headquarters;3710.00;9.82;1076.00;-4.25;0
172;naval_headquarters;3702.00;9.85;1093.00;-3.31;0
172;naval_headquarters;3686.00;9.93;1111.00;-2.68;0
172;nuclear_reactor_spawn;3693.00;10.73;1099.00;2.57;0
172;special_project_facility_spawn;3701.00;10.62;1082.00;3.52;0
172;special_project_facility_spawn;3691.00;10.30;1089.00;4.83;0
172;special_project_facility_spawn;3707.00;10.38;1070.00;2.75;0
172;rocket_site_spawn;3685.00;9.65;1071.00;3.00;0
172;floating_harbor;3716.26;9.50;1075.13;-1.11;1541
172;floating_harbor;3703.20;9.50;1099.90;-0.17;1542
172;floating_harbor;3683.87;9.50;1092.26;0.46;1543
173;arms_factory;1695.00;10.57;1094.00;0.79;0
173;arms_factory;1726.00;12.62;1055.00;2.01;0
173;arms_factory;1766.00;10.62;1065.00;0.23;0
173;arms_factory;1710.00;10.82;1066.00;0.27;0
173;arms_factory;1723.00;10.73;1006.00;5.76;0
173;arms_factory;1711.00;10.38;996.00;5.90;0
173;industrial_complex;1701.00;10.50;1063.00;4.05;0
173;industrial_complex;1718.00;10.93;1072.00;3.98;0
173;industrial_complex;1808.00;9.90;1033.00;6.25;0
173;industrial_complex;1692.00;10.35;1073.00;0.59;0
173;industrial_complex;1789.00;10.35;1042.00;0.62;0
173;industrial_complex;1691.00;10.40;1077.00;5.23;0
173;air_base;1758.00;11.82;1030.00;3.07;0
173;supply_node;1743.00;11.30;1042.00;1.85;0
173;bunker;1706.00;10.55;1077.00;4.34;0
173;coastal_bunker;1733.00;11.07;1074.00;-3.20;0
173;stronghold_network;1753.00;11.57;1031.00;5.63;0
173;dockyard;1727.00;10.68;1080.00;-3.20;0
173;anti_air_building;1766.00;11.82;1022.00;4.53;0
173;anti_air_building;1741.00;11.12;1026.00;4.21;0
173;anti_air_building;1691.00;10.40;1070.00;2.39;0
173;synthetic_refinery;1779.00;11.35;1044.00;1.38;0
173;fuel_silo;1727.00;10.40;998.00;5.82;0
173;radar_station;1749.00;13.18;1051.00;3.69;0
173;naval_supply_hub;1785.00;9.68;1063.00;-3.20;0
173;naval_headquarters;1811.00;9.53;1049.00;-4.62;0
173;nuclear_reactor_spawn;1738.00;13.55;1055.00;4.92;0
173;special_project_facility_spawn;1758.00;10.68;1063.00;2.28;0
173;rocket_site_spawn;1713.00;10.88;1087.00;5.46;0
173;floating_harbor;1745.42;9.50;1081.99;-0.06;912
174;arms_factory;4173.00;9.50;1024.00;0.23;0
174;arms_factory;4174.00;9.50;1025.00;0.27;0
174;arms_factory;4177.00;9.50;1024.00;5.76;0
174;arms_factory;4175.00;9.50;1025.00;5.90;0
174;arms_factory;4176.00;9.50;1026.00;4.05;0
174;arms_factory;4176.00;9.50;1025.00;3.98;0
174;industrial_complex;4177.00;9.50;1024.00;6.25;0
174;industrial_complex;4184.00;9.55;1025.00;0.59;0
174;industrial_complex;4174.00;9.50;1024.00;0.62;0
174;industrial_complex;4174.00;9.50;1026.00;5.23;0
174;industrial_complex;4177.00;9.55;1020.00;3.07;0
174;industrial_complex;4175.00;9.50;1024.00;0.18;0
174;air_base;4175.00;9.50;1024.00;4.34;0
174;supply_node;4177.00;9.50;1025.00;3.38;0
174;bunker;4174.00;9.50;1026.00;5.63;0
174;coastal_bunker;4183.00;9.50;1034.00;-3.14;0
174;stronghold_network;4177.00;9.50;1024.00;4.53;0
174;dockyard;4180.00;9.50;1032.00;-3.14;0
174;anti_air_building;4177.00;9.50;1022.00;2.39;0
174;anti_air_building;4175.00;9.50;1021.00;1.38;0
174;anti_air_building;4177.00;9.50;1021.00;5.82;0
174;synthetic_refinery;4175.00;9.50;1023.00;1.34;0
174;fuel_silo;4175.00;9.50;1021.00;3.61;0
174;radar_station;4179.00;9.50;1026.00;3.52;0
174;naval_supply_hub;4180.00;9.50;1032.00;-3.14;0
174;naval_headquarters;4171.00;9.50;1026.00;-3.14;0
174;nuclear_reactor_spawn;4175.00;9.50;1024.00;5.46;0
174;special_project_facility_spawn;4176.00;9.50;1026.00;2.25;0
174;rocket_site_spawn;4176.00;9.50;1024.00;0.78;0
174;floating_harbor;4177.00;9.50;1037.00;0.00;1428
175;arms_factory;2372.00;9.60;1079.00;5.76;0
175;arms_factory;2371.00;9.50;1077.00;5.90;0
175;arms_factory;2371.00;9.50;1077.00;4.05;0
175;arms_factory;2370.00;9.50;1079.00;3.98;0
175;arms_factory;2372.00;9.60;1079.00;6.25;0
175;arms_factory;2370.00;9.50;1078.00;0.59;0
175;industrial_complex;2371.00;9.50;1077.00;0.62;0
175;industrial_complex;2373.00;9.60;1079.00;5.23;0
175;industrial_complex;2372.00;9.60;1078.00;3.07;0
175;industrial_complex;2372.00;9.50;1077.00;0.18;0
175;industrial_complex;2370.00;9.50;1079.00;4.34;0
175;industrial_complex;2372.00;9.60;1078.00;1.94;0
175;air_base;2373.00;9.60;1079.00;5.63;0
175;supply_node;2371.00;9.50;1078.00;5.76;0
175;bunker;2370.00;9.50;1078.00;4.53;0
175;coastal_bunker;2371.00;9.60;1079.00;-1.57;0
175;stronghold_network;2372.00;9.50;1076.00;2.39;0
175;dockyard;2371.00;9.50;1077.00;-1.57;0
175;anti_air_building;2369.00;9.50;1078.00;5.82;0
175;anti_air_building;2369.00;9.50;1078.00;1.34;0
175;anti_air_building;2371.00;9.50;1077.00;3.61;0
175;synthetic_refinery;2370.00;9.50;1079.00;5.43;0
175;fuel_silo;2373.00;9.60;1079.00;4.92;0
175;radar_station;2371.00;9.50;1078.00;3.08;0
175;naval_supply_hub;2370.00;9.50;1079.00;-1.57;0
175;naval_headquarters;2373.00;9.50;1078.00;-1.57;0
175;nuclear_reactor_spawn;2369.00;9.50;1078.00;0.78;0
175;special_project_facility_spawn;2372.00;9.50;1077.00;4.57;0
175;rocket_site_spawn;2372.00;9.60;1078.00;5.44;0
175;floating_harbor;2317.00;9.50;1046.00;-4.18;2134
176;arms_factory;1664.00;9.73;1518.00;4.05;0
176;arms_factory;1664.00;9.73;1518.00;3.98;0
176;arms_factory;1664.00;9.73;1518.00;6.25;0
176;arms_factory;1663.00;9.73;1517.00;0.59;0
176;arms_factory;1664.00;9.50;1516.00;0.62;0
176;arms_factory;1665.00;9.50;1519.00;5.23;0
176;industrial_complex;1662.00;9.50;1517.00;3.07;0
176;industrial_complex;1664.00;9.73;1518.00;0.18;0
176;industrial_complex;1663.00;9.50;1516.00;4.34;0
176;industrial_complex;1663.00;9.73;1517.00;1.94;0
176;industrial_complex;1662.00;9.50;1517.00;5.63;0
176;industrial_complex;1665.00;9.50;1519.00;0.08;0
176;air_base;1663.00;9.50;1516.00;4.53;0
176;supply_node;1663.00;9.73;1517.00;3.38;0
176;bunker;1663.00;9.73;1517.00;2.39;0
176;coastal_bunker;1664.00;9.50;1519.00;-3.93;0
176;stronghold_network;1664.00;9.73;1518.00;5.82;0
176;dockyard;1663.00;9.50;1516.00;-3.93;0
176;anti_air_building;1663.00;9.50;1518.00;3.61;0
176;anti_air_building;1664.00;9.50;1519.00;5.43;0
176;anti_air_building;1663.00;9.73;1517.00;4.92;0
176;synthetic_refinery;1663.00;9.50;1518.00;2.28;0
176;fuel_silo;1664.00;9.73;1518.00;5.46;0
176;radar_station;1664.00;9.50;1519.00;4.40;0
176;naval_supply_hub;1665.00;9.50;1519.00;-3.93;0
176;naval_headquarters;1665.00;9.50;1519.00;-3.93;0
176;nuclear_reactor_spawn;1665.00;9.50;1520.00;5.44;0
176;special_project_facility_spawn;1662.00;9.50;1517.00;1.58;0
176;rocket_site_spawn;1665.00;9.50;1519.00;2.57;0
176;floating_harbor;1668.95;9.50;1522.95;-0.79;2189
177;arms_factory;4025.00;9.50;974.00;6.25;0
177;arms_factory;4024.00;9.50;975.00;0.59;0
177;arms_factory;4025.00;9.50;974.00;0.62;0
177;arms_factory;4026.00;9.50;974.00;5.23;0
177;arms_factory;4023.00;9.50;975.00;3.07;0
177;arms_factory;4026.00;9.50;974.00;0.18;0
177;industrial_complex;4023.00;9.50;974.00;4.34;0
177;industrial_complex;4023.00;9.50;975.00;1.94;0
177;industrial_complex;4026.00;9.50;974.00;5.63;0
177;industrial_complex;4026.00;9.50;974.00;0.08;0
177;industrial_complex;4025.00;9.50;974.00;4.53;0
177;industrial_complex;4024.00;9.50;973.00;4.21;0
177;air_base;4023.00;9.50;975.00;2.39;0
177;supply_node;4024.00;9.50;974.00;2.27;0
177;bunker;4023.00;9.50;975.00;5.82;0
177;coastal_bunker;4025.00;9.50;975.00;-1.57;0
177;stronghold_network;4024.00;9.50;975.00;3.61;0
177;dockyard;4025.00;9.50;974.00;-1.57;0
177;anti_air_building;4026.00;9.50;974.00;4.92;0
177;anti_air_building;4025.00;9.50;974.00;2.28;0
177;anti_air_building;4025.00;9.50;975.00;5.46;0
177;synthetic_refinery;4025.00;9.50;974.00;2.25;0
177;fuel_silo;4024.00;9.50;973.00;0.78;0
177;radar_station;4025.00;9.50;974.00;1.59;0
177;naval_supply_hub;4023.00;9.50;975.00;-1.57;0
177;naval_headquarters;4025.00;9.50;975.00;-1.57;0
177;nuclear_reactor_spawn;4022.00;9.50;974.00;2.57;0
177;special_project_facility_spawn;4024.00;9.50;973.00;3.52;0
177;rocket_site_spawn;4022.00;9.50;974.00;4.83;0
177;floating_harbor;4075.00;9.50;951.00;-1.99;2282